date,p5,p25,p50,p75,p95
2026-05-29,163.2397,163.2397,163.2397,163.2397,163.2397
2026-06-01,160.93543360360863,162.35415224560174,163.44944841212163,164.46953518443064,166.1693839754399
2026-06-02,159.99889975915417,162.39255061279903,163.64589683009234,165.12539676481708,167.6322890900711
2026-06-03,159.45526536420212,162.14085329469975,163.8019755974601,165.76629915773475,168.68118994001475
2026-06-04,158.85280218495456,161.97836758042837,163.9384393801889,166.08543117791234,169.6748903771321
2026-06-05,158.07032085984926,161.70531605667173,164.09596152711757,166.60031213325388,170.3207791055238
2026-06-08,157.56601450967187,161.58318542617022,164.19296430938226,166.94744384015155,171.09210968608647
2026-06-09,157.21144300701013,161.5997252912842,164.40085978391141,167.27825630563072,171.66553464974263
2026-06-10,156.93953313355155,161.39614370146586,164.5422575262012,167.54983834194198,172.65320847225505
2026-06-11,156.79605540939124,161.47535041014774,164.6790180416323,167.9913495254913,173.68136730869546
2026-06-12,156.70005474845053,161.4353655538136,164.94183116134613,168.249478498938,173.82341771350866
2026-06-15,156.08398609009004,161.42734658072175,165.08035084350053,168.49015637612402,174.48625649891224
2026-06-16,155.9224495924821,161.23713854001895,165.21946175306766,169.03971566133148,174.94544635205742
2026-06-17,156.0298685101995,161.33098769405115,165.6529555853846,169.26227416043653,175.63494228263548
2026-06-18,156.32676194766069,161.37975965858413,165.8385645358447,169.73927677249628,176.1400340292998
2026-06-19,155.7523176187349,161.559012297041,165.9318477624036,170.06146414357775,176.85103505175817
2026-06-22,155.6403870343124,161.66225666428483,166.2390317673794,170.39334760956476,177.21583372774666
2026-06-23,155.56657029185678,161.65774259500012,166.44987102490956,170.44032297267876,177.84840997622175
2026-06-24,155.0583758698866,161.81841891573117,166.60690869764622,171.18994438318174,178.2883915005462
2026-06-25,155.05788263905848,162.02146769337554,166.6366952873548,171.47683448343787,178.55256415802867
2026-06-26,154.48708020802297,161.96334408653374,166.68654498828573,172.166233391779,179.74103778590637
2026-06-29,154.4064511745015,162.14035897441724,166.92198143880995,171.91137518426308,180.43396050582214
2026-06-30,154.3096810052501,162.34084078840272,167.07896448811456,172.71634710476903,180.90723153588164
2026-07-01,153.92859786265234,162.03047136259104,167.12165232079258,173.01035774914203,180.54193238364448
2026-07-02,154.40027721302218,161.89894932636935,167.23774328753802,173.251406191505,181.33180731108666
2026-07-03,153.90110356037775,161.79666436110475,167.59182843550002,173.4067365799421,181.63767792113862
2026-07-06,153.87399515654667,162.0148271203101,167.69173463370055,173.69332471161752,182.50720966487668
2026-07-07,154.010134833473,162.15011049960657,167.93439160758751,173.9906233319257,183.30203492382324
2026-07-08,153.73266598404473,162.22140063388514,168.0934702368903,174.3334172355079,183.72040584980192
2026-07-09,153.4409590802544,162.25433957853593,168.22366505457066,174.40858963816393,183.78451365695983
2026-07-10,153.6604018777009,162.56974780978544,168.42987546541528,174.97296891303256,184.2079591266543
2026-07-13,153.67775573251038,162.4356878497769,168.69041527379323,174.9834589423165,185.12100356532446
2026-07-14,153.37422672423477,162.40106621323136,168.66365355760826,175.31011922911918,184.85761670057926
2026-07-15,153.7954695486701,162.3939150255455,168.86223590869093,175.4492984409538,185.02582496476043
2026-07-16,153.7123488323843,162.28855534756096,169.25558075300614,175.9497980965461,185.9003775361676
2026-07-17,153.5976697182227,161.878054470028,169.419133474096,176.0679246428638,186.23826470614028
2026-07-20,153.0423579262361,162.0455499201969,169.89047356558984,176.2208861466167,186.49749619191326
2026-07-21,153.10675505583407,162.08051960996792,169.9801224930644,176.55418988388678,186.6047625302054
2026-07-22,152.60320321087838,162.2498964446856,169.79526176647485,176.74031039383016,186.94720139669056
2026-07-23,153.0541200104686,162.43049141401275,170.07702016995253,176.94662041182463,187.12030330336898
2026-07-24,153.57954498083515,162.6296621268851,170.18918687460558,177.26908711543777,187.9213225229283
2026-07-27,153.40645465112377,162.76540957693783,170.4876020685657,177.7359285246595,188.71001148876653
2026-07-28,153.65216802812301,163.00585970016255,170.98329916403551,177.8771520225458,189.48136077633967
2026-07-29,153.5160957028154,163.17880527719785,171.10187042347616,177.79499593115597,189.87958413645197
2026-07-30,153.46937934226355,163.43159011600883,171.14148398942396,178.61868544358072,190.4209341527808
2026-07-31,152.64719320410563,163.5361161939572,171.61804838626693,178.84140534880825,190.26026843416327
2026-08-03,152.68673414907434,163.43856526448883,172.074781500921,179.08657755362037,190.3530006359215
2026-08-04,152.770235716408,163.52500952120243,172.092601571458,179.28488179737863,190.73408676794674
2026-08-05,152.8958306374473,163.5791277359029,172.0093446746643,179.4498276032813,190.98733057898184
2026-08-06,152.8931860097193,163.72374340580976,171.96149747824973,179.74981531231862,192.41092317467306
2026-08-07,152.33592701916663,163.69645566731273,172.19797269603623,180.3751122745847,191.9514029714356
2026-08-10,152.23972014395278,163.7502253887707,172.4247078766445,180.9057111039989,192.65797115442857
2026-08-11,152.77684382876487,164.13252009491043,172.5469953435529,181.19957024681955,193.58962735509212
2026-08-12,152.45796473974227,164.33705190870432,172.4706332264633,181.5559226987431,193.78536663635708
2026-08-13,153.25769944130778,164.1628848113729,172.72823012889734,181.6381510580088,194.5083620300709
2026-08-14,152.89092611769482,164.30156039736525,173.2319367911196,181.80617609558132,195.06577572579258
2026-08-17,153.5521176898539,164.49292641494517,173.17323184534888,182.2082040795542,194.688068669304
2026-08-18,153.14796507592845,164.11324827453154,173.18774896476106,182.49445583349632,195.516781147901
2026-08-19,152.81727256751853,164.0849959888528,173.78566230595084,182.366936310973,195.89302924521303
2026-08-20,152.7668188943992,164.30759220714916,173.88472501458114,182.92240634113796,196.33952304594632
2026-08-21,152.83463073850277,164.5077322144598,174.19288453142968,182.9082590815442,196.29455386522997
2026-08-24,152.90974964462592,164.96533267145662,174.45518558883703,183.53265019303134,197.073355039879
2026-08-25,153.41397935431286,164.922995131885,174.61232632914277,183.57749198775196,197.07804732963632
2026-08-26,153.85255484476738,164.89062405461823,174.91576823145294,184.0489273579581,198.13597706180255
2026-08-27,153.86339002814694,164.75429861513913,175.2512605705673,184.34442175939336,198.0874956526915
2026-08-28,153.8066197368518,164.70663042951682,175.59112514553138,184.6659924896961,198.89066019369415
2026-08-31,153.4800010972642,165.25662244620722,175.6183332888374,184.90158436193434,200.15875218187108
2026-09-01,154.0660916613156,165.27643947582698,175.48014867195252,184.66243605454767,200.18271785035725
2026-09-02,153.5775347660279,165.6777997543301,175.62238953983044,184.92105913949592,200.85681258646161
2026-09-03,153.623483643205,165.6771787938328,175.9252912099689,185.4972116465638,201.75313566264683
2026-09-04,153.4511402659446,165.49373039206165,175.9682658293505,185.51353729229618,202.08789809900298
2026-09-07,153.38668640326364,165.9824182021591,176.44099723085043,185.51959969664497,203.25769533365144
2026-09-08,153.47432912501353,165.7407456005998,176.3645077705067,185.7573366185457,202.85012095173866
2026-09-09,153.34979337754643,165.97459349211798,177.12414717835043,186.30573520860605,203.8705600463613
2026-09-10,153.16589569301695,166.11009854199733,176.9969033470719,187.01112376806003,203.49581210055283
2026-09-11,153.21693454696643,165.88130540156774,176.82191757472827,187.24855361951109,203.55887466291756
2026-09-14,152.95844583162858,166.00303097887638,177.1511978706095,187.39928079621941,203.96441834865547
2026-09-15,152.42879434578936,166.25094111395342,177.66258251187597,187.7437046933826,203.68955726597164
2026-09-16,152.5043251920554,166.50075833824027,177.95222296661728,187.7741649515076,205.61912762337084
2026-09-17,152.766398565254,166.1087715922322,177.4470768843522,188.35827989065706,205.7718168264029
2026-09-18,152.97121647450754,166.30892503350452,177.81609796786736,188.3793612746812,205.97490345762728
2026-09-21,152.75975567192265,166.75261043581168,177.59244979687656,188.07096840122995,206.22495320673755
2026-09-22,152.560815263794,167.0298149456262,178.4024607510575,188.66874615623183,206.65474460133635
2026-09-23,152.6267827281514,167.27534342622477,178.2942022754604,189.2663053015797,206.22141063656096
2026-09-24,152.29702783330103,167.5016320718256,178.72837311718754,189.80477811619085,207.4277172945813
2026-09-25,152.67617839668574,167.53680195570155,178.63655322701644,189.87627919633982,207.88543226185828
2026-09-28,152.63254640157132,167.44774843101925,178.94439744211917,190.4214168225151,208.10094585389885
2026-09-29,152.92672426224155,167.9118471503381,179.09454146506062,191.2165007229281,208.63920760298618
2026-09-30,152.94172565445712,168.04650640589986,179.30180517421442,191.43713567992702,208.9271457664857
2026-10-01,152.48281271352374,167.95476878392807,179.43050210486228,191.7041116147725,208.79661829257813
2026-10-02,152.59863216268397,168.31344569067954,179.1820276568606,192.23354509975536,210.49683493421625
2026-10-05,152.77596101203088,168.2575914497853,179.86067520546715,192.16302436638776,210.33077198866317
2026-10-06,152.6906682962551,168.346842919371,179.9198201721685,192.2676790396972,211.10671939388172
2026-10-07,153.55739793238558,168.39727705345865,179.88868041026151,192.41927514826827,211.32574113473237
2026-10-08,153.9984883481261,168.54448177220561,180.10697801283197,192.67061440893707,212.1683160574712
2026-10-09,153.23849066083827,168.88710449609036,180.41671531490175,192.55326300860855,211.73349976474267
2026-10-12,153.38602793702435,169.2572673142872,180.92574040946224,192.7788430932867,212.58906267747602
2026-10-13,153.88566555839802,169.23545112946795,180.7597781623612,193.28120672750305,212.55102365878307
2026-10-14,153.8924159787535,169.16087262619484,180.82001599385205,193.34221660270754,212.78272063535445
2026-10-15,153.2545141184921,169.50448469446843,180.8719805716173,193.94282790444424,213.94515275190363
2026-10-16,153.98929833435955,169.42803677083458,180.62017719225423,194.28733411648523,213.5154246558523
2026-10-19,153.70397303712997,169.42434314981256,181.28223150675606,194.12687608557584,212.97518802820014
2026-10-20,154.0475508797731,169.73320470860315,181.26408397714198,194.69593984979656,213.89390355668448
2026-10-21,154.1483978723964,169.57475946699043,181.51059844515302,194.83740314749815,214.06781067247584
2026-10-22,153.64367521186745,170.02232711146345,181.64861139715384,194.59712530482756,215.4750382743098
2026-10-23,154.50407036598966,170.2033251791271,181.8772337999186,195.1128825301863,215.31661038899756
2026-10-26,153.98858319244468,170.3947004480555,182.0073668019174,195.1477638467236,215.6677178142652
2026-10-27,154.43003392493162,170.58166950144158,182.25957045790614,195.97963669601404,215.8434928918839
2026-10-28,154.4594718697775,170.8676612345245,182.54799908529566,196.78149264434137,215.87336121948002
2026-10-29,155.10594185096195,170.78722095166074,183.15739454561566,196.74665483775712,216.35732433939324
2026-10-30,154.80684728167,170.49035051755592,183.1736348840391,197.08493963051856,216.05040556600179
2026-11-02,154.92327899038975,170.92948032624616,183.4497679818408,197.02050202030574,215.95880595467708
2026-11-03,155.29919956531322,171.17734522309172,183.05817766716774,197.11302244982696,217.03345411467683
2026-11-04,154.97610861451358,171.3725421033749,183.88838945437038,197.50372098568587,217.3424850221863
2026-11-05,155.69491964973156,171.39877867731116,183.9581807476887,198.082105503029,218.05791775931036
2026-11-06,155.37248105474404,170.85289338073363,184.05246525105548,197.9390848017721,218.21198996611804
2026-11-09,156.25962813027311,170.94471490950673,184.3467481950466,198.84338953064884,218.76939337143006
2026-11-10,156.22207586000894,170.99654628671968,185.0554805734361,198.5440786221728,220.39306356113522
2026-11-11,156.85430623759515,171.17971820751092,185.20546810824305,199.08887646550286,220.76253867943944
2026-11-12,156.4181011855646,171.175022602668,185.37221913476043,199.45038145214082,221.48813324444973
2026-11-13,156.14602963334238,171.49555619342254,185.47135250738665,199.57544934864987,220.22628436809134
2026-11-16,156.08376308846974,171.64006544558157,185.59954804132593,199.95679688792202,220.51074478468541
2026-11-17,156.49957750334696,171.42471537491642,186.14111092724994,199.9724663567091,221.4250005514784
2026-11-18,155.6145345997173,171.32839871125162,185.74755856996657,200.23025008428897,220.9811883575239
2026-11-19,155.55770230896903,171.30153788518933,186.35984777178737,200.49358928589413,220.49744091832682
2026-11-20,155.79266424265077,171.0894995468734,186.55354766509925,201.0878241257715,220.9001460125826
2026-11-23,155.78198505265013,171.7753381452255,186.6239387137534,201.3911363856945,221.85666339755065
2026-11-24,156.11889158800048,171.79064463221522,186.80252925333562,201.84207848609367,222.13730879987
2026-11-25,155.9187166122122,171.60933774891723,187.03195095908274,201.7624872597972,223.16548482476512
2026-11-26,156.39633748262773,172.44887806213757,187.44241412645738,202.1159382490566,223.8106460481034
2026-11-27,156.41799811220977,172.52946309269186,187.24185897872047,202.08007838567525,223.32271021243147
2026-11-30,156.42279662297054,172.410912855463,187.74561511758935,202.96018977896154,224.96900554183955
2026-12-01,157.18775754171327,172.43625236408366,187.52214428541635,202.94259662485268,224.60040620028565
2026-12-02,156.8194160876152,172.64566278011273,187.75084588277937,203.1925694245798,224.68996122076163
2026-12-03,156.47694083082732,172.81571423889898,188.5661277689647,203.1600411159012,225.89407294270413
2026-12-04,155.53643131604406,172.59285874740598,188.48321584892477,203.45327723341197,226.2483134150958
2026-12-07,156.16916198489264,172.73207439504654,188.65811275974693,203.9888086944764,227.0482838980318
2026-12-08,154.89991563121458,173.18872676217342,189.10407954055495,204.1617074137871,226.96216751066453
2026-12-09,155.93310935611942,173.98426001337188,189.62996765894627,204.376270377398,228.34393055549324
2026-12-10,155.68239657957747,174.0751893376205,189.84355606615577,204.63802625818838,228.46540218772375
2026-12-11,155.8542070463475,174.144220111803,189.77925913981082,204.58432176786337,227.15416025276278
2026-12-14,156.21584297435,174.19684648230657,189.94807639690487,204.4281984668186,228.60921460612562
2026-12-15,155.72814952510566,174.5283097870747,190.13051968659778,204.8667340488542,230.17155125330893
2026-12-16,156.56177247547106,174.59160255513336,190.14836548187958,205.40273885056115,231.1451420827265
2026-12-17,156.18383461274678,174.96512624884656,190.14400933031334,205.48300283431254,230.81547209011308
2026-12-18,156.14601745250891,174.7558250276995,190.1936026575341,205.99032910733644,230.95792399430644
2026-12-21,156.31467556203307,175.0790903597134,190.66266115830138,206.1431429069322,230.88827716562943
2026-12-22,157.30597459965105,175.00051829834814,190.3046021945869,206.32490435010618,231.57057752392714
2026-12-23,157.1514942809618,175.37406442205167,190.91263199013036,206.6529923825898,232.25657691516847
2026-12-24,157.35372372437482,175.97114204460556,191.27053420221557,206.99076524406723,232.01982660034147
2026-12-25,157.1957897271872,175.53369535142195,191.43551211567336,206.90725838638625,233.90371088807623
2026-12-28,157.244091566645,175.32893973584504,191.79959006039084,207.43826772665489,234.59571856816348
2026-12-29,157.69887854334456,176.25202115613453,191.80211275092353,207.77412953448632,234.3412461120549
2026-12-30,157.15450330223757,176.06504592596465,191.6933838678343,207.79002004324025,234.83196725167355
2026-12-31,157.38911149001845,175.58734240726037,192.1900519770482,207.95001775803144,235.23178718856275
2027-01-01,157.86231509732158,176.11025454345304,192.26403672281663,208.55462362308782,234.36991958875774
2027-01-04,157.46634181035589,176.53899737283186,192.58164975603407,209.4246758633189,235.27435751615147
2027-01-05,157.28952441715487,176.55832572207913,192.6830025795801,210.23776919336757,235.02547645749445
2027-01-06,157.27282414228205,176.79607985732764,192.6199463171666,209.7088020679132,236.02975539975762
2027-01-07,157.39873211472243,176.89579264894826,193.15067211929406,210.04917475548177,235.75398295332886
2027-01-08,157.80040383402257,177.0130019770156,193.1184992791841,210.20689822164962,236.2014277205998
2027-01-11,156.57561758340907,176.95417872881347,193.51502811203045,210.56114704911639,237.8509990534506
2027-01-12,157.15789810749615,176.4645869496737,193.70058634425834,210.68017928007507,237.43033016917505
2027-01-13,157.87827529328018,177.1865144135937,193.77605801295817,211.17008508029906,238.96858365985122
2027-01-14,157.20726227346498,176.72503061697162,194.04665384563003,211.56627829504868,239.90868696683816
2027-01-15,157.4434419277848,176.43530886240057,193.93740143329526,212.0612270260056,239.19476212172486
2027-01-18,157.57544194763133,176.85796857976064,194.32410288801566,212.13061285590499,240.06827594298875
2027-01-19,157.1726290671555,177.1066749513364,194.78677587072985,212.16753765954172,240.9430803065624
2027-01-20,157.5742365145291,177.3892750348119,194.68518211073047,212.61106783921042,241.12734909923236
2027-01-21,157.75471803460644,177.25071212886198,194.76981076379076,213.29624951642367,241.69533572606824
2027-01-22,157.6316893555257,177.5875043477269,195.60111979891883,212.71819330690374,242.4795765799202
2027-01-25,158.48290449294043,177.20690193696998,195.53822485840072,213.19226374798123,243.0018359822068
2027-01-26,158.38409902933523,177.8483864818472,195.16306059406722,214.2041013736724,243.41905983523571
2027-01-27,157.98963866511545,178.18302579107618,195.82761023408028,214.2124697372393,244.255252856402
2027-01-28,157.76276199681772,177.8581872446399,195.48205754343766,214.8047939537483,244.3217168622178
2027-01-29,158.6265311933199,178.34164814118793,195.59822773227333,214.3481621817138,245.26312003450724
2027-02-01,158.20241815690628,178.1511843496673,195.70272649652622,214.84964761151232,245.99839412354663
2027-02-02,159.32206790163218,178.5520521719979,196.1699642859715,214.86580940701225,244.7588475481212
2027-02-03,158.52913174816916,178.4698226916508,196.78353833345375,215.07510165828643,246.05349002582324
2027-02-04,158.41404258076602,178.7188769979894,196.85221465465082,215.4819557379529,247.68753592995955
2027-02-05,158.89557468814456,178.89645422549026,197.03898412639393,215.43061189700103,247.4362415063564
2027-02-08,158.84572698464135,179.02795641025358,197.6616664681807,215.36321005364442,247.70716237061262
2027-02-09,159.90036685382344,179.1446588294082,197.49154675783686,215.79134716305282,247.6612861761088
2027-02-10,159.29455583544876,179.54297823549814,197.87097268837584,216.33210366267545,249.53577308885812
2027-02-11,159.10703157412908,179.32557629718158,198.01825932575235,216.37437280566502,249.40290550444
2027-02-12,158.8087522454212,180.07383647663445,198.03577166770523,216.78775697392774,250.0466136360071
2027-02-15,158.74662953691757,180.6120688981658,198.07817996210417,217.27001140858133,249.4895420885696
2027-02-16,158.7470485851639,180.3235960629125,198.27393682728322,217.5624766524348,249.35571276567137
2027-02-17,159.4527420644063,180.22109257066097,198.3870393297587,217.9734714510053,251.00343368531938
2027-02-18,159.10439777632578,180.26977630599896,198.45412482782274,218.3365813499624,250.65033769482804
2027-02-19,159.58854086891606,180.71618028103907,198.89081860425108,219.17278318746335,250.80671199695314
2027-02-22,159.62501913506154,180.36003334916137,199.50849508804745,219.28994769816893,249.80575631036254
2027-02-23,159.15267446129334,180.28344789790867,199.88907113351485,218.33749002304364,250.6091122768519
2027-02-24,159.0790579019814,181.20616655189426,199.49959145308895,219.46212933089012,250.18102787155874
2027-02-25,159.4708243879014,181.29885234816453,200.0860126301564,220.21331012612436,250.87575534318069
2027-02-26,160.25236633064793,180.9794095532247,200.2003649546682,220.33756454369362,252.41714592854004
2027-03-01,159.91362721117198,181.70390660564016,200.74401556948737,220.7513592046601,252.8291123911229
2027-03-02,159.75792577998465,181.46545174798675,201.12181248180605,221.45243816552033,252.81811150667139
2027-03-03,159.84759349302013,181.41133048219194,200.7823754676543,221.86914972945755,253.00845883702303
2027-03-04,161.16894849071667,181.5651968713842,201.21807444892966,221.7474651515011,253.15766881010813
2027-03-05,160.71990056224485,181.5225689166611,201.09954149399627,222.6133336105627,252.5189344109356
2027-03-08,161.2836491634492,182.0129055586854,200.99642367669335,223.22297399116246,253.68884399617428
2027-03-09,160.9687097238262,182.45072568290118,201.76814831162545,222.98548157018422,253.76565985475872
2027-03-10,160.60389418283893,182.15774026008947,202.13659485295494,222.81212509585777,254.68798295473457
2027-03-11,160.9579765196982,182.62670855516052,202.53752032539228,222.31229759899225,254.70677518691096
2027-03-12,160.03169475378178,182.8542500048589,202.41286518005137,222.8693562733669,255.57979179324616
2027-03-15,160.42386991759147,182.400074624494,202.5980538917275,223.23175290406914,253.63307959820128
2027-03-16,161.20165502912084,182.52962870286905,202.82671104438663,223.7087692749951,254.53915290370801
2027-03-17,161.27521435367788,183.35885114967138,203.2232048865448,223.95945526416443,255.3683390407106
2027-03-18,161.46811845887174,183.6990969964389,203.60492666118145,224.211974964334,256.0991890566245
2027-03-19,161.90144125431584,183.60469648433644,203.49866713516013,224.31465926139066,257.12136079821397
2027-03-22,161.8176816468619,183.64707008273595,204.35565819074282,224.7395174578457,256.89361256964776
2027-03-23,162.4818729591394,183.40652024534722,204.7133607207696,224.56774114824265,258.76285672661055
2027-03-24,162.598467942361,184.55460503880852,204.6012900128663,224.91461020512776,257.5103481696105
2027-03-25,162.09255936619752,184.43449525909784,204.69228884177784,225.02696413939546,258.2163465796364
2027-03-26,162.10199637118578,184.03453775023286,204.55001943267467,225.20263558852335,259.98457383659826
2027-03-29,162.1647996186309,184.1155950422049,204.28289983266285,225.47862940100072,259.7741441395965
2027-03-30,162.82718746132912,184.38705104823902,204.38069123584194,226.10082346164376,260.12532059265493
2027-03-31,162.4373848591046,184.02233063707627,204.5558362445017,226.11434897341962,260.54938661331346
2027-04-01,162.32034802502278,184.2376569586259,205.0540283289086,227.034374922362,261.64690118276604
2027-04-02,161.6388231468299,184.35256492082468,205.2828208173521,226.72686926366663,262.02576837735415
2027-04-05,161.84841773104074,184.7589403855377,205.8027588246796,227.06933881141165,262.20300240988996
2027-04-06,161.6245863149786,185.27951846091003,205.6578561290142,227.30796792630494,263.7509837049791
2027-04-07,162.02096037620845,185.48678488102107,205.59194651360355,227.76707385416543,263.98040882948027
2027-04-08,161.53004783552421,185.28588347990657,206.30344000290927,227.6235738885539,263.90337714631835
2027-04-09,161.61241444458173,185.7208342577659,206.6193799238353,227.72653370134697,265.1007450717177
2027-04-12,162.82814844444155,185.91693708476566,206.78782253746735,228.1481971009587,265.66801555611437
2027-04-13,162.70270227955046,185.94351780966505,207.54266655004363,228.0743236794811,266.5348845457907
2027-04-14,162.78069623351163,186.19739875628244,207.9982163810166,228.0933341586137,266.62179191976327
2027-04-15,161.67573806133151,185.83796330842353,208.06542992582746,229.27138201015185,265.87951251532803
2027-04-16,161.90910270648644,186.10006401938145,208.15245908368797,229.74048523871343,265.7726408320011
2027-04-19,162.18782725993762,186.56067768165798,208.56943794983493,230.35667081060507,267.0119926446486
2027-04-20,162.04226445319924,186.99966676201433,209.33806680137877,231.0708864237912,266.2018946125398
2027-04-21,161.33755226697977,186.6543249174056,209.396010092662,231.11102610639068,267.2793292580373
2027-04-22,161.65815488778708,186.64957146731507,209.50739433446452,230.4821726177099,268.3760840483192
2027-04-23,162.15888748983033,187.335582441814,209.0057297636001,231.5200135876634,269.269038023841
2027-04-26,162.6111644178821,187.25750383230962,209.43536251722483,232.21787209049145,269.4653897701342
2027-04-27,162.72270023805,187.09423797215518,209.67250482523139,232.60676796868864,269.83969444398394
2027-04-28,162.05578306070248,187.55012251683905,210.16227124524983,232.48099770577286,269.23889803307384
2027-04-29,163.17658060040802,188.1622181512499,209.8534183201595,232.5903418022094,270.93618900612495
2027-04-30,162.54848823460375,187.68151026792972,209.84582724178227,232.9156730794402,269.9497564397429
2027-05-03,162.2034981271967,187.5679747278225,210.00954731683797,233.39744755600276,270.4785545691466
2027-05-04,161.976870778797,187.3213287204027,210.30767294457996,233.79961532182415,270.11856327354855
2027-05-05,162.71887628563934,187.61477123587179,210.1669413550937,234.6653785429993,271.9328825718437
2027-05-06,162.27344890925892,187.92991154359572,210.738024958082,234.5100569640017,272.65867116406514
2027-05-07,163.41001796680456,187.9726930435855,210.90298818940673,235.5750360321153,271.96988249292514
2027-05-10,162.4670040968346,188.20673524112215,211.0482909664613,235.01557347164925,271.95873337243734
2027-05-11,163.27842426593514,188.65991033164585,211.51612813023735,236.05298446156863,272.3130746989567
2027-05-12,162.80522162496143,189.1714372689139,211.4652663346663,236.1014199196565,273.5539508470218
2027-05-13,163.39114501455822,188.99739288724646,211.33354880240674,236.1976342464351,275.0082207050193
2027-05-14,163.32347550570023,189.04600393005984,211.6130233241824,236.24529492172292,274.67346957059095
2027-05-17,163.76347233380181,189.53080658231937,212.09742814473407,236.44425451240912,276.3217403903647
2027-05-18,163.24478795478507,189.9371243037765,212.3146022861875,236.0195612244903,275.8816324253929
2027-05-19,163.38213768714115,189.07537952763207,212.5628514356054,236.45161461955652,275.76526263523766
2027-05-20,163.68717292032412,189.85565873768007,212.6771309550088,236.70329326936633,276.5443516993942
2027-05-21,163.48581704652233,190.0584642862196,212.8101503276573,236.96084091658796,276.7219991664372
2027-05-24,163.12810364578036,189.56153512152508,212.76170983003323,236.95548717641398,278.53990613475514
2027-05-25,163.51169140632408,189.77000064784716,212.7364855727802,237.43662087236683,278.02105316045026
2027-05-26,162.78987583153284,189.73593558955815,213.834331372368,237.8636796016705,278.1955397102443
2027-05-27,163.33925614223185,190.224988899983,214.22941021436833,237.9927607717026,278.89203344628044
2027-05-28,164.07119751314625,189.92263128324794,214.03933619854305,238.6378137407606,279.65166804816994
2027-05-31,164.38624972827708,190.6290313205991,214.4069120954769,238.992757862479,280.0787515784957
2027-06-01,164.39504246214213,190.58865472623103,215.21953631429037,239.0304461487727,279.8611968704429
2027-06-02,164.22950489220418,191.29863732658532,215.58410408408298,239.51435254468697,279.5711363116654
2027-06-03,164.40508105032004,191.2725311230752,215.50759829682556,238.54629273361832,281.4005142092366
2027-06-04,164.59971681219633,191.2996828823912,215.40095540843936,239.81219402871633,281.6971586158775
2027-06-07,164.85103668801244,191.5317096938067,216.246854518972,239.61203737733348,281.5294276532569
2027-06-08,164.6532686037942,191.60447554754867,216.80368474730335,239.50273869075738,279.93469293621513
2027-06-09,165.1044508815257,192.11547706414993,216.8887488296463,240.56090475315582,281.6921126636591
2027-06-10,164.78590863276952,191.9507761972667,216.82290890442943,240.99150365533285,282.4803462427254
2027-06-11,164.34153481009145,191.99831609171616,217.67943289302852,241.32411738796625,281.89527624246205
2027-06-14,165.05133965847733,192.0594106981024,217.7612343305753,241.41145649428876,281.9704655052574
2027-06-15,165.4218711800312,192.141625454222,217.86579905674358,242.15831607624415,281.5167493825541
2027-06-16,165.3524521144091,192.35477899587804,217.5187329382863,242.76866451630534,282.49227446811005
2027-06-17,165.02239220227636,192.06663074808313,218.05886691042218,242.9723586765949,282.3852065194005
2027-06-18,164.5349503495023,192.14181360674115,218.70014634427227,243.4951972144121,282.9190881858052
2027-06-21,165.60987531005634,192.51498537437286,219.4511856182591,243.70526798561588,283.9106573449283
2027-06-22,165.7004873321702,192.62232724403404,219.15653179659265,244.3153988153449,284.9510954204553
2027-06-23,166.22072782548156,192.781354550628,218.9609417624086,244.01327854032098,284.6393466698096
2027-06-24,166.34045866813773,192.74878036909217,219.68702978663714,244.93046640287298,287.1753892706632
2027-06-25,167.17575770179243,193.09938642964556,219.23839009837954,245.47979025309294,288.7965784941411
2027-06-28,166.80804776218304,193.4850643182898,220.15443655787942,245.71000756275365,288.2399253706937
2027-06-29,167.37057991900147,193.51001181517526,220.13389232612315,246.50301581290364,288.09044760886735
2027-06-30,166.11531123723879,193.21396039490918,220.2915758224458,246.47666774811117,289.31655716416566
2027-07-01,165.74253890671153,193.35389461584057,220.43152335070286,246.52860253156402,288.1010117378436
2027-07-02,167.04754672589596,193.32756555617513,220.88650580116916,247.16447616437102,288.58714549461496
2027-07-05,167.1038151263236,193.87501206255547,221.41400077475222,247.91140155872486,289.1511274351017
2027-07-06,167.64627060877325,193.8544889167052,220.9609843612157,248.3999803369863,289.6952996436998
2027-07-07,168.21921054076827,194.82858256529232,221.96066927602078,248.20152852700016,289.5501742180043
2027-07-08,168.5098351038794,195.2238593446712,222.15359636240322,248.35647501006804,290.1024157282709
2027-07-09,167.83051045790558,195.0299240782716,222.24763565915913,248.47399088646864,291.0098382997352
2027-07-12,167.98529050535393,195.05058775622769,223.0937365401639,248.45667746516017,292.51858089720423
2027-07-13,168.22989910927004,195.79905138172927,222.8722885114595,248.70587360114675,291.66303928079316
2027-07-14,169.04562201811498,195.8407735379477,223.08765856426027,248.7583460474994,291.5716857220666
2027-07-15,167.2799379759205,195.9271403715652,223.55379102020936,249.33979410917604,292.49333447941353
2027-07-16,167.7330688597128,196.66207499591775,223.6046177210472,249.39191239587277,293.27445144305665
2027-07-19,167.73652940852,196.4265383399112,223.55357964868784,249.57115371712342,293.02931872185974
2027-07-20,168.6766170635389,196.76309899539206,223.7297198485238,249.91071186923025,293.99101004082655
2027-07-21,168.2660753368672,196.79767216712793,223.5959435080602,250.312429497472,292.0004769858508
2027-07-22,168.64295611795558,196.70540128591858,223.74627575314702,249.5786322068028,294.8396138642837
2027-07-23,168.38480433330358,197.2288339586327,223.7988373373156,250.08980951739431,296.4740236877074
2027-07-26,167.52255326410173,197.39130351244955,223.64598284876695,250.21737592539276,297.393946569281
2027-07-27,168.17244336892514,197.46209600284107,224.0000460854274,251.0912349246288,297.38872840710434
2027-07-28,168.1773858038061,197.77901785378904,223.8369209302521,251.32268346878993,297.0375259314367
2027-07-29,168.8545930400258,198.11328033782468,224.44012109553617,252.11756925932337,297.6779519718897
2027-07-30,168.33226132807138,198.71567876631434,223.88885917393966,251.6931920456512,297.55994895776666
2027-08-02,168.6950954760393,199.09820899975318,224.05136194609906,251.6853775526838,297.8726537475364
2027-08-03,168.86162998267,199.1114186523178,224.61283033330884,252.31242412421204,297.52000233409996
2027-08-04,168.26314899578063,199.18614378906847,224.63612193973134,252.35733480868907,298.14072603374467
2027-08-05,168.91760363397344,199.6379802679806,224.80760986014468,252.05253027552476,296.90554555985534
2027-08-06,169.04326610919122,199.6640858260709,224.7718010197584,252.94014449691977,296.8414335378202
2027-08-09,168.73368446142075,200.789683802715,224.76960247627312,253.82576050421613,297.65621698293484
2027-08-10,168.5999505645103,200.82578122329113,225.4226352968843,253.1015888754437,299.70905644686945
2027-08-11,169.51462935145813,200.32126768160947,225.55558840135228,253.8600937713269,298.8220399138191
2027-08-12,169.15953934598866,200.21847376173577,225.8997050324775,254.72229721189035,298.6346286353324
2027-08-13,169.94311754662087,200.18901601627715,225.6277982105882,255.25002060614668,298.71680136617033
2027-08-16,171.011074124193,200.290975841886,225.8330824147072,255.5367008400105,299.7132938757652
2027-08-17,170.58762999739383,200.20693713386265,226.204361557301,256.2710477740085,299.67455132755896
2027-08-18,170.93129380765853,200.07457536193004,226.41206572442024,256.36365290202673,299.82391464658525
2027-08-19,170.4692708206445,199.98569398485887,226.4656576749868,257.0667041535965,301.0840583255992
2027-08-20,169.25674116936239,200.33244569582916,225.62396386524046,257.47654175822265,301.4477409247602
2027-08-23,170.2586140389639,200.94254018630363,226.43835734649008,257.32738212329616,300.656902109122
2027-08-24,170.17055883349212,200.64027039799373,226.68337307365744,257.1340799550368,302.83472193948296
2027-08-25,170.27184432719125,201.40359915845525,227.2064427777635,257.5206546380267,302.884728736692
2027-08-26,170.732147550737,201.33586287060723,227.87795379139678,257.9754551010727,304.4470056743582
2027-08-27,171.5602595925929,201.8788290231295,228.02142268589017,258.0956605035059,303.74761784217566
2027-08-30,171.82605296482774,201.86832503998195,228.44982134677076,258.03179307049066,302.9021556996737
2027-08-31,171.43284415693395,202.18143025617692,227.39705691261008,258.7050732723128,304.0990624343649
2027-09-01,172.00298281523746,202.11675522240768,228.15833672279172,258.3656804424828,304.84832748983206
2027-09-02,171.5687768327291,202.04624341248086,228.22066926898418,259.39101430518986,305.0585762075075
2027-09-03,171.8114666164828,202.03086151673136,229.03893697978813,259.3259806957576,305.192419384166
2027-09-06,170.52464911891613,202.43078490221106,228.7959860811028,259.9173972848118,307.3313962088835
2027-09-07,170.95731223902197,202.51784470959558,229.00756214801117,260.5078300628711,307.09731495278595
2027-09-08,170.00211777557314,202.51452789372732,229.7743894201284,261.06983661862864,309.22649817608794
2027-09-09,170.08367598631241,202.3854695493672,229.9195712200079,260.9771810580239,309.35268476327076
2027-09-10,170.05500000711456,203.04136461909195,230.3664346232153,260.92773514552323,309.8984598076271
2027-09-13,170.49294539179346,202.94710009652016,230.5088795693353,261.5641396203364,308.9737609936382
2027-09-14,170.63537942505133,203.24324396068812,230.3625162721001,261.28674902439735,309.1449265450571
2027-09-15,171.3178584396319,204.1406400978617,231.35516885865175,262.0171668679231,310.05480957274966
2027-09-16,171.26017864944652,203.59815680116293,231.3975406832446,260.836590324559,310.221750609288
2027-09-17,170.69931490122605,204.3188442913512,231.8465304777318,261.7475138972299,309.92185228840646
2027-09-20,170.2321070934494,203.8562735131101,232.01214253426974,262.49579364829367,311.5268406678492
2027-09-21,170.92191149592978,204.35892597871182,232.07623471807705,262.21177893560827,312.4651505762607
2027-09-22,170.36970555093387,204.8997741027674,231.35639846502175,262.977461623027,313.71843412913245
2027-09-23,170.45091563013148,204.4617499341334,231.86020238044387,263.49219441997207,313.2335704456902
2027-09-24,169.91523962644845,203.2611070037872,232.22677816654527,264.22171379758714,313.8052915404214
2027-09-27,170.88669697541036,203.92067138535677,232.5530680367244,264.38666696664166,313.9800520068559
2027-09-28,170.5234912052933,203.2073726459322,233.26958235632878,264.28489283792953,315.77592144431776
2027-09-29,169.5724169639979,204.2393325514214,233.2902048486782,264.04891045151925,315.27653851027725
2027-09-30,170.07463204059985,204.0089649749241,233.62956942811923,264.69264317489626,317.23726990244575
2027-10-01,170.55123889048,203.9349546968091,233.83110360282552,265.071089264566,319.05509362350085
2027-10-04,171.38959294012474,204.41061909883683,234.14834381026932,265.55999745703673,319.828378579597
2027-10-05,171.7238607631004,204.93371633306901,234.6280925667892,265.56323753561503,317.8880715450236
2027-10-06,170.57198288145432,205.33061245361858,234.9202206878418,266.6045021180104,318.6342474486984
2027-10-07,171.61690214348064,205.4717367210931,234.98048615871943,267.3506037449774,318.1840295998684
2027-10-08,172.40040533520232,205.21670165556097,235.2364409253656,267.38107231783727,320.52893081271264
2027-10-11,172.74020946160795,205.5148224735765,234.66203162559424,267.3828425958284,319.6302604457072
2027-10-12,172.48917080650025,205.30934981639874,235.40219624416775,268.31432801427525,319.1816930239231
2027-10-13,172.86911371361757,205.72479640291633,234.91191453595837,268.8623901899106,319.88365554833246
2027-10-14,173.03805093638226,205.83881213919722,235.29491661997506,268.4371674618502,321.83977147388526
2027-10-15,173.78696391169396,206.99916755281038,235.81820707061604,269.00515017838836,322.97847098553734
2027-10-18,173.60214674179613,206.96187679574587,236.69484423836735,269.4322202202818,321.807974100815
2027-10-19,173.557115423471,208.3686407718142,236.70719210479592,269.7461574812358,322.4865456358117
2027-10-20,172.89424019720164,207.94376012759614,237.10599512385846,270.3352875783267,324.2070160914471
2027-10-21,172.3965699420275,208.17270412658632,238.0464708413346,271.507507497617,324.49382013893927
2027-10-22,172.79177566443582,208.00268545096884,237.59760576199358,271.752380289608,324.1114117081896
2027-10-25,173.57836224090946,208.59180543589883,237.28653412586573,272.7962907507042,324.5837245368162
2027-10-26,173.69139922354643,208.63291404251655,238.19217655537415,273.4758506116083,325.6237542210105
2027-10-27,174.441345286175,209.2866432791092,237.98029221875748,273.1108992476266,323.2093000465342
2027-10-28,174.11712945725486,208.75029945947912,238.75267233680472,274.3818625126154,324.33527590211423
2027-10-29,174.37430841109216,208.90093347585164,239.02881442685066,274.73306457853664,322.9658611550562
2027-11-01,174.499650226749,208.6704789866583,239.07358126601935,275.90416217981357,327.23260215772774
2027-11-02,174.33194158675025,208.78650330484606,239.6541590249576,275.85689942867225,325.139821398335
2027-11-03,173.82878069575005,209.64146304172232,240.74031516170356,275.4041712299957,326.69457072138647
2027-11-04,174.18584544518413,209.68767111352454,240.38394030108216,275.75752587846716,327.60700325345306
2027-11-05,174.4805099599533,209.87518527051148,240.43152487825404,275.65793045474834,329.0460462010432
2027-11-08,174.30923382293958,209.6145133286305,240.093140794332,276.5049918902999,329.2820532726908
2027-11-09,174.28755055266583,209.55168389510914,240.50948348948458,276.7950364388438,331.02900316151147
2027-11-10,174.0969199053842,211.01069747206552,240.3018175977836,276.82799477141725,330.4328935752345
2027-11-11,174.1960062283974,211.22275156934924,241.14093117740856,278.35335574711144,329.8705242485259
2027-11-12,174.65724887732068,211.55248038892884,242.40667485990986,278.4662266604963,331.3748881028005
2027-11-15,175.90161283958787,210.91934569089307,241.77108538453933,279.1892156210668,332.3360396583974
2027-11-16,175.27015394989618,210.56080687827102,242.11398865610903,279.12479516561405,331.7517477299892
2027-11-17,174.87562135962622,212.40603910421137,242.75866743046646,279.9912721156053,331.272622119656
2027-11-18,174.37812896473176,211.98120320581324,244.09997188310172,279.7065012032265,332.23166581606824
2027-11-19,174.92446414478846,213.0600685550105,243.54470093675735,280.3598827862265,331.9632566465641
2027-11-22,175.13671170819808,213.26122379737777,244.01608272006325,280.9988356881733,332.0484334836276
2027-11-23,175.65122720366844,213.81541828514315,244.40667689321026,281.3280437927994,333.5452265612029
2027-11-24,174.4268208228176,213.41074186440838,244.90946863893328,280.5324983345094,332.77878420099216
2027-11-25,175.05928772396427,213.41504997251576,245.22578168462292,281.38265706156346,334.12055900937645
2027-11-26,174.8906220411215,213.47270189993583,244.94078083994327,280.36817523132646,334.52780535689345
2027-11-29,174.75187100382215,213.70674761460563,245.43062448093207,281.0218410566094,332.77014136205037
2027-11-30,174.732034915815,213.61297115777302,245.9487274456033,280.33703709051815,331.87407512581893
2027-12-01,175.33757835631945,213.94174430144506,246.57098950224386,281.3510695784258,333.32723780803894
2027-12-02,176.54391522772147,213.69749546023218,246.8252679578119,281.32379934516047,332.8286172129672
2027-12-03,176.76836670714962,215.20792922737948,246.69806741883468,281.6033110949014,333.4347296697665
2027-12-06,175.58241282886326,214.9682449444907,246.8228707255342,281.3933065123616,335.27438762435
2027-12-07,174.92337386225614,215.11351618910155,246.98807887147848,281.639254341436,336.46271726823505
2027-12-08,176.21104592349442,215.07158623354383,247.05099151825345,281.5182567407505,339.18536023306945
2027-12-09,176.82070864447317,215.00541340234707,247.3332711606382,281.35449705544465,338.1564959394124
2027-12-10,176.04338906878448,215.07801258866633,246.9201191226304,282.4084412227717,338.1681933924416
2027-12-13,176.5831518170536,214.9356778117971,247.37810183591344,283.0827382315058,337.51287588752194
2027-12-14,176.15639320909426,215.57374279056765,247.1154788040787,284.265115641978,339.6586737228981
2027-12-15,176.1517822353914,215.7448754336758,246.85739475733988,284.78198276378583,339.4721249934481
2027-12-16,176.5918017224484,216.3934663335844,247.33249357348248,284.85182424454536,340.2183665290625
2027-12-17,177.21868327316358,217.48838337304116,248.52122244991585,285.62720933621523,339.7636842038766
2027-12-20,176.6852114790489,216.82974341911876,247.78108769048504,285.09620002581096,340.22058592800124
2027-12-21,176.9596877752787,217.40198728704044,248.3127784697749,286.1652930994756,340.8842289487906
2027-12-22,175.92617132830028,216.82172395778923,248.09094729719638,287.05803260337825,343.14302942269046
2027-12-23,176.9077325017797,216.7179145436854,248.71386970896722,287.07244460236967,345.1587185890622
2027-12-24,177.06256150418312,218.06929157587558,249.1751247853224,287.3055825772409,343.97795383957555
2027-12-27,177.64316744307328,218.11941477173312,249.6562786615321,288.88195610102247,343.58883804547634
2027-12-28,176.7151061952037,218.0431647361437,250.44087107433648,288.5662764215621,346.84544280313776
2027-12-29,178.18657790807168,218.54460178556408,250.8682797018212,288.482076047604,346.9285072314041
2027-12-30,177.75866748960587,218.29309255279503,251.495434761488,289.23213366678846,346.21134971965785
2027-12-31,177.74728782978775,218.3601551725968,251.64873862503435,288.73533715232634,346.60072550749254
2028-01-03,178.93540943902684,218.01334895454457,251.50693322062295,289.2512376676022,346.90367554723804
2028-01-04,179.3079896348296,218.29230431446695,252.06353549985315,289.38823322295434,346.1779694449701
2028-01-05,178.88116688119163,218.33609930461765,251.84681068616266,290.66315291180337,346.8003658521149
2028-01-06,179.4502880226508,218.30665102786259,251.96168969719503,291.29274413695634,347.3120118122192
2028-01-07,178.11970433468406,218.88837892360232,251.48948197860676,291.05835781082203,349.48127072574937
2028-01-10,177.76291953096364,218.4536880952903,251.24585367430828,290.50497425744715,351.70555941201036
2028-01-11,177.71375465840947,219.2732815449599,252.88415212820405,291.69448873377644,351.7522326152912
2028-01-12,177.5437948928511,219.61158774833655,253.21455085762528,291.92424321392383,351.02042598062235
2028-01-13,179.06466987758984,219.05238720008728,253.75477116409422,291.3276445646649,351.87988522403566
2028-01-14,178.46291440447905,219.24530879027333,253.7463253137007,292.6370167832176,351.9382343134009
2028-01-17,179.05220547609966,220.09161598123575,254.54532646304824,292.8721681041342,353.3823308654188
2028-01-18,179.82640996683264,220.11377565937917,253.93159010629645,293.71653366815013,354.13854767398357
2028-01-19,180.68950944793917,219.62871457389008,254.28038976741954,294.5290002755481,354.00934174844167
2028-01-20,180.1740626616483,220.149932557837,254.5735046584822,294.0750723579607,353.55614088080546
2028-01-21,181.06851659659765,220.16816400979826,254.96079349389527,295.8167487144391,354.9328638333508
2028-01-24,179.11385217350116,220.21071971661564,254.92809515816793,295.7899077313117,355.43260652007336
2028-01-25,180.24773685992852,220.51819782217456,255.5465680608659,295.8923492490052,355.4445290623826
2028-01-26,179.82522348142535,220.98249448926572,256.63418079499286,296.30468767815336,355.98023186727727
2028-01-27,180.1966000166712,220.99436232838485,257.17936854205476,296.0163728728917,356.85371182999387
2028-01-28,179.76353756857637,221.18272047899333,257.75117768684197,295.1877393608722,356.5756709488523
2028-01-31,179.16984235012984,221.55749974512395,257.0473960235688,295.71066732361015,356.47066387716353
2028-02-01,177.7005844382335,221.78156708335862,257.2256847605547,295.65752302497657,357.70345189214015
2028-02-02,179.81993912514136,221.40651598696047,257.44853828412715,297.13283310754144,358.6630236451428
2028-02-03,180.3802285755811,222.44000415043521,257.3560665912968,296.1981920354018,361.3629054287687
2028-02-04,179.49151914487177,222.1519033196775,258.11209239423,295.7798516006611,359.1763015689065
2028-02-07,179.68959410825582,222.69881605871217,258.6240367582108,296.2586621873613,360.9365261101093
2028-02-08,180.55934329751605,222.80282668942104,258.2343242878861,296.97662161054666,361.5002345380669
2028-02-09,180.56490060971848,223.57574018604683,258.19213715418715,299.45867713620675,363.2130977306044
2028-02-10,181.53153246271015,223.65515905484816,258.1569654050574,298.8894805095571,361.8856048261247
2028-02-11,180.26181668330958,223.43617287081796,259.2773073213955,299.984981329015,362.9492830889425
2028-02-14,181.07349539360828,223.0627700622129,260.06274066844264,299.76024195685426,362.8433643578054
2028-02-15,180.9971356042135,223.56251058733375,259.64189511122225,299.66746591898504,365.32003594033745
2028-02-16,180.94261530496246,223.21714865346226,259.71071033869,300.1440020679825,366.8661973351241
2028-02-17,181.49754991672017,223.1813694794066,259.584516889373,300.1252744561658,363.90637608034785
2028-02-18,181.7578166589228,223.69228478608065,260.4045392290403,300.23490279882304,363.756655642882
2028-02-21,181.12709605684975,224.20857931678748,259.9124927509726,299.4419350303757,367.61691624698796
2028-02-22,181.95794634628487,224.01812194662685,260.46634728666015,299.25774387195383,366.30775712248914
2028-02-23,181.3845412012756,224.44924272777445,260.62877629604657,299.53396829559085,366.35142419646684
2028-02-24,183.53130983116176,223.97960751664718,260.6927623474092,300.864722279733,366.4264913115199
2028-02-25,182.53111965941028,224.59718259893748,261.76423858615226,300.6679948899416,367.1173732314013
2028-02-28,182.69727943681605,225.15140238660797,261.773898324707,301.8344374821618,367.0609368712622
2028-02-29,181.80224732782736,225.3585815012329,262.0845627248467,301.42716274645255,366.8642003070075
2028-03-01,181.00042842157652,225.38889782424474,261.59422409356864,302.8450085315002,367.6679178751657
2028-03-02,181.23051613313842,225.56492699326412,262.55878482266877,303.0855624655393,367.5380893199398
2028-03-03,182.33999316331503,225.2117685008043,262.75996346053694,304.57609141123015,368.9080196659538
2028-03-06,183.09839427859202,224.95740242054995,262.735533081094,304.4216577645301,369.5390977306808
2028-03-07,182.93680660889746,225.35182599124292,262.34370202351033,303.74274602962544,371.04082337636237
2028-03-08,181.93225026160357,225.88975076302762,263.24790861372014,304.7285862203708,370.14517080357547
2028-03-09,182.90358401203022,225.88182664703135,263.13772592524987,304.0808675579133,370.5636794118453
2028-03-10,183.23425832875276,226.15438526635887,263.9595817802093,305.8144580173413,368.443493315431
2028-03-13,184.07313094970246,226.6637068411366,263.9153966494572,305.6356936028053,371.36310377345
2028-03-14,183.57527994496695,226.77602524467335,264.49733119192945,305.86314761290043,373.40159349921845
2028-03-15,182.69726742118303,227.30370471810383,264.981224140372,307.9013334140709,372.78124897381264
2028-03-16,183.27282101198165,227.32709179067297,266.0414032643944,306.8583327700391,373.4843344408881
2028-03-17,182.25445618544018,227.06624808444587,265.41629353221253,306.4138763752862,373.52580484643175
2028-03-20,184.04082964735807,227.18149155237128,265.8762529840281,307.351336481056,375.62461499787423
2028-03-21,183.90388510070525,227.05430144247714,265.9662080608057,308.1375221638179,376.0669082087666
2028-03-22,183.1467712994525,228.04611076248938,265.80701528657505,308.0676108542094,375.1543390273562
2028-03-23,183.51449357244616,228.5219395505544,265.2994322489293,308.97251667235946,376.6181262097384
2028-03-24,183.53138422366717,228.61818329652846,265.54841048405183,307.61259813841485,374.55701406549866
2028-03-27,182.61305113130828,228.8481547890917,265.6655189639621,308.73841789395743,377.3027295462078
2028-03-28,183.65014978207418,228.78334014277235,265.7214435181951,309.3177436787044,375.69928652191624
2028-03-29,185.19007265240958,227.8213936855613,265.77084159909555,309.3196898140707,376.62169323122987
2028-03-30,185.52067863181148,228.68003821473337,265.9984503594764,309.6590042672574,376.759847685637
2028-03-31,185.333039103625,229.46262130955034,267.78988858293667,310.3060475842308,379.6001400542808
2028-04-03,185.14173206662744,229.450035946747,267.92243289343776,310.92062465153083,376.9614144248199
2028-04-04,185.24225976978528,229.8896486885656,267.96805786007263,311.37916027217994,381.07940755629517
2028-04-05,185.6322986054068,230.29448689153642,268.64650677084444,312.0598798933013,380.78122572936803
2028-04-06,185.81401432480223,230.16205557276288,268.2103544142054,310.70841997350425,380.9094823237225
2028-04-07,185.9965694274904,231.22162961648726,268.1393317724501,311.12365108853004,380.02270089130485
2028-04-10,186.5317126438498,231.76349891542057,268.9175132146456,310.8911634337999,380.24324765862025
2028-04-11,186.8008222591925,231.53986769950686,268.1381951794222,312.23981190593713,380.51040223595044
2028-04-12,187.40520208757198,231.0012593888238,268.6472091174161,312.5684113173031,382.3632620344334
2028-04-13,186.26865138009558,231.63350126111095,268.81461301087455,313.21693411618935,381.96933209477965
2028-04-14,187.08423141085174,231.78205261366142,270.0145351291682,313.0193709384606,382.49531934248097
2028-04-17,187.7201901456279,232.32404207570488,270.0647929503318,314.094530551664,382.8408316746086
2028-04-18,188.1532875394962,232.50359364132441,270.2295095483237,314.73967157837063,383.9690566962368
2028-04-19,187.96766485355505,231.29185755378182,269.9179868967417,315.08051731624687,384.0549681450833
2028-04-20,188.40365271295676,232.80934087377454,270.31729394561694,315.18526351518943,383.0467289597244
2028-04-21,188.0115890274013,233.5073248939169,270.6687654333993,315.75848555770847,385.51393870756914
2028-04-24,189.15787643606643,233.12630943043663,271.43494582512335,316.1629013303092,386.3117163536899
2028-04-25,189.8898018784573,233.22848006065092,272.02209965034507,315.63864141788605,387.81053829918426
2028-04-26,189.32382104281044,232.99106777199697,272.80857179325676,316.3061763391033,385.703462573057
2028-04-27,188.91964863619611,233.0091746883013,272.9336110652089,317.5524679762905,389.15169108357077
2028-04-28,188.7471776140034,233.14486044795765,273.05308283181625,317.8481742434012,388.78565406507596
2028-05-01,189.10274920520948,234.2210113455618,273.43029295135307,318.3344974496331,389.54318765470083
2028-05-02,189.47607013466856,233.3290691165043,273.00741692791786,318.6428188675585,390.7644812279522
2028-05-03,189.93599475726828,233.81230349124942,273.490766309582,319.1939238849769,389.4421342983016
2028-05-04,188.7456117299932,234.86228010209695,272.90392533012727,320.1608320546961,389.93544292774016
2028-05-05,189.81355648164538,235.3262131838083,273.3197173827145,317.93268251219683,391.69637616329635
2028-05-08,190.52063259284787,235.09703159952124,274.1723965950456,319.80471834537747,390.96670765195887
2028-05-09,189.50120393316686,235.5136933311062,274.7768982254246,319.34889797530195,391.65312342586043
2028-05-10,190.10385040174532,235.68228966704044,275.69726501934974,319.45376495577364,393.01014378993233
2028-05-11,189.73482372431545,234.74722864148785,275.8203291657929,319.6151361538731,392.2267340984682
2028-05-12,189.6134180809317,234.58487217341022,276.51482941576694,319.8045555785507,394.69101994787843
2028-05-15,190.81495326969068,235.26026970759744,276.8096766033467,319.5899185619802,394.9228811169058
2028-05-16,191.15823788064543,235.368855925248,276.493086704705,321.0866959344582,395.86893559023866
2028-05-17,189.66935760240978,235.2014754141438,277.94271420934695,321.10153325490387,397.54508095153216
2028-05-18,190.65763079127632,235.2888511181542,277.7122435370055,321.7261968619041,398.5462613107971
2028-05-19,190.8579415876102,235.12627493990877,276.4214396532294,322.06480656986474,397.068444810879
2028-05-22,191.30682148975052,236.04799453617758,277.04447388823485,322.24676074940714,396.18002622516195
2028-05-23,191.3371836433205,236.02020450453705,277.5267181348853,322.8417481842721,397.72287846077944
2028-05-24,191.3732172348257,235.85489059618806,277.9523777124027,324.6345271115175,396.411321580487
2028-05-25,191.2126070725436,236.36133304028834,276.97470855110635,324.6230238682162,395.24654182370455
2028-05-26,191.35479896166518,236.58946463391774,277.9162808984878,324.0331170160937,395.63865012617794
2028-05-29,190.5481920439708,237.18780615352293,277.76111187205123,325.3338305678721,398.7715036027079
2028-05-30,190.12044498227084,238.03284889499554,277.7047240142223,324.32610752686537,400.20113775285057
2028-05-31,190.8418859017955,237.44952745584843,277.8708868383466,326.2406002438802,401.9020369462517
2028-06-01,189.51563594213079,237.15122726977353,278.1630857961992,326.5047505009156,403.6148117113013
2028-06-02,188.9966447303331,237.13258406079262,278.46181999206226,327.5137037579751,404.4134435184752
2028-06-05,189.8236637583652,237.6802413881583,279.1364524726696,326.99107836244747,405.49337379865045
2028-06-06,190.2331975012402,238.63346982830296,278.6194262962668,327.74376626799943,406.19538933499035
2028-06-07,189.98168230347883,238.1920674288004,279.9636463667162,330.18705640324765,405.6273715376719
2028-06-08,191.57168680802147,236.87341282897927,279.9392164563892,329.02962568771034,406.16451030591276
2028-06-09,190.52885483132462,238.19433051607575,280.9056337838616,330.83335569968085,406.52710749429775
2028-06-12,188.57595047700792,238.14978305575372,280.27606143796913,331.0678559271737,406.2520309718953
2028-06-13,190.0832989628675,238.40127672046654,281.08313911435926,330.7128133835789,410.1223520614989
2028-06-14,189.88584173235535,240.21522506410332,281.26678261956397,329.1678540852984,408.3164771309339
2028-06-15,191.161568676347,239.66362195757472,281.46623960939917,329.8737586760443,408.4057417346274
2028-06-16,191.63087340406653,239.48851437833622,281.3843193185454,330.36949789482685,408.9416006691112
2028-06-19,190.92777597130868,240.09688081613237,282.60304982105487,330.3631902864047,409.65017127665783
2028-06-20,191.20875811197527,239.7034489747915,282.4145796606898,330.2668144056265,408.4682349977858
2028-06-21,193.01738144572167,238.98323870798055,282.9742010275964,331.7182559900236,409.2777836065374
2028-06-22,192.19667775599058,239.96797498651728,283.23925644844996,331.7833463191293,411.1650501381124
2028-06-23,191.15849802222556,240.76430809470102,283.69890678321843,331.90397921372454,410.1283926105481
2028-06-26,190.2969338284164,241.00654035120814,283.70408152311563,332.4986304695017,412.20873833886736
2028-06-27,190.50798291747486,241.19694730966813,283.90873740965753,333.3802960260201,414.09462839576184
2028-06-28,191.195844099472,241.2234063852265,284.58620002967183,334.010758443735,413.5468043308887
2028-06-29,191.76336278913135,241.01384737589518,284.5917568007993,335.2646492861914,415.2669954891991
2028-06-30,191.67652151960317,241.41064194471616,285.0615445048634,335.63743338634214,415.5276449279443
2028-07-03,193.01361253592006,241.65225083385482,285.5373088589793,335.95957236523486,418.26677929464074
2028-07-04,193.2311410894877,241.62740463813424,285.1718688679366,335.71877835609985,417.4980135645396
2028-07-05,193.34372279770756,241.18326979661202,285.13589708711663,335.0791192244921,418.6187298719904
2028-07-06,193.21506883525342,241.54428228067405,286.2105652289591,335.5328401989328,419.129074481449
2028-07-07,192.91449333713868,242.01877262909184,285.7098903211963,337.04439919901967,420.2099831492321
2028-07-10,192.29686248007837,242.48025987751203,285.77647158165087,336.5557208889766,419.4010341722373
2028-07-11,192.38634490791438,242.03040857531767,286.47960627096563,337.0927427048724,422.9707469091317
2028-07-12,191.79098646896526,242.70595047852078,287.6056354853115,338.5086610245212,423.6956209155232
2028-07-13,191.75476281336609,242.8220740034366,286.87566625595673,339.43167352546646,427.06400086837715
2028-07-14,192.93752256997163,242.51284323629878,287.6682810067517,340.3458145447554,424.749901706517
2028-07-17,192.0010374335395,244.07861598083662,287.3125248327859,339.791594559527,425.05692004835015
2028-07-18,192.55231570097905,244.21377696923184,287.2109861084209,339.15087066227517,423.2424791151781
2028-07-19,192.98900750756798,243.7750627560974,287.4053618451397,340.85402581675925,424.8335005160943
2028-07-20,194.42344140865052,244.01858215008255,288.8266663601278,341.06694849923576,424.0304010110677
2028-07-21,196.11176994422587,244.02833784479014,288.0302095552353,341.92890633642685,422.91976309856034
2028-07-24,194.5279865132158,244.78103764530076,289.16278805163176,342.6945880608684,425.30078669404054
2028-07-25,194.17834450484065,244.82832842460135,288.0929496158458,342.3080213777639,426.52231744088573
2028-07-26,194.57965115636392,244.46517677494893,288.6851065694665,341.5225408460882,426.58928245066437
2028-07-27,195.99344777148715,244.7566100501732,289.4191245883711,341.2483526680217,428.69309801928483
2028-07-28,195.40399554840084,245.08343143206906,290.09176398057906,342.035011852867,427.41338724708555
2028-07-31,196.30260249840396,245.76530252168908,290.59910508902146,342.7654755699531,428.3842235911288
2028-08-01,196.6784842384423,245.56369816567621,292.0314949319543,343.1039246633648,429.68317449761224
2028-08-02,196.8134908956666,245.88488464242317,292.27560795643615,343.2660984279435,428.76195509644043
2028-08-03,197.64530478389938,246.3917956682213,292.2819147500934,344.4248326170778,432.28818479555054
2028-08-04,197.68052658548964,246.5219437224633,293.45810879738735,344.58293291649517,431.95416637497635
2028-08-07,198.1572556294294,247.20679341216055,293.10527647684467,344.37114528057486,433.55377343323715
2028-08-08,198.08159566108014,247.61948629616202,293.51955637371964,345.0914357359031,435.2941869966213
2028-08-09,197.20986187645187,248.10153731798422,292.9312250127532,345.06437958212496,434.70468907181555
2028-08-10,197.1993561654384,247.69704962512745,293.42840045992403,345.3916861157095,434.6865017786782
2028-08-11,197.3046343992047,248.08855360865346,294.4656185189503,346.7003672761773,435.9677830742016
2028-08-14,197.7091330524754,248.17373110360023,293.7870790673352,347.16453424547603,435.5402973914863
2028-08-15,197.46263845744286,248.54474844503798,293.66251285172706,347.51853858884124,434.67092516807463
2028-08-16,198.46536134672064,250.01597172630483,295.6122143167437,347.9393582793207,434.52913560032573
2028-08-17,198.6452601244257,250.54257114469956,295.6530983618727,347.9986336894175,438.7891821929173
2028-08-18,198.73803317289406,249.49065615958506,295.71270424235684,347.11956542611256,434.64270289910706
2028-08-21,198.54664977293683,248.9616247244602,295.6219317912116,347.11466596291694,438.53680705030246
2028-08-22,200.1746139450704,248.25779993221207,296.308158517214,348.69577317012465,440.57138366835125
2028-08-23,198.66123107733335,249.10708757117033,295.9783603019882,348.35355918513454,440.84210677490256
2028-08-24,198.7556531733063,249.55313898912686,297.16282480016275,348.0831357345082,443.93119698226025
2028-08-25,198.56011141672343,249.5644300983098,297.29152798471034,348.56311100416553,443.3769445869715
2028-08-28,199.32367948503867,250.79204210713218,297.0662167569748,349.52927303350725,443.2808852361271
2028-08-29,199.1280467728801,251.76725615733366,296.1688627841676,348.42768993066557,443.2704906751031
2028-08-30,199.65411466615433,251.40359910924965,296.8341439635855,348.97790106545796,443.44458088005234
2028-08-31,198.8986780293049,251.55872945987747,297.41120995363633,348.65767189325936,445.45255781390597
2028-09-01,201.06064059361958,252.13216969489267,297.9125609226887,348.64012081472276,444.3536766078403
2028-09-04,200.41207154764126,252.30496579782448,297.74599459185424,350.495215553859,445.7664846689247
2028-09-05,200.70535330110417,251.91046051030304,298.08999143681376,349.2036182368736,443.7649631906256
2028-09-06,202.79154592291601,253.1752548965662,298.21121731398284,350.3807527175861,444.43846639436504
2028-09-07,201.74984064966125,252.39464588220048,299.09725921033316,350.94736792472406,447.6298895511826
2028-09-08,202.48569154147717,253.92300826259188,298.41513188621155,352.30224544221926,446.5882418594536
2028-09-11,202.10179955788922,254.1594156181735,298.87428195381136,353.01928714406256,448.0502592547987
2028-09-12,203.19464291468276,253.58467719617164,299.03274662887577,353.3873413344555,446.09720986211323
2028-09-13,204.79928221921128,254.5536684655321,299.2627462948267,354.7842490487074,450.35777606732626
2028-09-14,204.23792102484336,253.66292552402035,299.36508360865014,354.2425994516981,448.6301551093705
2028-09-15,204.05371148420292,253.8666409231562,299.38865537816844,354.0202831048322,453.02763747183553
2028-09-18,203.54103910029554,253.78805948430374,301.2849267484012,356.605085344644,450.0230436924573
2028-09-19,203.43480327086633,253.66491198208126,301.5769160430473,356.1085012482736,450.49899993308713
2028-09-20,202.47850131932418,254.68300077828616,302.3276049203563,356.43194284552635,451.3360329641204
2028-09-21,203.13269855767896,254.32680268480937,302.9422530066213,356.95263807514584,452.32669308498856
2028-09-22,203.8343278108049,255.10606183873858,302.20416199266856,357.37594418024906,451.9399150326526
2028-09-25,203.9929417539658,255.7792030977428,302.5950383773451,358.031712490994,454.44126789430595
2028-09-26,203.9683068802357,255.83479022764664,302.7802682639165,358.6707892810292,454.5621479664165
2028-09-27,205.4304285654756,255.5127732959709,303.3728221406219,359.12717064866536,454.79100579476835
2028-09-28,204.75957796189428,255.5992846193359,302.97268026189874,359.1299184770252,455.16971711182055
2028-09-29,205.79121451102912,255.9722760062923,303.1879300297276,359.8178139032234,457.87439447648865
2028-10-02,204.27914498105096,256.2646730263081,303.3526512636418,360.88793400189434,455.91091165019503
2028-10-03,205.1396848301946,256.74290960918336,305.3257890044192,358.8954899378683,459.32174790411227
2028-10-04,204.4484854116571,257.8718187283108,306.01871250248956,360.283670490814,458.210326549495
2028-10-05,204.71320601376098,258.0856562744151,307.021157463175,360.4755153196189,459.99678128772615
2028-10-06,204.56713047350723,257.8107286831259,306.132332020859,360.7504829866872,459.37741423054536
2028-10-09,204.8117677864322,258.6990687925644,306.32548718462357,361.5307449852923,459.3490524754515
2028-10-10,205.6024005485249,258.2319332063925,307.297884152806,362.2756931480256,458.1156417056179
2028-10-11,205.31384777917893,257.50319908379606,307.39307592319676,362.73404745071343,458.38361016476944
2028-10-12,205.56165041187535,257.59262231081544,307.81634441789157,362.73403113911746,459.37222604463807
2028-10-13,206.2977322587569,257.53370104715145,307.69351567120634,362.7375999685503,459.39266660950136
2028-10-16,205.72116001812347,258.4282161235635,307.5869488253219,363.0175377925623,463.8930199955464
2028-10-17,206.58678495436317,258.9113955604955,308.5270135411157,362.6794840511903,462.13995183600264
2028-10-18,206.16042232392493,259.23794866952767,308.53678480133703,363.54018831639803,465.5431724833939
2028-10-19,205.27169033060136,259.41883841996713,308.8070655151953,365.94058866138687,464.4251517308785
2028-10-20,205.16782999293568,261.017980773618,309.1816789311056,365.7975427873641,463.83547473516785
2028-10-23,205.02630923847607,260.61639592945636,308.5534982757828,366.16110846901796,461.5010145583006
2028-10-24,205.51018078088427,260.11151419242435,308.15992063150816,365.21988590332063,463.13539306208474
2028-10-25,206.54732792535404,260.39524056089834,308.94544066794447,366.8370070804526,463.5409045649374
2028-10-26,206.2596019541287,260.717531700202,308.82695860637614,366.9261305489586,464.076449206692
2028-10-27,206.16677270841828,261.6723691694383,308.394193630656,368.4446303361739,464.9378878540936
2028-10-30,208.31315434450502,262.2142771654161,308.9143870479932,368.3213735678572,465.45584059869145
2028-10-31,207.36109533096018,262.64917325904173,310.3701876106469,369.3482582417496,467.91772819117546
2028-11-01,206.66788194105163,263.18893674132755,310.73812224320477,368.96795932311386,467.5215764542163
2028-11-02,207.31703900179053,262.8950580010531,311.4915675039413,369.5724659526698,468.53031107466813
2028-11-03,208.7524722362619,263.3040724335713,312.5793186303317,370.04035734850396,468.7156205013069
2028-11-06,209.25315535706775,263.6508790602253,313.78278356847346,370.33001934656284,470.6358359722273
2028-11-07,208.248129357574,262.9404840309797,313.4438737259374,371.4406917465138,471.35212227860734
2028-11-08,206.50850255800947,261.87560407138506,314.31867603575927,371.0551158382226,470.0292946203748
2028-11-09,206.56347282657237,262.6673771591694,314.75708585296104,371.63096119103784,469.97713704774316
2028-11-10,207.60773825012674,263.4728926790757,314.5833512611116,372.0714947836971,472.20507834028916
2028-11-13,209.04857084361555,264.2443634469474,314.3602646869804,371.608584424045,476.1774744771667
2028-11-14,208.69034391520202,264.4713616952487,315.994926575768,372.52561965052337,476.25058190823376
2028-11-15,207.78106839971127,265.45799566560305,316.12700644856864,373.22388516009846,475.3267729513178
2028-11-16,209.2019661186934,265.18071101443826,317.23603037469303,374.0733307879658,474.1121749375352
2028-11-17,207.55519100262597,265.4452922903113,317.60826997362136,372.3418728866437,474.90225764692997
2028-11-20,209.1199722723933,266.04159056488123,317.57956554819015,373.476871769968,473.98554941978085
2028-11-21,208.69068855122327,265.86246376802086,317.75247372915834,373.6411167455055,473.7495720514924
2028-11-22,208.35637817502618,266.8168327423332,318.15114188012296,375.17674958643073,473.5106909172615
2028-11-23,208.9468526291776,265.8163276603203,318.19248175354704,375.81687538809956,472.726718982505
2028-11-24,208.55295958205662,267.0593313537151,319.0612696190318,377.62912131259395,473.6647097514574
2028-11-27,209.768954966508,266.1372459967422,318.90988406033074,376.7091643983521,477.3017226036139
2028-11-28,209.86176348329948,267.01213961030174,318.3609441313717,376.3830062220226,475.9683014627741
2028-11-29,208.69087774793283,266.9877676185982,320.201936196588,377.5189006683927,478.86253378408395
2028-11-30,208.56071701920234,267.1004743503492,319.8369912119201,377.69911435525376,481.32682724552416
2028-12-01,210.12901142026004,267.3601642139606,319.98612219814413,378.55424646593013,484.098900320942
2028-12-04,210.0765234410563,268.4252338802734,319.5428392870839,377.47584246818576,483.74812815177876
2028-12-05,210.5582065453519,269.6020474155117,319.1202182626371,378.46987915258075,481.64911803539974
2028-12-06,210.05310106034526,268.4853601924534,320.76182776618657,378.52561796982644,482.8991889912038
2028-12-07,209.79333596202508,269.4580385373432,319.4978997535936,379.7552605880736,484.7413278807583
2028-12-08,211.0878358169353,269.6708260184582,320.62454641539307,380.58815949966686,485.49332636757623
2028-12-11,212.00558048914795,269.5580312677826,320.54701742294975,380.86108956636804,485.5350846091374
2028-12-12,213.63489085616362,270.70290598381274,321.3660678943919,381.78197186495606,484.9948081409742
2028-12-13,211.81755100678515,271.089623695518,321.86576787656077,382.2990822031427,483.6293865332317
2028-12-14,210.66950897638412,271.11168345779504,322.0458042469337,383.4273168822407,485.95234683242154
2028-12-15,209.92757400425228,270.67300184138367,322.44905466599675,382.39533330118394,483.4421310945656
2028-12-18,209.7803481068137,269.73571894532125,323.11911964271894,383.1484171546747,484.08715454382246
2028-12-19,210.62619212467362,269.7726530708874,323.32744656558964,382.53152337880636,483.8949761689538
2028-12-20,210.97312367423368,270.3934101290284,323.82374393223427,383.8714952164929,486.7271635798962
2028-12-21,211.87053106832818,270.98372480362696,325.12783461287495,384.50250639240846,489.07314707640876
2028-12-22,212.13043416804112,270.33184466259826,325.20376018712307,386.0402998461789,490.01666089313613
2028-12-25,212.36991982018122,270.3436864901963,324.67425502302933,385.0849080185462,489.17535602286694
2028-12-26,213.3087974534452,270.3095931297479,324.56969812740715,386.63642179803156,491.9190904962135
2028-12-27,211.48398108282962,271.98825531268324,325.58074865400806,386.49191587307826,490.9730173442955
2028-12-28,212.76452906917942,273.07557530444745,325.2187113913858,387.186436481939,489.66403787799766
2028-12-29,212.62089333377654,273.5118242557678,325.9079798139354,387.29475546919576,490.159476775961
2029-01-01,212.90287835502514,273.5814714602927,325.4382121466414,388.3320755922856,486.30793680013744
2029-01-02,213.63888020924728,274.01918424393006,326.9132698132195,388.6226451215257,486.03408849642517
2029-01-03,213.26668111791278,274.72621124333915,328.44657560716723,389.38232736968394,488.73851619910187
2029-01-04,213.6882638366505,274.09865340374523,328.4217588887683,391.16398845761984,491.7377054845756
2029-01-05,213.23138518387896,273.25453892869393,328.1061164193502,391.3412762831675,489.4180785765552
2029-01-08,215.17948942008047,274.16931743707335,328.4635554255768,390.5456884897523,491.5908986847881
2029-01-09,215.50041834867193,275.10036235378084,329.4259031898399,391.2771915082453,493.25404564538724
2029-01-10,215.37382101736404,275.2180181678366,329.6048642169694,390.9293649823374,494.1475648832682
2029-01-11,214.95303268149024,275.16092698365065,330.7677163411414,391.57698973644943,492.8538548193243
2029-01-12,215.2796074679159,276.3196516632838,331.1666631649018,392.01727332580725,496.15735669538174
2029-01-15,213.88264363385483,275.9451344529766,331.07865003893374,392.4986866831265,496.4023053905443
2029-01-16,215.12783900452916,276.2456407743366,331.87751229630317,394.36209164026826,497.2245855160168
2029-01-17,215.21619615289381,277.2876990575458,331.64716313038684,393.1384452383102,494.2855977268959
2029-01-18,215.8869578436573,277.2606674584463,332.00236109169725,394.9868100148167,494.69917743321054
2029-01-19,216.09933607929602,277.6370676197283,332.03542591590974,396.5027802368289,496.75858350734427
2029-01-22,215.98697670613717,277.7538842376143,332.54671212734354,396.21061415034535,499.04634765088764
2029-01-23,216.33730000663894,278.24789897393805,332.2423813662864,397.2792511917345,499.3933080509615
2029-01-24,216.01918894805354,278.32785542215845,333.66931248772016,397.62351461361106,500.6268352152253
2029-01-25,217.4987392492072,278.8355911523103,334.6249502672537,398.6626571968754,501.099054595289
2029-01-26,217.68338073241873,278.1518225847433,335.5624918840474,397.6711110830693,500.2222266194147
2029-01-29,218.56725357576755,279.316905371552,334.9142154435933,398.9095202749338,501.8026409633781
2029-01-30,219.1976003439833,279.7014003076645,335.9897262430003,398.7298403729138,503.40290885370763
2029-01-31,219.61166338011077,279.46519404707146,335.13096679664227,399.4966259625081,508.39897469991814
2029-02-01,220.43538708419237,280.74787520444323,335.6739736446576,399.1176200351643,505.40620000694736
2029-02-02,219.22466884001005,280.60512240383673,334.89125752418624,398.82526579287617,507.24277595788044
2029-02-05,219.07821715654921,282.15455919043916,335.79129947042236,399.8568757601158,505.6865328664507
2029-02-06,220.22389430931727,281.50590936509855,335.5013942015975,398.9074207077638,510.1871413924832
2029-02-07,220.51748610211487,282.15900613662154,336.9954084923595,400.1970527937058,508.955105703527
2029-02-08,219.40300277793835,282.49862703623825,336.3386089216717,400.86757254136546,507.38692752375215
2029-02-09,220.0588034203799,282.2169860144272,339.3388279951788,401.4091208242006,508.5458897232629
2029-02-12,220.8328147867907,283.0063956856947,338.97019287501996,401.2714366889008,509.82748193323147
2029-02-13,219.8204625657908,282.6430761736019,340.2706618412355,401.4808096059212,510.3096567360385
2029-02-14,219.38102805614332,283.1213288735553,340.3268296368069,402.5069807260391,511.79500406661134
2029-02-15,219.94582592512813,283.23738042288045,341.5672008438775,403.84568246930144,511.3725109003915
2029-02-16,219.13113169541214,283.3218978656254,342.2982893962013,403.78109888155,513.9648121000517
2029-02-19,219.7560732203155,283.4221229367023,341.96184430447875,404.2992434586305,513.359351307458
2029-02-20,220.22255508825708,283.1562596304261,342.4314730901361,404.38980973199364,517.9967617884743
2029-02-21,220.69379713654615,284.0143022713712,342.5899080586222,403.72918209087203,515.9437764905919
2029-02-22,220.17812248181755,283.8978505370587,342.5200317762139,404.5415306433532,518.791979026337
2029-02-23,220.77763265849603,285.848628471109,342.306586328757,405.6134364863051,519.2796535234816
2029-02-26,221.5004959083393,284.6298682490758,342.2398648114706,405.4040524192292,518.0722668726081
2029-02-27,221.53097386931282,284.85424967210884,343.379124228346,405.57389547155253,523.3783724276374
2029-02-28,221.34174512678572,285.6354960543438,344.195857271758,406.61269022171905,521.9667104894678
2029-03-01,220.3476524006058,285.77515206718886,344.5354039853573,408.0033005171572,524.9885356029744
2029-03-02,220.8748834729148,285.40791227100976,344.48248851031747,408.3086680807013,523.733687711095
2029-03-05,220.60508010836685,285.7159209250524,345.44781301180535,407.9580193228886,526.102450974721
2029-03-06,222.222150713071,285.69692747727726,345.21020650102093,408.9810218894804,526.9908390773818
2029-03-07,220.56210282316724,285.28013709707176,345.2648851525605,410.4326007104148,523.948127949232
2029-03-08,220.6438854361368,285.9577806998047,345.6134230674125,410.19152372293087,527.206932009057
2029-03-09,220.6548426997055,286.20941007587624,344.64914950627525,409.73933946790163,528.884231776543
2029-03-12,221.21978111411732,286.7913493218656,344.97635091566343,411.15158967643816,529.3976544876517
2029-03-13,221.3167928882869,288.01613895979256,345.2559698540613,410.02929130719724,529.7126298767523
2029-03-14,222.09842903963997,288.0657467605648,346.022343523803,410.4267939421028,530.5614975662864
2029-03-15,223.68636497774915,288.3485160352641,345.4794892918968,412.46734263350135,531.1147059137934
2029-03-16,221.3772565535057,287.6296437877003,346.2312910273368,413.21788539550977,532.8469840172552
2029-03-19,221.53537979517648,287.8175109422671,345.3967591699066,414.0483263952862,529.2071639206071
2029-03-20,222.21041543096817,289.2518064427378,345.08648026217185,414.5517595972239,534.5581881432679
2029-03-21,222.5385815189422,290.28830629489903,345.3044135036486,416.26728612334296,533.5275926079764
2029-03-22,222.41725320040624,290.57303125772785,344.3560165344495,416.91233338384427,536.7725562769415
2029-03-23,221.61042187405633,290.163865396151,343.98786599900154,417.67174876531294,536.7660126391746
2029-03-26,222.58524167769968,289.65599295488744,343.6923644515032,415.3876638898829,538.5729625757112
2029-03-27,223.76198646535212,289.7939872223632,345.73640260406813,416.22566472896636,540.49471719372
2029-03-28,221.94783132821496,290.30780616148763,346.1239470784344,417.3847488328711,537.8591861692086
2029-03-29,221.89193335289053,290.533257379991,345.793460482297,418.80715151861335,538.9171178894671
2029-03-30,222.19499958970462,289.9746673568802,346.63830189111707,418.8538727425115,540.6361670919273
2029-04-02,223.50887654964592,290.93211808203233,347.2975639090472,420.27405635608875,541.4144956046148
2029-04-03,222.99508793523265,291.23683848725284,348.60560903773705,419.76424732380787,541.4971403538111
2029-04-04,223.1242523071015,290.3455913943661,349.71154335231216,420.48198011979287,539.3142825087593
2029-04-05,222.8604318525206,291.2968970626596,350.0371676483776,421.7897777031655,540.468101002543
2029-04-06,222.56904565831303,292.24194055358805,350.9034294627623,421.6951389995953,542.9653014366082
2029-04-09,222.15472257894933,292.07944662574545,352.62804582018475,422.06153333423543,543.3219009070043
2029-04-10,222.7466185961876,291.77801184693203,352.0533343306553,421.5627256916425,542.8029707954295
2029-04-11,222.88315769119424,290.1860229202879,353.4615642250941,421.91715248404336,540.8802313032602
2029-04-12,223.44704502560847,291.32114963307754,352.9049106552027,422.8433190247184,543.7132165969066
2029-04-13,224.43942185405535,291.49391129711626,355.45013903952344,423.4728034277867,541.5263760404864
2029-04-16,223.52637957914547,291.80819648890497,354.699342624118,423.1920033880518,544.1287403719698
2029-04-17,224.45877000347005,291.15014829886707,354.3483344409377,423.2628807993413,546.2463573084743
2029-04-18,225.3175249445439,291.83849705735616,355.74914289206686,424.5211395302654,549.8895858622169
2029-04-19,225.89787565135518,292.63256674131406,356.8598891352667,424.18803354533804,548.6064507123422
2029-04-20,226.17358559972718,292.39502294313394,356.95955212469164,424.16687340590283,548.9768806519952
2029-04-23,225.8630672070674,292.8877210865398,357.0330974896101,426.876180997517,551.2178968016851
2029-04-24,226.18012428791857,292.8510232746696,356.9818212592594,427.81481325749166,550.9131377281348
2029-04-25,226.31217385298487,292.9862220074808,356.96773742632183,427.3475366322032,552.2409999828204
2029-04-26,227.18018931346276,293.6863994988621,356.56096288567574,427.90928710992023,553.6961729662376
2029-04-27,227.32563597255665,293.2368439115864,357.3235784197661,426.38569311021456,553.9662910714867
2029-04-30,227.33591454017514,293.97365253641317,357.1318036475648,428.0423661450519,553.4947789766823
2029-05-01,227.81248910130373,294.4514694173204,357.9339374241255,430.01721656332995,554.9154113265671
2029-05-02,227.94629342790967,294.8072886456881,356.50801854778274,429.31955201972914,555.5783236860443
2029-05-03,227.02437664142042,295.2957474194653,356.9049796307606,429.44590448844383,562.5421339192103
2029-05-04,228.0981720657082,294.00973334540834,358.56750687821227,430.9098309713095,560.1248402404141
2029-05-07,227.79952608275204,294.5635780926323,358.3742746711056,432.1638147163568,556.7927802642286
2029-05-08,226.90145942625017,295.5036652775292,358.5766651483502,431.38577695599514,561.4246292038359
2029-05-09,228.23708471101165,296.18950051239545,359.2271585846746,431.304367945835,563.002265213977
2029-05-10,228.70243553446306,296.12326353768924,359.6694034855951,432.08656822175453,559.691330394825
2029-05-11,231.00077963691695,296.1390438368081,360.6700667651436,432.7095851145937,566.3462735582599
2029-05-14,229.2221566391494,296.2831269179301,359.98390100668837,433.88229877751326,564.8919402106624
2029-05-15,232.36237479530965,296.3875458170837,359.42555893279973,436.0894969733186,565.1268547127996
2029-05-16,230.4182977328792,297.52147015287903,359.89606292581,436.79529745883605,569.7813139965731
2029-05-17,230.25626547185962,296.82539425786484,360.85811225808834,435.76442862684985,570.2425425935568
2029-05-18,230.41768863941888,296.9332113760702,360.9202257017563,438.5385449485719,566.8466911324723
2029-05-21,231.10329568234798,296.761244034958,360.2866199097077,438.5001460452139,567.803710862787
2029-05-22,230.54934537602347,298.02753947608664,360.8694812742184,439.2875598884599,572.1521153259774
2029-05-23,231.12175073946045,298.41701754844735,361.5754077280393,439.70997927985843,573.1644824038908
2029-05-24,231.1577850615525,298.31355190015876,361.3340291920664,440.69702032887494,570.3192558567885
2029-05-25,229.78623343183924,297.12987587273574,361.62874637954667,440.6801872303472,577.1589457358809
2029-05-28,230.13016801032686,298.2199254154342,361.76222643155063,442.1419983764911,574.1250226354132
2029-05-29,231.09058956617966,298.6326105409973,362.9068980107012,443.7875901881484,573.9118319504005
2029-05-30,231.15411192131964,298.5727300402242,362.81258411790634,441.4444517567736,573.4783988330308
2029-05-31,231.59666302389104,298.93009380435916,363.89969153366235,443.5392037897213,573.1679166340583
2029-06-01,232.17290851703027,301.1481348314743,364.52920255183074,444.96502626221763,579.0328142531062
2029-06-04,232.22621421967037,300.58282241198407,364.6734791081218,444.877564092403,579.933182163707
2029-06-05,232.31361948689982,301.74024972172026,365.3462936320078,445.07976172860356,580.0940290283036
2029-06-06,231.4526678554508,303.2570543099176,366.3974671178096,444.7876021131223,582.4419369790753
2029-06-07,232.5852162378361,302.66502521658657,367.5790660193131,445.05136104929835,582.9410925563604
2029-06-08,232.0202334935603,302.94237436809834,369.48909403499016,444.12096119385967,582.7624208432226
2029-06-11,232.38172445110132,302.88249869165634,368.49220469490297,447.02733643931197,584.6841689478006
2029-06-12,233.3158632773625,302.73665074330046,369.63238427823757,446.50748418120594,587.010408137047
2029-06-13,232.55210465191135,302.8571974491074,369.28848268642565,446.1383544335638,590.8131084827315
2029-06-14,232.80323853617602,304.00634312823286,368.52668364671194,445.50628396680463,589.1521858316088
2029-06-15,232.0219281480795,304.27510553873395,369.87458261847746,447.62316770954453,589.4122370781294
2029-06-18,233.25213706651198,304.7574710156074,371.3004304423081,447.786798544405,589.7387163624733
2029-06-19,233.3077150468666,305.0591015344344,370.6698803219024,446.7673648142212,589.7732164002003
2029-06-20,232.33717265995216,305.69787895224965,370.66276073245797,446.7734460376164,589.9925691222276
2029-06-21,233.62775912371535,306.09987053039276,370.5963083679097,448.75191967537535,592.0304235025768
2029-06-22,232.81311961682698,307.0763748379276,370.22146070953204,447.6878776965664,594.5343378169946
2029-06-25,234.96497353336494,306.18009851205346,372.57868220912417,447.78252470664495,596.187602371419
2029-06-26,234.68612203938974,306.45089313454577,372.1253714605165,448.11417708661145,595.9873206518852
2029-06-27,234.93351695743783,305.8305412509082,371.93075406126684,450.29701592333555,597.931394903035
2029-06-28,233.72074689887162,306.55493129963526,371.92766756476794,449.7940703905412,594.5766300711715
2029-06-29,235.41352329197525,307.6291028511276,371.81712576488314,450.6129444985874,594.9481767998045
2029-07-02,232.6610470580309,308.1681400517924,372.6788925644031,452.64262288477767,595.812034151929
2029-07-03,234.27882939718424,307.65633388393957,374.2356486590483,453.12028351819146,596.624769095832
2029-07-04,232.3318148615689,308.5760808632304,374.55569511051357,452.9949745371705,599.421392332875
2029-07-05,235.09678910301386,308.65695388573585,373.23484260511293,455.4439730270617,595.9124766730109
2029-07-06,235.14737893305724,308.4648877378106,375.00996880811897,455.7984065888182,597.0616187339106
2029-07-09,235.34194300452054,309.9516310720501,375.27864333102525,455.01984252516627,598.7764101911796
2029-07-10,234.73948617059477,308.56880902142075,373.83619817476256,456.0370552068797,597.9755741482467
2029-07-11,234.31531519495687,308.7523554440397,374.09606556527876,456.1157871899759,598.0889841008886
2029-07-12,234.17265943503924,308.63224084061744,374.85341243761366,456.9673689290722,600.1748037570795
2029-07-13,234.49258224957146,310.2577929846179,374.43768348680817,456.77105501706376,606.1792065070442
2029-07-16,235.68875788147272,310.57810765629233,375.2402050087638,457.00631848917146,602.5324904483263
2029-07-17,236.63833650579505,310.60255585629966,375.1411303916649,455.9511667139122,603.9206639454816
2029-07-18,236.44231815884172,311.40308557842695,376.7480488545783,456.3875060823293,602.0507371096915
2029-07-19,236.38178860376692,310.5365313429443,376.561212195409,458.7058561406926,601.2525520798688
2029-07-20,237.1451451352525,311.09011288393265,377.26193809396614,458.99626713531893,600.6436615721309
2029-07-23,237.99586540891463,310.8024756631438,379.1142754687611,460.0921007144058,601.4468277400576
2029-07-24,238.44820748439153,311.89060693961915,377.72284369466917,459.85876494298793,601.0732357505324
2029-07-25,236.79246015784344,313.58567226706765,377.8009180870364,460.90477496814424,604.6906746897216
2029-07-26,237.76063374931798,313.95769782537195,378.64114069468604,462.2853871982941,606.9424608739351
2029-07-27,238.42343062729162,314.2896078468758,380.41454926267033,463.89038914144834,610.0935258182232
2029-07-30,237.57846584545686,313.44413438504967,379.8198340643265,464.8239133468719,606.5876639408007
2029-07-31,239.0039795152524,314.5369022795307,380.76475806737585,466.2342051436216,608.6406371484882
2029-08-01,240.38421052670418,313.8416899980695,382.26269540400193,466.8097931580846,610.8801194709789
2029-08-02,241.65469862907523,314.3854308073339,383.90328398261033,468.8499041174565,610.5022181998571
2029-08-03,239.47847118841537,315.19505776220035,382.59876814656343,468.5864670449124,614.4849649869749
2029-08-06,240.06212331684296,314.3086074374825,382.8670756750039,468.2858626574792,614.9450101683279
2029-08-07,240.7395685068105,315.6622393641827,384.09631939103,468.4823590969171,612.6339234133015
2029-08-08,241.08782179488952,316.28430734193256,383.3264078644157,468.49934687874145,615.2527303026512
2029-08-09,239.95298341459736,316.1427126010547,383.9527746045168,469.2998470870471,614.9186687179003
2029-08-10,241.18395880593727,316.27439719523494,383.7050372345775,469.5607873875492,614.8445250686159
2029-08-13,240.5234839123508,316.19782334250215,384.85734504804486,470.5279459182842,617.2898880343021
2029-08-14,239.22061125248706,318.1666971591458,384.3810175802874,472.1062528745839,618.3135844294687
2029-08-15,237.7890163468915,316.7544167453983,384.39025267359006,473.36958530491614,620.6945150708298
2029-08-16,238.4907735366328,317.11741806973623,384.2579638319322,472.9363869852542,619.4049477445647
2029-08-17,237.51003519774406,317.7841384413259,387.77144982302576,472.95431291858966,619.1622174616165
2029-08-20,237.94112592150148,317.2306249053482,389.1345572063159,474.77696738745965,622.3080844284118
2029-08-21,239.6718742571761,318.00359912109167,389.28931704219417,474.0692598481051,618.4006406615276
2029-08-22,237.88918615430856,318.43832940366167,388.2960850308614,472.144281044645,622.137709821754
2029-08-23,239.8883878317146,320.3269898788216,388.67390330093724,473.86347641306816,622.0465661866896
2029-08-24,239.43117598936675,320.7289110114508,389.27221697425057,474.71939066329736,624.5787484240639
2029-08-27,236.32189940194905,321.20030729915527,388.8695962005185,474.59178637135744,625.0829633653213
2029-08-28,238.2529931696574,321.60131021834,389.3401282044053,474.53286543623034,624.3196993403186
2029-08-29,236.573492807513,321.4398748876755,389.41915277866076,476.2100611743456,624.7139007249936
2029-08-30,236.67410102666886,320.91267901647615,388.2676445713851,475.6181347763851,624.5605090320971
2029-08-31,238.35617862075034,321.3613687097419,389.8931858312695,476.0178791360397,624.617095913893
2029-09-03,237.32893220610868,321.25454424424544,390.01671485495683,476.92570960324224,623.3273298091566
2029-09-04,239.13840725476138,322.6267471903487,391.9392927309185,477.13914774189647,627.9306971614114
2029-09-05,239.99469806676038,321.21536970501825,393.8326339870879,476.8298305008753,625.4517474380011
2029-09-06,240.09576367521925,320.6800903915152,391.469353838537,478.1963148773266,630.3794853333219
2029-09-07,241.37467379758462,322.3650442400741,392.17313998386527,479.0301168481444,628.4833857433274
2029-09-10,241.5994794788426,322.59009663667575,391.4969446723372,479.32213113092524,630.1474718203117
2029-09-11,242.49942724922548,322.30777097017574,392.67315068526307,480.33990291522196,630.4126194206334
2029-09-12,241.5156705011862,321.6372630593662,391.8629927663969,478.79475321422876,630.7426477892972
2029-09-13,242.08974862524826,322.301342908571,392.37318760192113,479.13560445190177,628.9933903600831
2029-09-14,243.1218928416971,324.17788371377907,392.63284556757674,480.08602204134775,632.3651151181882
2029-09-17,241.24570840141942,324.1044732526271,392.78910320518145,480.2674118421384,632.1008769366462
2029-09-18,241.5831200598071,324.61027442796245,392.1714502326266,480.553579521201,634.1536346197132
2029-09-19,243.918304953023,324.3852925678517,393.2629015026813,481.22109534865484,637.3274745048127
2029-09-20,244.00477024096872,324.80290009211205,393.4850563309956,481.6672015196932,638.331832660514
2029-09-21,242.37640769495823,325.0475455568412,394.3378292011837,482.4695133707751,639.3876343026353
2029-09-24,242.91808844587794,325.40674225619415,395.9105313773378,485.07514332062,640.9695345310981
2029-09-25,243.01807733278403,326.09944482042357,396.1569682409709,483.9310806859333,643.4358499504523
2029-09-26,243.02919902701464,327.34967384627953,396.2497682176055,483.9517708320756,641.7568987012658
2029-09-27,243.1281018317104,326.1370520757173,395.2106692512915,484.2986988464391,640.5092618751479
2029-09-28,243.3956657212928,329.7242219968232,396.6104484765704,484.2782999263859,642.8007230390475
2029-10-01,243.04424274498774,329.31177335417385,397.78517222702163,485.6332312350372,644.8198608297166
2029-10-02,243.86556660661992,330.7744342003952,399.36167808230533,486.1158202081598,644.912554858386
2029-10-03,244.46245819696267,329.0315423755806,398.9747519148869,485.97078099573923,649.2602607364942
2029-10-04,245.0219580683349,330.35744628910453,400.62704427083753,489.65769808682626,651.7077435614814
2029-10-05,244.35093718843498,329.11422594037356,400.1186624995016,487.50553495093646,651.9992712892001
2029-10-08,246.0255561100561,330.6417475851807,401.87338425702023,490.2967980051909,659.8161620048471
2029-10-09,247.3038697939683,330.9472268307935,402.76300225920846,491.238743874813,653.008554155882
2029-10-10,247.0941133834775,330.63694347509636,401.7371191494999,491.1628526597812,648.5340321139787
2029-10-11,248.99073663855376,330.9330763440188,403.84208140674616,492.0569247931795,650.8686383606858
2029-10-12,249.04285137942202,330.6021817006277,404.3992481102631,492.1920374937565,649.9940772631967
2029-10-15,249.01022730692256,331.4438608932705,403.69108505738035,494.5006148193596,646.2247564126695
2029-10-16,249.5746287009909,330.47733777575854,405.46943326679684,492.4243384995236,645.2247954043834
2029-10-17,249.92652549941724,332.07778503074906,404.90022187264344,492.2724502370468,645.2799939444193
2029-10-18,248.7425071337355,330.8513087310522,407.2711349418937,494.6640831261225,649.1524078721275
2029-10-19,250.1591290743663,332.5799622051662,407.4966262551196,495.36496963898816,650.6378260890153
2029-10-22,251.37285186661148,332.24220728616604,405.7515282676061,495.505900260075,650.6791145429028
2029-10-23,251.05816631581766,331.00984976751374,405.74538894762503,495.7776843811581,651.5976478848111
2029-10-24,249.60100291917365,331.0110960217903,406.9660505601733,496.6950511803001,652.0631536012942
2029-10-25,250.14107134742056,332.4710781394906,407.9583017697192,497.4570958747678,649.1804495878525
2029-10-26,249.84719061741322,332.6185419226635,409.12273794565994,497.2025219201661,650.3625510344708
2029-10-29,249.03235834208974,331.66277580373816,410.23498446147914,495.893068306318,651.5008007306358
2029-10-30,248.21799736240698,332.7569821058818,408.5856291237859,498.0689674522537,655.9677833064843
2029-10-31,250.11190627460763,333.72416208966285,410.69896142325285,497.0263685202839,658.024632657496
2029-11-01,248.7852545727536,333.45057382598657,412.20829578782525,498.2174613838186,662.2645826003196
2029-11-02,249.95040901777156,334.7570709100511,414.5583900405687,499.31694796006684,662.1732351582078
2029-11-05,249.98177342596023,335.2621897020048,412.8943737136577,500.56624203267177,666.0064587223499
2029-11-06,250.287260278188,335.31728498220366,413.42325350686514,501.2897581873205,664.574305819649
2029-11-07,249.89676629464208,333.98234257386633,414.602298854737,502.02561340022754,663.6172871455669
2029-11-08,250.59155946498626,335.40695877499536,414.97469114064734,502.88589418411834,669.9750502269686
2029-11-09,248.7175221789095,335.5154140036971,414.63956740963505,503.30195301622643,665.3273893460287
2029-11-12,248.58234136188284,337.50094604191906,415.94998269098426,504.9387861919493,662.9271460099517
2029-11-13,249.97707418244437,337.18142287655763,416.16899724550626,506.2848193994465,662.848397104816
2029-11-14,249.42276828874463,338.17453323829227,417.7067971473151,507.1093301055525,662.5265597926013
2029-11-15,249.45773341202172,337.65486620885355,417.5138388223269,506.4497134209122,663.2801603714773
2029-11-16,249.78650585440218,338.39427166803034,417.29136660412865,506.5760028486726,662.2178066413652
2029-11-19,248.77176295702782,339.21001163823513,418.08099703099356,505.7553252347463,663.5750389517747
2029-11-20,251.3237535056981,339.8370054752188,417.29906799577327,504.8143878242972,660.6797728774828
2029-11-21,250.52783210872036,340.93397250752463,417.8619265501693,505.5056139812581,664.0027226404836
2029-11-22,251.1558151591896,341.22904983808917,418.33891154936055,509.9346179709381,660.2007329683973
2029-11-23,251.03852862142958,340.58184478628067,418.1745174736104,509.5170858932958,659.8022867838718
2029-11-26,251.82080225390857,339.68328862455223,418.8513641793651,508.017738892553,660.7629931803752
2029-11-27,251.94812415037723,340.9946223168468,418.6605845698375,508.0672598557771,664.4256282093302
2029-11-28,254.17803188636788,340.416780189134,419.4824860017885,508.85253186995453,664.1198477576235
2029-11-29,253.1649508627038,341.36652356577656,421.94906680079885,506.25792521641245,667.4908146688218
2029-11-30,254.4726263487881,341.0686732613733,422.74386072200434,507.35555895575817,662.0017554537812
2029-12-03,255.72470121403182,341.1722446512098,421.8550176249247,506.0879710708674,669.121180709715
2029-12-04,255.51515686668424,340.3801081604247,421.5090824486235,507.321634558736,668.9719230958758
2029-12-05,254.4146441380015,341.948103684889,424.17333545145016,509.4314520261321,670.1552744497811
2029-12-06,255.45792637194904,342.7250587060838,422.5924444971831,508.59031306373294,662.3086352771367
2029-12-07,255.50112013946,344.24559382261225,420.8332916756199,510.11763789966176,668.2563332194816
2029-12-10,254.154992369872,343.54761931142497,422.68404510028176,512.0363642559854,666.086374141813
2029-12-11,253.99604418775638,343.8503276331834,422.90179285628085,511.1354567619179,662.9564794486503
2029-12-12,251.9489097655257,344.2043506849549,422.9924139279922,512.2771836704399,667.7607105377999
2029-12-13,253.91521041562115,343.90291805741873,422.5408095135474,512.5762245035163,666.4824500303714
2029-12-14,253.9145547645128,345.20697497032614,425.7194979358601,512.3704138516532,669.4824532879599
2029-12-17,255.92012026833817,344.0637756460123,428.57118093336976,513.7526739847392,669.5484226106986
2029-12-18,254.41564998984322,344.5559918316165,427.40181013167603,514.2872261290413,670.2595968453085
2029-12-19,255.43221336737238,343.90655684918545,426.8979554644999,514.2874674838542,669.0755852163074
2029-12-20,255.25774031616103,343.2761340020926,429.459345579298,517.3120354181791,668.7169774252137
2029-12-21,255.95531823865804,343.6434100939488,429.1075240306441,518.2001173954986,666.1716667631547
2029-12-24,258.2341701944583,344.4503719469801,428.76009146432506,520.1986589148379,669.4238760695479
2029-12-25,257.9308555627537,344.4118190359547,428.89086680271726,520.8383485267228,671.4574225633397
2029-12-26,258.5419663841001,344.5349317696111,430.2075217956202,523.2544060622148,674.286526720324
2029-12-27,257.42178818136506,344.7304091113052,428.75906024625203,524.8473844270287,672.7975075380206
2029-12-28,255.94243954057535,344.32191233038407,430.50249700485926,526.3832561645135,675.7663422057851
2029-12-31,256.9661138827443,346.0248573126729,431.97673856970584,524.9197419135603,679.3168842104069
2030-01-01,256.1396435340651,345.2731784637228,432.2991012017912,526.1216204354437,678.1680559708051
2030-01-02,255.88354760598497,345.7935529018872,432.7310034246891,524.5621135545516,678.9117578246394
2030-01-03,256.0528105381502,345.6790533420596,432.9875257623961,523.7866426216203,680.0576020214214
2030-01-04,257.50071031932765,346.6258069867001,432.6964904793407,525.3216712416842,680.2860771021546
2030-01-07,257.0717444872369,346.149364107501,434.81016585870475,527.7403407625166,686.8180420347059
2030-01-08,256.9076737739211,347.3793422388419,435.2623475333888,525.1542990978475,687.8359719936391
2030-01-09,257.6226116357196,346.572912693186,435.94242040182496,529.6169877032812,685.9726592322297
2030-01-10,257.00530747463324,346.78661630709917,436.4204687075609,529.171902776227,686.6657003026846
2030-01-11,257.5926256156532,346.59922726528265,436.1176316016271,526.9189619490824,686.7576934278167
2030-01-14,256.9512051534886,348.7069424694586,437.3247427298892,528.670543087224,685.3212124372943
2030-01-15,255.94245068531268,347.5930080686254,436.1893136045122,528.9503814393527,692.2426205929733
2030-01-16,257.6758304201471,348.49959529331136,437.0707516097802,529.63851277155,691.780826426713
2030-01-17,256.34571895861825,348.4170791668507,436.54962213770625,531.7979483256881,690.1402897647791
2030-01-18,256.0570268482676,349.34881383539255,436.2455917332484,532.8378159140307,690.4772602578817
2030-01-21,255.6575798777298,349.5562282395667,436.1942523176717,529.164069008839,696.4848008847905
2030-01-22,258.0098109784484,350.1647256909188,436.6316031256938,530.7016283066147,694.6262815248823
2030-01-23,258.3962052503368,350.1887967440604,437.0245563571321,532.3119658688254,691.8434374256227
2030-01-24,258.08708451589183,350.93231874243406,438.3854846494832,533.2782395693675,695.6575178883777
2030-01-25,258.5032543189387,351.4528918614767,439.4585198767546,532.8077701445386,694.7264868055356
2030-01-28,259.1815078441258,350.61142692122803,440.5542330465452,531.4238199615991,691.5412744324004
2030-01-29,259.4918431275953,352.113942009768,440.1215088365138,532.3772116133304,696.929869089328
2030-01-30,259.54937418411527,354.29001763523695,439.96201103173223,533.246676367045,701.303020369143
2030-01-31,259.17105150036843,354.6801312471107,438.61581140856197,535.4820768240772,705.4063105840642
2030-02-01,259.70511875102665,355.4266702320204,438.60482112285223,536.01890298817,704.080100555401
2030-02-04,258.43157132830515,354.63144618731985,439.01838489816146,538.5663829377846,708.5347624718897
2030-02-05,260.3252448403189,356.05981780714217,439.7255211421525,540.0030926444763,713.391443519829
2030-02-06,258.6331102128537,356.25692414584444,440.0607426166706,539.0382441918988,706.8812762687411
2030-02-07,259.3986752857645,356.1076092619368,439.7429168585494,538.549419975702,706.8345076903367
2030-02-08,258.8462153082847,356.42075927112705,440.1902909163101,539.5210872189161,715.8992635999566
2030-02-11,257.8696128085524,356.7695874689676,441.10426342363775,539.3551115501166,716.2398244090285
2030-02-12,256.4988727053409,357.0651540134805,440.92035419937685,540.6512394534924,716.0613954261835
2030-02-13,255.91909240744897,355.1774304008521,440.27504697639586,541.914876092754,716.4688352496977
2030-02-14,256.1363193935627,357.11720426980787,441.1181290498137,543.3417632033381,720.2398639180997
2030-02-15,258.512387916522,356.81021474272404,441.5974900254462,543.702291604268,720.4128612381232
2030-02-18,258.9210546472545,357.7253094830719,441.8730657889372,545.3757147203867,721.7061572994897
2030-02-19,260.24885271816555,358.6673886465421,443.01113136944275,546.6730562497974,731.5908174293223
2030-02-20,258.8785385561211,357.8635496479939,441.5637107560167,550.426472295238,730.8118939568316
2030-02-21,261.0452885492934,358.71676882382326,441.0747484716305,549.3353272031426,731.831805670666
2030-02-22,260.3381347105658,358.97727147762987,442.0050518225109,551.3106108115654,731.1305128168244
2030-02-25,260.8554232443343,357.5765327631896,441.9189503607125,548.5588472180245,732.0789663766872
2030-02-26,260.1091805268264,357.3628821709299,443.1708615413713,551.0747673499038,734.1957747877904
2030-02-27,260.41576859628776,358.6883331491737,443.9067497248702,550.7887759533777,730.0545563350795
2030-02-28,261.3591941301195,358.95612094177034,442.5903489572663,551.2904323571288,732.0327279151767
2030-03-01,262.8306241955912,358.6893314337977,446.47497571741076,551.332069327462,735.9622516759966
2030-03-04,263.8242854689699,360.09460004590926,446.160730899343,550.0978641886347,733.2846741703958
2030-03-05,264.111960885799,360.87137608321547,447.3792857855768,552.1667361158503,728.9616654962626
2030-03-06,263.6995824761909,362.5861666054401,447.21642990399357,553.1534277450984,734.4189718449454
2030-03-07,265.33575255731637,363.81237988033695,447.6609728668787,553.8677336031571,736.0514652301804
2030-03-08,266.53162850386354,362.83442481341166,448.43238209512896,551.8517348423143,729.7595793531331
2030-03-11,265.63356773234005,362.2062288665174,449.6190425873921,555.1081685362748,730.8503820917379
2030-03-12,266.81436675192316,362.14485868351767,449.7563090644079,551.985616181541,735.1442989773989
2030-03-13,267.37050119669544,363.5523918038062,450.31393749237793,552.1397219867704,734.1668426185847
2030-03-14,267.2229929187356,363.0837830897017,453.14689632326,553.854725398583,733.1610094107144
2030-03-15,267.2391568491107,363.42614140517816,450.1845393256972,554.8816703193144,736.5324203339073
2030-03-18,268.38004219743556,364.3074907599258,451.2477697697896,555.5958177640083,737.4772230202036
2030-03-19,266.3112273680794,364.1456690685175,451.27159395793996,555.8855921321799,737.0768636567864
2030-03-20,267.3027990308554,364.83871091759727,453.39571903682287,555.5584390173365,739.997289685084
2030-03-21,266.2746637730942,365.75596086372184,451.94867954316123,555.7313579463163,738.4859772856331
2030-03-22,266.5839688601922,367.27985937876804,452.17336788958835,556.0529777985643,739.8573049671603
2030-03-25,266.7380378653892,365.7768203901662,452.7390917549444,556.9242212626637,741.1225618419222
2030-03-26,265.2616875219062,365.5988312373656,451.3170312530224,559.0064793258324,740.4501254637509
2030-03-27,267.5178144089512,366.0552535504384,452.3557014639074,561.9224229397163,742.3771665881998
2030-03-28,266.322341118213,365.9869246765886,452.0387340954668,561.6283283978926,745.4320280608136
2030-03-29,266.6542719648121,366.96512687504435,452.4588221895185,560.899744786923,748.4772698252791
2030-04-01,267.2584265969582,367.04807110349304,453.7376617073546,560.2370715457304,744.7647015786732
2030-04-02,266.66554640452875,367.785055594013,452.68500086870677,562.7930353540785,748.0967024263142
2030-04-03,268.22588555113373,367.2680018697805,452.725444344449,564.4360625014285,747.978191129082
2030-04-04,268.8432524124357,366.82696135951977,455.0589599565311,565.0466829237099,748.2186217580063
2030-04-05,269.17452783814446,366.68222737096846,454.21539281259953,567.7537701097788,747.874794962655
2030-04-08,271.0237574983885,368.25544532657057,456.5738624895955,569.2501083325951,751.4170410308171
2030-04-09,268.88913591460675,368.0757169791622,457.46587277407855,570.1189834255797,748.8166820282097
2030-04-10,269.6852007211302,368.8337273194115,457.33855720117253,572.403088471001,750.5018578032052
2030-04-11,269.2303092135597,369.44333720962845,457.85081044373925,572.4235360385321,750.788201399635
2030-04-12,268.6317547090081,368.79101674304525,457.915219685813,573.0271582885017,751.2915911422443
2030-04-15,270.3163329570206,368.9774211896962,457.455414325217,573.4886016663797,754.4130289047802
2030-04-16,272.03077587431386,369.36996364844526,458.13000414091084,575.1095022895528,755.2600738489515
2030-04-17,272.70525925015386,371.06309582017775,459.50357196795784,581.5367319227192,755.9228785326014
2030-04-18,272.5360801101373,371.22009726788235,458.8136537410336,581.1491176586511,756.8516233448088
2030-04-19,273.9967805213731,370.24398886656945,457.8619962085743,580.9515954483982,758.6383086405781
2030-04-22,271.71498895832417,370.9203698029285,458.9794036017736,581.9674446210468,758.3787134406363
2030-04-23,272.97017860366446,373.36583197526795,459.22117413879425,582.2629501732291,761.334290127443
2030-04-24,271.6510032719642,372.8672268036973,461.07862307357703,580.0805829077768,765.1057512191289
2030-04-25,270.9327880937855,373.3059148682437,460.3790397248898,580.692587053213,765.7741773682892
2030-04-26,273.6903710482892,372.7640918797654,462.6653710402908,583.8084838149882,765.5702904595072
2030-04-29,275.0955503164907,372.9492036050201,464.362064977058,583.9143194382793,763.7970867967312
2030-04-30,272.89402124574906,373.03892822218944,463.69579196710924,583.416799968644,763.1369653351577
2030-05-01,273.77594514226286,374.30496150666687,464.7869241561985,584.829726483667,765.2268563626902
2030-05-02,274.45699872070094,375.9907960718691,464.43141248048886,584.9368315169298,758.4778167627243
2030-05-03,274.31359446693443,374.8036733341942,463.4432909676005,589.0619094234673,762.778222174264
2030-05-06,275.2646136064902,375.066866856719,464.47754082367385,587.9502407815801,767.7682539389575
2030-05-07,274.7257391541614,374.4362381727872,464.9056708661956,587.049678495375,770.8767942696373
2030-05-08,275.3259062278368,374.87433277148415,465.46705821023653,587.346366789837,767.5334482477379
2030-05-09,275.5700501990223,375.31202651841767,465.38613012516385,589.1942306436312,768.1511130743316
2030-05-10,275.2471124601,375.901746806625,467.73679746774246,587.1344114582706,766.2089289722505
2030-05-13,275.2941231568712,374.9612477757888,467.0948376926648,588.5247309901586,769.0011976396798
2030-05-14,275.99396569520695,374.91849754861556,468.73341904285326,589.6023425230405,764.5835573396045
2030-05-15,275.8247457259234,374.070280299198,471.26168861266143,591.2937092658151,767.096600969819
2030-05-16,276.09925301949767,375.49616644809726,471.08707901302853,591.9453299154293,763.7001252445625
2030-05-17,276.11580338656347,375.2740341389774,470.23748269416825,592.3724217408976,762.8418443423724
2030-05-20,276.4314151104207,377.5187857618588,471.93899341073774,591.3642893532568,763.6672459872283
2030-05-21,274.657171573314,376.39870084347825,472.60932891444656,592.494058231103,767.3743216343516
2030-05-22,274.69768323506423,378.8247698802767,473.65387705947296,592.0829290389452,772.4006930976495
2030-05-23,276.2596078275762,377.8895013490797,474.74490767850136,595.4745473696084,774.4541408322067
2030-05-24,275.83044544337264,378.5228671936051,474.48312064981735,596.5559078787502,777.4985518048501
2030-05-27,278.3974713599161,379.3049226202254,474.1547165524263,594.1433177019146,778.086263767959
2030-05-28,277.16410281553993,377.63891588344984,474.6713286361776,594.3837649713631,778.6089578660752
2030-05-29,277.62422232514166,377.9100326293718,474.15745844407365,593.0938023961035,778.7152814111715
2030-05-30,278.0764494371656,379.6968538079109,473.7053380090004,597.086383624823,776.13734077847
2030-05-31,277.54237555916944,379.5150152497563,475.77729043121207,597.2134407122325,776.4342154033653
2030-06-03,277.65402146288545,381.0357625470885,476.1953581657504,597.2576632366198,777.2373974707954
2030-06-04,277.85795803927004,380.96468409257557,476.97830934882944,598.1619480149491,775.4438213929284
2030-06-05,278.0960718342327,380.7125553959237,476.2172039205989,599.263998779615,779.7829496616906
2030-06-06,277.1561243476233,380.9395157576098,477.0038695920299,601.3145263945626,784.5725264625352
2030-06-07,278.0667571057744,380.27460148476735,479.348932260952,605.2104777934617,786.6921056835541
2030-06-10,279.5698550290958,381.8981841297972,478.43039694353854,604.1113940088028,787.1577661268766
2030-06-11,277.8521951065183,381.8195492929327,479.8725458397879,603.7144606595108,788.4076641245161
2030-06-12,279.44550663064337,383.24409442951355,480.5032760558262,602.3892178377985,790.820931931284
2030-06-13,277.4348514916654,381.66906409361627,481.5599470839428,604.6311241558121,793.2308595157392
2030-06-14,278.6383376304776,381.56769267102277,480.9678922314536,603.5268088197405,795.6775336622063
2030-06-17,279.8810458356973,384.6072560360184,482.4514371952413,606.7020459389279,796.3381730645145
2030-06-18,278.87543662592174,383.54531122513,482.1554170106772,606.0117677119715,799.3199766521021
2030-06-19,278.94164294375565,387.7935927572822,481.24322367678474,608.2555990386879,796.4549301981591
2030-06-20,278.8633584553037,386.3422258125512,481.22387479634847,607.3923753953582,804.0419958152024
2030-06-21,280.70925280639676,385.5909045095922,482.2848702637556,610.3037040322454,804.9424066923958
2030-06-24,280.91071363776314,388.19020024441,482.8255533879952,606.7870387732149,810.8448294899594
2030-06-25,278.634690771649,387.1806963345241,483.22958987179663,608.0349890700656,800.1787044041625
2030-06-26,279.2779554024043,386.359062798831,482.7669291217152,608.4338668729291,801.5695852679593
2030-06-27,280.94841115091793,387.32991186891536,482.6454577797449,608.0670687412032,808.1621171158845
2030-06-28,280.7766102153862,387.0303321423312,483.7529703795783,608.3346267593759,807.5588534897026
2030-07-01,281.23943742932056,387.79897422366344,482.657842481608,612.2947771930336,810.2682214967718
2030-07-02,282.9774626755807,388.0321317797294,483.55204163759083,613.7461501623729,809.5692666657869
2030-07-03,283.10180301010024,387.80193926917207,482.6583017583432,613.4431999208039,808.9591168767977
2030-07-04,284.61032295289766,385.90854488015907,484.98348015356646,613.3036563507991,811.4991359798375
2030-07-05,283.3255482707712,387.7943931707547,485.753075571447,616.1252633205711,813.174785490423
2030-07-08,284.1492053309151,386.81008120457204,483.57287972747923,613.4673131399423,816.7816445251655
2030-07-09,284.7324405140915,387.6660144569154,486.23840749670023,616.9475226250979,818.0367497954063
2030-07-10,285.3472056773586,387.97789033071865,485.0561902328486,619.1823800491693,818.1633184991846
2030-07-11,283.1825420615422,388.9126121754105,486.11011775394707,619.3569625496153,816.2146662725113
2030-07-12,283.36702572511405,390.4725168391576,487.8923606184678,619.0529928613354,817.443231052337
2030-07-15,285.27224124146204,390.4870699211487,489.8337731439174,620.5285509968891,818.8326511952696
2030-07-16,285.04551998894374,389.6177628862347,490.6380537139264,623.2616132144808,818.5314797951761
2030-07-17,284.22270926181324,389.9500571928007,490.4219699305043,621.9967876868604,820.4119037702072
2030-07-18,284.1488668649236,389.46341251119946,490.26595269773486,625.9844030048664,827.487179319885
2030-07-19,286.18648604735984,389.32768461004565,490.8619939427575,624.0813762517543,833.7666756073731
2030-07-22,285.4922872806556,390.84873737131,491.34256855765904,622.4554477461011,833.9975123475473
2030-07-23,285.5167536757381,390.55327328826155,491.5429336444715,623.6080337994553,836.7025991196826
2030-07-24,283.14230500067873,389.4415864883429,493.96839328551096,623.8272987983262,841.062855224887
2030-07-25,284.41331509895474,388.53259548328236,495.2788789362396,625.1297075388393,840.4898629153287
2030-07-26,286.0867460358296,389.97175953043194,495.18942071673166,625.6801230050502,843.3120742270878
2030-07-29,283.12726099980114,389.4248471769367,494.86960379399704,627.7682597723483,845.0644272486569
2030-07-30,282.23088800892185,391.6188120823293,497.3170680121216,626.529893947174,839.2772369540196
2030-07-31,286.7046714646308,390.30623652457405,496.2461327728852,629.0002951121573,842.1728144941744
2030-08-01,285.52448911517615,391.41507779077955,497.5095921853049,629.2137451437111,847.94418981127
2030-08-02,283.071255728326,391.5843197875744,497.84303376756066,629.459582892136,844.2455029756018
2030-08-05,282.2520645969073,392.3202535697512,499.95271007476254,630.8512158106907,849.9527766683021
2030-08-06,281.78453877193874,391.6650910006014,501.0501847081428,631.532145770279,847.925784117532
2030-08-07,283.71572494898794,392.83626749772253,500.88833401242374,632.2287121543915,848.4534110484894
2030-08-08,282.3210371657275,394.00719749588063,498.83283587495225,635.9025222087178,850.1919612312957
2030-08-09,282.4148834606251,394.11555808460946,501.6612915683394,634.3407092559662,860.5452007150135
2030-08-12,285.4650444150458,393.6965834130884,499.94971661765413,633.5282477386756,864.1857438757086
2030-08-13,285.4940949552434,394.24047150029753,500.62747977621615,634.569985975791,867.1050282386176
2030-08-14,284.45701334463723,394.6562308542465,503.44633337461283,635.9725280064645,861.2717532215958
2030-08-15,284.26678116168085,396.2738759764701,503.0949114480736,635.826082497797,864.026874419305
2030-08-16,284.71487028743223,397.1533811948308,503.13606972412526,638.1535356370865,859.51190250206
2030-08-19,283.7289844144332,395.67226764316354,502.69192719339514,634.8712690886853,856.1067131337104
2030-08-20,283.57973097532937,396.8422225786475,502.2272483298932,637.2066127205779,856.7311323800955
2030-08-21,283.3394318122091,397.06957361798385,502.40656436027655,636.6177984351418,863.6119529291739
2030-08-22,283.8846372384912,397.1570596159485,504.31970526141976,635.6752136177496,867.5395543273135
2030-08-23,288.021917306522,398.3856579428822,505.11790146098696,637.0070377156896,863.3591397668184
2030-08-26,288.3738577907448,399.1353364148764,506.06825619626295,636.507874087762,869.8803535950789
2030-08-27,289.5326965889217,400.16586478616955,506.363145747105,639.9330452098656,874.6822276352224
2030-08-28,287.6106334365777,400.8128732372822,505.82484994825995,641.0670454360613,875.2131028342765
2030-08-29,291.11125285236875,401.3357828261617,507.75282318922234,646.3277218379492,881.9573474035732
2030-08-30,292.2736844705003,400.78523555731203,507.10479405147373,644.3624760076267,883.4647160180442
2030-09-02,290.29852877951225,401.177549477292,507.43160938948216,644.6676266450938,883.6867055148023
2030-09-03,291.7810195849449,401.0467830139534,509.12833004417587,642.0267444161481,879.4552190235673
2030-09-04,291.8880099714546,401.99727926747744,509.48836089133675,645.8738696591223,889.7863120176986
2030-09-05,293.20183945617123,402.9212070299253,510.70085907596706,645.4058660987407,893.1129782367573
2030-09-06,291.76032136221426,404.4332026363014,510.21214441276794,646.5423900880818,893.857787582079
2030-09-09,293.9487814728436,404.14194106430205,513.6593581352399,646.5835339395617,890.1825855719597
2030-09-10,293.9385351516693,403.95534276740943,513.8821209691207,648.308585581936,891.0272289244465
2030-09-11,293.1647031465306,405.399880766784,514.0351473419723,648.8950644984566,892.9496414197889
2030-09-12,291.75998637288535,405.05957333987277,515.6425960122717,650.0348029525165,892.2501016430828
2030-09-13,291.4537630120346,405.4286109364038,514.8866074212751,651.5130425230772,885.8725716445748
2030-09-16,292.32875528459067,407.1640661857606,515.4188029056218,649.8444148077632,893.5944719846062
2030-09-17,293.3483098915351,407.14547466266663,513.9721927565712,651.4638131676988,892.6159424925288
2030-09-18,295.22276000756796,407.6425109227136,516.5048812610617,653.7324785346809,888.3315641513889
2030-09-19,297.1010841452641,408.43920440954764,517.2266425594721,654.0701608447818,893.8211115826434
2030-09-20,296.0241384593351,410.05104632349276,516.6487642114047,653.4209646444122,889.6490919570182
2030-09-23,296.09633573841046,410.33757750092656,517.9305034596243,652.0037156914616,889.7472839835888
2030-09-24,294.54798643853985,409.36043259449036,517.7048087018134,652.6584455408648,892.8666529224151
2030-09-25,298.4392570389682,409.17953314254515,516.9183667462787,654.5145572913514,894.1098258300904
2030-09-26,297.0832881412752,411.1108699552675,516.8521650206013,652.9671958536369,896.1347693048065
2030-09-27,298.14984964433125,410.29919379291755,517.4328741812524,653.3437439903146,896.4314308700935
2030-09-30,297.1749670439718,411.57559923041254,518.952790923058,655.1981644099149,899.052564589831
2030-10-01,297.4265990063181,410.9398405963484,520.1068632823185,656.176224122408,904.590641284497
2030-10-02,297.7378915694853,412.4432490946002,520.661924637521,657.259890553989,901.1686196798302
2030-10-03,297.8959611446982,411.59404054536293,520.2053596890914,657.1200488097147,905.6247109107708
2030-10-04,297.52267126095785,414.60290007650264,523.0762329778634,657.9667326740952,917.0866933604289
2030-10-07,297.58030543645333,415.3696525764943,520.4755058398835,658.2876847017475,916.2947896409604
2030-10-08,298.33262810289864,414.6785559764917,522.744223482476,661.5313854316614,917.0738611676368
2030-10-09,295.8402465771396,413.266360561742,523.4960615080201,660.9848181655448,913.4655213658408
2030-10-10,298.55138130861184,413.7569006503381,525.1136106466303,662.4403238675504,910.263076436085
2030-10-11,299.0176016208887,414.47781459347385,525.69260966316,664.1060073319308,911.1509160230131
2030-10-14,298.8629896388792,412.77964894986104,523.5133051489413,663.1341566993024,923.920771703928
2030-10-15,297.3577923837232,415.5904163162803,526.0514778738818,665.3587153989284,916.1838902094872
2030-10-16,297.109156903171,415.5317072196153,525.7095711463431,663.9158842823376,924.4021479755047
2030-10-17,298.55465042669937,415.09043028393387,525.5213209423845,663.0516113987809,918.4739645107853
2030-10-18,300.0338250359134,416.7998868058569,524.4504814684453,665.5023716325766,916.3581182209765
2030-10-21,300.8376025622405,417.4449405756673,523.3660800966456,665.4234703456686,920.6453297691293
2030-10-22,301.7176337586478,416.9184215851419,523.3024413016677,665.4707898685728,917.0516463999311
2030-10-23,301.3913466543974,416.24822209113756,526.1164985606923,664.1781818281949,919.6067359767322
2030-10-24,301.69884779181683,419.7836649849686,526.2716075701625,667.0504925854319,925.6140280400786
2030-10-25,302.08915568626645,418.2759728047235,527.2442043812899,669.2155921812345,925.2024587918504
2030-10-28,302.8129974066422,418.59907687719885,529.1074479785566,669.4203721551931,931.9194743450986
2030-10-29,302.84322973466016,418.62687820528333,531.1721213811468,671.1987824020102,934.5974694384256
2030-10-30,302.9427838307146,419.33228056102575,530.4347262120585,670.3085359635103,930.7364235332273
2030-10-31,302.2492933150023,420.1316905151146,532.0547302373448,671.2388498333784,927.5365124567786
2030-11-01,302.115217290524,420.3823099327608,533.5788115324503,672.1140413933422,929.1888551205
2030-11-04,304.25718262738684,420.09734037990336,532.6291616071762,673.0334247172354,924.7838514712951
2030-11-05,304.2658779889481,419.92294054394546,533.0218892071114,677.8167445028804,918.7535713835847
2030-11-06,306.3433785290748,420.5843602408543,533.2340755412064,678.8919024888826,927.159662151001
2030-11-07,306.6107634401851,422.8972749136806,534.9307806438636,675.7914271298176,925.0562508019133
2030-11-08,306.85117350597494,421.3903046645873,534.841900892214,678.9450183525906,936.6151722895794
2030-11-11,307.5998758877282,421.8193315474206,536.0460551616088,683.975636512327,937.1961446276675
2030-11-12,307.37853496708925,420.61762687192845,536.7343849948322,686.1295597691812,931.8420954497043
2030-11-13,302.5897207849504,424.24808869247033,536.3253405136443,682.2740622493812,935.3346591827437
2030-11-14,303.54283926113726,425.3190412784571,538.9303998294997,685.8885646541346,938.3727763737841
2030-11-15,302.36295901892646,425.4659704855661,538.1468418293038,686.4571160996379,937.6281322466315
2030-11-18,302.78481785773687,426.4803721791783,537.4379148088549,686.1624897086846,931.4167664717676
2030-11-19,302.81028483639074,427.289485564544,538.6934048365531,686.7253196500624,940.9930151291915
2030-11-20,304.5420391535901,426.31741784589764,539.4505247561447,689.4226564176964,944.6178885005977
2030-11-21,305.5688482761495,425.5052825340464,540.6616578332229,689.2174970868059,949.696331985972
2030-11-22,304.73096126544124,428.1680763218883,539.3513864504224,686.7300182949151,948.3719139171462
2030-11-25,305.4499020169819,428.739172976212,542.034939134527,687.6118948507877,959.7331996689707
2030-11-26,304.09743155022267,428.72836466600484,540.6875524369068,687.8091620198107,953.0396776940895
2030-11-27,304.0714720833384,429.40089653973666,542.2723695564034,691.008648838517,961.5227304157618
2030-11-28,304.8674946472925,430.792904379767,543.1049214405325,689.4734371698155,960.1268726144326
2030-11-29,305.28338292110436,430.0400190880554,545.2474365797145,690.9076484734411,955.3076088617069
2030-12-02,304.17285256892484,429.56902798298927,544.5889364691749,691.4640403072539,953.15385918035
2030-12-03,305.00691116323736,431.2445480016071,543.0308935780656,690.1487942620073,956.4166798310309
2030-12-04,306.2209578228902,433.0593706520862,544.5374596447175,692.2085837740847,957.046975425265
2030-12-05,303.7105882127181,430.83315446667604,545.786943080306,693.8213066022247,957.9017012846223
2030-12-06,304.54037408778913,431.8128338416575,546.9108327750166,693.9328111917905,959.4757110119563
2030-12-09,306.26973526449865,431.1600647229729,545.0232606078279,692.5747416074212,957.2807402204977
2030-12-10,304.81235790352264,430.0290988743099,548.7832372054158,695.674968027973,963.5375582719047
2030-12-11,306.1648179308375,430.995931526615,546.1150784041912,696.4164758495949,972.646545812034
2030-12-12,303.6173609488124,431.22389990232364,548.1065574706561,694.9728440888571,967.1138786240384
2030-12-13,306.17657617728247,432.8638244224153,550.0091913834419,695.932483798052,969.2070307934366
2030-12-16,306.9415255407688,433.4192080399962,550.7671653754346,699.4498043255247,961.1164613650997
2030-12-17,307.96983893361215,435.3322371943103,549.6154004023072,698.3297187843762,960.8138637478178
2030-12-18,304.84705626815736,434.20478653644,552.1110664073594,696.8509668276681,960.1890161717228
2030-12-19,305.1591998190307,433.28936159966884,551.0247263193548,699.3338235288169,961.4452582510532
2030-12-20,304.91996835787194,433.4422731144643,552.0473590350123,699.5462008123576,969.8403999875349
2030-12-23,307.01166212785927,434.7749923849161,552.0341443716176,701.3905749053283,963.8368470206674
2030-12-24,305.7836091103231,433.4117301376931,554.6356036894647,701.0049916705327,970.7611589931263
2030-12-25,306.4215390900742,432.52294024053884,555.8798334103222,704.9660296176182,970.1152087960645
2030-12-26,307.09414325190664,434.4468025062112,555.4815567156577,702.7214115600075,968.952341664519
2030-12-27,306.621763293827,434.09314663937914,558.1529380258849,704.5781787171135,972.281448407079
2030-12-30,303.8205750107489,435.46719746629304,556.2470974929242,706.4164771617552,974.0810694669036
2030-12-31,307.5055382267411,435.9583586723399,557.2363627082435,703.5540087249575,980.7921068366226
2031-01-01,307.95566622629167,436.9053709412833,556.8024515275656,702.6275361559902,980.1066470717167
2031-01-02,305.9344906054909,437.29742902447094,557.7497637681387,709.1826432702201,984.506800254421
2031-01-03,306.343574612063,435.64674416773414,557.6088993157141,705.5162333573502,986.9236368780392
2031-01-06,307.64948641353186,437.0939340317004,559.8013528130338,702.132422636881,983.7636071923488
2031-01-07,308.0826841426667,436.5455266697146,560.8655933648763,703.6854759377471,983.4283290160594
2031-01-08,309.1892657326737,436.17572947343456,561.9684546277763,705.0610721705798,980.0361450834679
2031-01-09,310.0991530694315,439.338792100725,561.3933897515195,711.3584712219792,990.5499019381464
2031-01-10,310.7075101196827,439.77026358087727,563.5762212947172,712.8866090173077,988.6956983836978
2031-01-13,310.65422215443755,439.30800791029753,562.5576562910928,712.6063496666601,998.5557807900948
2031-01-14,310.19007762600876,438.1993759279082,564.5795007059781,715.7126901043321,1005.2357238108624
2031-01-15,310.28418414652276,437.86638794079397,564.1920974852178,711.5491273833509,996.4695310856537
2031-01-16,311.32137984216246,439.70173295428435,563.109757873103,712.4537644403423,995.176237751201
2031-01-17,310.9133146695241,441.38818269304335,561.6732684571406,714.4292212052252,999.7698233651672
2031-01-20,311.5562437407861,441.97903389312,562.2396552245517,715.9915558099216,1004.3455503403725
2031-01-21,312.35396019991833,442.9689268247264,563.5421824490622,717.0324529112543,1005.1856164946659
2031-01-22,309.2421158457633,443.844895102828,565.7770304614671,719.5587483580198,1006.7164832915994
2031-01-23,308.1232847120503,442.4291564104922,566.6887532127572,719.5194786845998,998.5577156948185
2031-01-24,310.8830623834385,443.37394643672127,565.2118969338107,720.9520600151092,998.6156245777911
2031-01-27,311.12047452932376,443.6372320046285,565.2653957013797,722.558305885911,995.80065422913
2031-01-28,310.6152957707169,444.4867626317415,564.3608559503554,724.0990870978769,1001.0824939825608
2031-01-29,312.447382126452,445.0811893594239,567.5096066042772,721.4232198920843,999.000368052896
2031-01-30,312.08416054013,446.4940147517758,566.1660829807618,721.0405126396631,1004.8578804370238
2031-01-31,312.49964762037246,447.4882803279936,567.7109254294196,722.227198061373,1011.9068423002486
2031-02-03,314.4775629743124,447.8780125995648,567.1084574273319,723.0937542686966,1011.0992131197896
2031-02-04,313.95543488655926,447.23583838891074,568.2897005352215,723.6867798795952,1008.1318913587456
2031-02-05,317.84198262299685,450.4045953695046,569.3531660829335,725.0417484602415,1015.3810371949073
2031-02-06,316.7490166647495,448.1035818021139,569.2732362661643,725.2395880561465,1009.722670874349
2031-02-07,315.4348932640662,449.4683558556443,569.608744692822,727.4273012535998,1014.4470556746273
2031-02-10,318.0588713324187,449.58395513037044,572.609490903925,726.5915129756984,1013.7091156403839
2031-02-11,315.95703377620646,451.29747367655125,569.519992784942,728.341237259693,1012.6210319444809
2031-02-12,318.44549077736264,451.22853319780484,572.5208238289085,732.1712019719157,1012.3285099342577
2031-02-13,316.7133992857556,453.0178389128974,571.9479686865221,734.6482490248237,1007.08645860366
2031-02-14,317.37907292030434,453.270929927136,573.931956476863,735.1047813079563,1011.1349003444934
2031-02-17,318.4536999737075,453.9327138300583,573.9634638201255,736.5970295119434,1016.5698797890947
2031-02-18,319.04940647987087,454.0108544573652,573.2814902060709,738.2441648567503,1011.8699905472398
2031-02-19,318.407841028373,454.0446078659962,576.5429198688437,739.4318866078878,1013.529868022494
2031-02-20,318.6726685900636,453.7741181759527,576.9029297575058,736.7163294792299,1010.0903897801298
2031-02-21,316.28344510995976,454.09568865431214,575.0635060991219,738.1325381586834,1011.0566268135711
2031-02-24,316.4026271639324,453.0260948289817,574.5243608411743,737.8663574846994,1018.528401862187
2031-02-25,316.3958242256261,451.496658019656,575.8665587280718,739.3946218508979,1020.8653187871827
2031-02-26,316.9521516334316,454.7938438429285,573.8734415808815,736.1382675754362,1022.1389311186184
2031-02-27,315.45235742380913,458.02229744677265,572.7371870988759,736.3440143095847,1021.2744396682945
2031-02-28,316.57974186550234,456.4833539478848,572.7748026465283,736.6705539327794,1023.2462303847074
2031-03-03,315.6042966809193,454.3353850340849,573.2546269995102,736.2110703265213,1026.9436775609095
2031-03-04,317.33910153759075,454.3894248537729,575.2244691833455,738.6936740995949,1021.5392301640984
2031-03-05,318.0837599269894,452.46838134321274,575.2867290710685,742.3219034122509,1024.0442158943756
2031-03-06,319.2708767136868,454.28708519119766,575.3644601195645,744.1998681875109,1024.9723296746286
2031-03-07,319.16377612968944,454.8691282994821,576.6579049170268,741.6368811615405,1030.1886826202444
2031-03-10,318.5549728968914,457.4977717519907,576.2023048400276,741.8368031477751,1035.9414128586081
2031-03-11,319.0046446886275,458.995460541729,580.4474372665422,741.3747500799568,1029.1578825446322
2031-03-12,320.25454196241833,459.05232767629707,581.0128114353229,741.7338456613893,1034.8457776487924
2031-03-13,320.101979776391,459.02096580966185,580.0043411428046,742.6216431451186,1034.5109259846704
2031-03-14,319.4233117019383,458.813352091534,582.1201833191549,749.4765246957821,1039.7938925658407
2031-03-17,321.8258387472802,455.7992294262731,582.6217596148845,749.7897179208962,1046.0054065596285
2031-03-18,319.6992637253937,455.2604996345559,583.3335389984193,752.428459232452,1050.6698357518558
2031-03-19,319.91283722761085,457.6136869797468,582.7484087184464,750.3719306901805,1042.1063760559903
2031-03-20,317.2655134701621,457.56534232406733,583.4841016966787,747.6901312565884,1039.760886042729
2031-03-21,319.3839106229217,460.60200465342007,584.4199615655152,749.9641145211984,1039.140721385768
2031-03-24,319.48953368255604,460.15199414371574,585.2493229524555,754.2372232446555,1039.9822412689534
2031-03-25,319.57298432093756,459.8826563203751,585.7397018519192,754.1234006822501,1046.5737222255414
2031-03-26,322.58885683967503,458.82474614616694,586.488887020259,752.3825954390117,1048.1475263065079
2031-03-27,321.9466821877447,460.01835664394963,587.8609758032392,754.2295070197713,1055.1405054191073
2031-03-28,320.44336048355547,461.53569306809993,587.1779382897906,753.7503949595815,1052.8578012504747
