date,p5,p25,p50,p75,p95
2026-05-29,342.0072,342.0072,342.0072,342.0072,342.0072
2026-06-01,336.18186964284087,339.7199033935867,342.45546204801866,345.00636275972647,349.263898175793
2026-06-02,333.7755493346949,339.7403615630633,342.87039853732824,346.57117021575766,352.85641026882433
2026-06-03,332.3494940575552,339.0371193720928,343.18435760085225,348.09905282839463,355.4127349343329
2026-06-04,330.7788170899703,338.5567672860252,343.449214816319,348.821180142903,357.83220322374285
2026-06-05,328.7632607821914,337.80116429714076,343.766613415395,350.03378906079473,359.37783812587946
2026-06-08,327.4398618419955,337.4219929255835,343.9327093594115,350.82608863638586,361.2398596330394
2026-06-09,326.4886922859399,337.3883302785007,344.3758044771704,351.57745525842046,362.604035619099
2026-06-10,325.74295510329614,336.8066650640184,344.6526620541191,352.18027774026916,365.0129250170013
2026-06-11,325.3155799215578,336.929077090653,344.9178531556298,353.20916106334863,367.5256614998864
2026-06-12,325.0058940282741,336.7548402386736,345.4978905997565,353.77813475386904,367.802631458119
2026-06-15,323.4105673155941,336.66018670681257,345.7672972344573,354.3032576631622,369.3942571933186
2026-06-16,322.93970529275816,336.1124903116063,346.0381008392569,355.6032344397171,370.47191623591823
2026-06-17,323.13340346940134,336.2712487003473,347.0443502548196,356.08276067941125,372.13165029174365
2026-06-18,323.7951071499839,336.3178878360577,347.4311411990325,357.20080677859744,373.3257087045814
2026-06-19,322.3048422533584,336.6888251492684,347.58713946505486,357.93028361255625,375.04070574879205
2026-06-22,321.95714063854626,336.8707425758891,348.27754997501967,358.6840607337696,375.88026903865426
2026-06-23,321.7036260141035,336.7847946704788,348.72712558844063,358.7224201370007,377.3975027720707
2026-06-24,320.3793750198558,337.1093178346564,349.04216129173824,360.52515053138507,378.4274754239046
2026-06-25,320.30708757877613,337.53904984234657,349.0391505106196,361.16581801152853,379.01231429295933
2026-06-26,318.830365205335,337.3197711377498,349.08624599152654,362.8179802644638,381.93869947806286
2026-06-29,318.5612011417597,337.68464388567605,349.5968956122838,362.09708645252,383.610564427964
2026-06-30,318.2524534405755,338.10772885874104,349.9114672751149,364.0396653144979,384.7257120151346
2026-07-01,317.2447814172177,337.2619893569983,349.9404618218298,364.6980509101011,383.7140951202576
2026-07-02,318.33405862330443,336.86072451951634,350.15274507612787,365.2231888118034,385.6318282205502
2026-07-03,317.03648200595643,336.53220857539486,350.9593654184421,365.53269862527026,386.3221452208946
2026-07-06,316.8995571500254,336.9987720648432,351.13102726805846,366.1721636243998,388.44296497000323
2026-07-07,317.16365324634745,337.2596207407738,351.65915628246455,366.8384926893285,390.37506705351745
2026-07-08,316.4119727508025,337.36164119767756,351.97843973247643,367.61918491852873,391.35126326981776
2026-07-09,315.6259106634464,337.3684990554209,352.22549790789697,367.72668198274255,391.4273067895224
2026-07-10,316.0942759207213,338.0758964694862,352.66232180100224,369.0646292488161,392.41623210629064
2026-07-13,316.066732325148,337.6684551213257,353.2347533576364,369.00914386428235,394.64986553586465
2026-07-14,315.25228674492666,337.50772419348516,353.08956469798443,369.7489459773893,393.8927885122067
2026-07-15,316.21518974356746,337.41512512269,353.50706590613396,370.01701841471345,394.23287837891866
2026-07-16,315.94123988535677,337.0792261697308,354.4108788460576,371.19406741322285,396.3686452284542
2026-07-17,315.5900725012459,335.9878944415257,354.74070947913765,371.40893505105123,397.14001550194166
2026-07-20,314.1598631708781,336.3279899936713,355.8392899169912,371.7113739000475,397.71123989771564
2026-07-21,314.24782387400927,336.33993734116103,355.9842917102619,372.4674978875056,397.8958236670155
2026-07-22,312.94596414886365,336.68452732437686,355.44367337621566,372.85317406802756,398.67848967093653
2026-07-23,313.97961727118064,337.0567995498102,356.0683325503551,373.28956021970606,399.03032733239013
2026-07-24,315.1958097216697,337.47496493696246,356.26940785705517,374.0181664463431,400.9797277832235
2026-07-27,314.70229156025425,337.7360651673966,356.93548262594004,375.1101413046423,402.89849938053374
2026-07-28,315.23369715848503,338.2562244357573,358.0942817753724,375.3823975588765,404.77384238321014
2026-07-29,314.8308718744822,338.60921888974144,358.3110054631878,375.0923708277889,405.69875223306434
2026-07-30,314.6467838779788,339.1597495484433,358.3304513247392,377.08242494000274,406.98850673880355
2026-07-31,312.5677678156727,339.34321186189356,359.44122936874265,377.55956290225106,406.4887460663486
2026-08-03,312.5950013677126,339.02655015899785,360.5025753669559,378.0931465287931,406.634848723342
2026-08-04,312.72952362217137,339.16519261050513,360.46712557651193,378.5086103527161,407.51566619633894
2026-08-05,312.966779368106,339.22381694603826,360.1791994860297,378.8399677264117,408.0706052428567
2026-08-06,312.89089584464654,339.506242359647,359.979821286429,379.511305715106,411.6100785653323
2026-08-07,311.4619581866748,339.3634452329668,360.4903952731738,381.0020659221958,410.3467364136535
2026-08-10,311.1583031845833,339.4211037330525,360.97655626563255,382.254506649164,412.05767163238573
2026-08-11,312.39892210522083,340.29102373949763,361.2018127932307,382.9103127614542,414.3436904454002
2026-08-12,311.5521744697815,340.7212973776608,360.9310556161348,383.7235872477222,414.75143910617675
2026-08-13,313.4330156433072,340.2151225557775,361.49395799896047,383.8457260889366,416.5054535739965
2026-08-14,312.4691529040475,340.4824124078598,362.67128837428584,384.1840633931297,417.8368888472953
2026-08-17,314.01201078566714,340.87986432593857,362.4442722157973,385.1121840262183,416.77953325228475
2026-08-18,312.9569705066642,339.8661391470695,362.40010351455,385.7483780351329,418.80361842882695
2026-08-19,312.0818241861382,339.7209717352232,363.8122723263958,385.3413826191345,419.6720117336794
2026-08-20,311.88971806692354,340.1952852605135,363.9788935961476,386.6560216794133,420.71989954598575
2026-08-21,311.9856399555615,340.6140513540613,364.6675338209225,386.53458172517077,420.51165656754614
2026-08-24,312.0993082328957,341.6686966997879,365.2415873079563,388.02293765418034,422.4087730745873
2026-08-25,313.25780214948605,341.48833220409233,365.55295183026226,388.0499212560963,422.3270611675202
2026-08-26,314.2565773444768,341.33264550998604,366.22955400666325,389.15255020304267,424.9383951106666
2026-08-27,314.21325618911516,340.920411873425,366.98616034817815,389.811439924454,424.7201310759395
2026-08-28,314.0052995579468,340.72715430503195,367.7536445152106,390.53602052988924,426.6803894818149
2026-08-31,313.1405955098985,342.0088513180593,367.74002095124746,391.0436318436486,429.83198907240046
2026-09-01,314.49769460022804,341.9818914561606,367.3133970112102,390.35380245617404,429.7980119617074
2026-09-02,313.23895274391856,342.8966472913167,367.58701114821974,390.9192639350116,431.42921389957996
2026-09-03,313.2812317495734,342.81904854390785,368.26165808663416,392.28548056191573,433.6304658178989
2026-09-04,312.7926484362801,342.2903625555208,368.287246631773,392.2396298931134,434.39246028247493
2026-09-07,312.56658967383197,343.4201513006689,369.3857533087494,392.16790287055403,437.29645355238574
2026-09-08,312.71024369424777,342.7477455336212,369.1128496953796,392.68029802124477,436.15393693304867
2026-09-09,312.33828979349994,343.2484984377738,370.9277352426287,393.97608956328105,438.67500359833764
2026-09-10,311.82237367308517,343.5065781015885,370.5276908572093,395.668237601276,437.61623606102734
2026-09-11,311.8771389279722,342.86621148532964,370.0086840557685,396.17960686884885,437.6808849606044
2026-09-14,311.18055993345394,343.0902190721631,370.7484623720902,396.47206361402715,438.62387094996865
2026-09-15,309.8269428190952,343.62523013105266,371.9428958979899,397.25326254054966,437.82175759938116
2026-09-16,309.9413064418228,344.16486525187145,372.58363166636366,397.24199774371397,442.6752932983402
2026-09-17,310.50783858360074,343.1224622144749,371.24003165158297,398.6279724396177,442.9691405267954
2026-09-18,310.93549122351914,343.539460634971,372.0785562006791,398.59274911304715,443.3922946625935
2026-09-21,310.35399095346094,344.5565221821842,371.4379888402376,397.7262707222079,443.93592625625627
2026-09-22,309.80320017913,345.163264981481,373.3768496065216,399.14608391270764,444.9410262903012
2026-09-23,309.8942438347163,345.69185811913513,373.02383776927957,400.56562406187504,443.72989322237817
2026-09-24,309.02719617324055,346.1729410305718,374.02461754481556,401.836202639848,446.728632160932
2026-09-25,309.8763411632885,346.1828418230979,373.71250365553806,401.9275927233843,447.8053583913854
2026-09-28,309.70199245500413,345.88660021101276,374.39775620367266,403.2149467788487,448.2597051548266
2026-09-29,310.3452663878251,346.9534312413461,374.6893581599402,405.13407023075155,449.54330944368525
2026-09-30,310.3127556333197,347.20831134208083,375.1234154074397,405.60173283681473,450.1835479523351
2026-10-01,309.1338010808399,346.9052586647094,375.36131849320753,406.1864119427633,449.74829429650225
2026-10-02,309.3452619645105,347.7119719641644,374.65824505757644,407.4344395863263,454.01939980747443
2026-10-05,309.70538342342803,347.49723555507336,376.2679952354386,407.16581319137936,453.4915678998685
2026-10-06,309.43049223953903,347.63998141832633,376.33208722297695,407.3399526579776,455.3868307874702
2026-10-07,311.45765508929077,347.6870670483112,376.17092777756864,407.6326323311488,455.84930227852243
2026-10-08,312.45578677321953,347.9724223756476,376.63193073906564,408.17726498195566,457.91649257158633
2026-10-09,310.54842080870503,348.7389767944049,377.3209385105978,407.79024924795306,456.6959774170891
2026-10-12,310.8361327454281,349.57334132684673,378.5071347780558,408.269575967974,458.7962595261427
2026-10-13,311.9750467326616,349.44205969844813,378.00914597943483,409.44809931228747,458.5966106127175
2026-10-14,311.92215711800606,349.1809043960705,378.07552218511705,409.51140423790423,459.09108378416585
2026-10-15,310.3116480480951,349.94946721872714,378.1212304246526,410.93810286465106,461.98175179041243
2026-10-16,312.0179141379502,349.683622252826,377.409662697876,411.71761189170417,460.77287117356707
2026-10-19,311.2593612104287,349.5969616186869,378.97627469970405,411.2208040545564,459.28065619925087
2026-10-20,312.020229244797,350.27957477206076,378.8469607732716,412.5675563620408,461.54245359469434
2026-10-21,312.1946226738616,349.8119587810387,379.3774328203581,412.8335520697358,461.8876225744548
2026-10-22,310.9067119809604,350.8357088314241,379.637303014085,412.13488750341855,465.40844051580564
2026-10-23,312.91517145109526,351.20332387805286,380.1229700141372,413.34644151239456,464.89714254547977
2026-10-26,311.6011146528961,351.59638616396575,380.3630167816566,413.3428722786707,465.6982153404663
2026-10-27,312.5975830804719,351.9785184066005,380.9072701993132,415.3533193686635,466.04758569280733
2026-10-28,312.5993008879895,352.6042987676573,381.54174319523,417.2886357806764,466.02110827074375
2026-10-29,314.09085644944275,352.32812627271386,382.97653940446423,417.10796633734714,467.1639373821143
2026-10-30,313.2990200112403,351.51972542081364,382.932081901595,417.8708463171727,466.27009732004575
2026-11-02,313.51054700785755,352.5217593272712,383.5356540069189,417.61522008749336,465.9309211861769
2026-11-03,314.34842563343193,353.05326663643035,382.47443776743035,417.7564604554609,468.5938999835139
2026-11-04,313.49893648772115,353.45511476001036,384.4591156705287,418.6514564239215,469.2857458510285
2026-11-05,315.16423013156214,353.441238467315,384.5478432787795,420.02108033697033,471.0244418258138
2026-11-06,314.31610333099513,352.02082867951833,384.69759244404776,419.5662667898132,471.31689741886646
2026-11-09,316.38783525821935,352.168357242336,385.34590208027385,421.76012493898156,472.64843067226553
2026-11-10,316.2269471672563,352.21757740589726,387.0278263497817,420.9095686013171,476.7299628342597
2026-11-11,317.6835983762323,352.589437321015,387.31608662570227,422.1939144324996,477.5774547969201
2026-11-12,316.55981449346547,352.4996844358528,387.6460730429448,423.01465163873127,479.3440435686014
2026-11-13,315.8330584682064,353.20880860721,387.80731513421904,423.23716400705575,475.9827612152683
2026-11-16,315.6128034595258,353.48541540933894,388.04097112897625,424.1078941755675,476.61045496030187
2026-11-17,316.5457582728105,352.878159852077,389.30556049302675,424.0534466187845,478.8622453530158
2026-11-18,314.34185520006554,352.5634514835989,388.23780958489476,424.6113630267123,477.6116221274248
2026-11-19,314.13521910590975,352.41931902851786,389.6783626457968,425.1832504149052,476.2590611770427
2026-11-20,314.631473824179,351.820973287629,390.0749822099249,426.5921701055129,477.1908990774517
2026-11-23,314.53594642947854,353.42547585887337,390.1639814279871,427.2650027825142,479.55021996467246
2026-11-24,315.2775714061394,353.3846278354577,390.522733390088,428.31138862688874,480.16735613120755
2026-11-25,314.7256059259512,352.8615013456346,391.0081430815852,428.01496524902814,482.7124541652864
2026-11-26,315.8058475376712,354.84285601767823,391.94496636664803,428.8143528715168,484.2700446238874
2026-11-27,315.7879511549635,354.9618870972855,391.357957523618,428.6284955337353,482.9038304200001
2026-11-30,315.72945960096155,354.59229157658353,392.52712039999005,430.76059102939075,487.04505483810226
2026-12-01,317.5016138328065,354.57578109456864,391.8829194875243,430.6205124449445,485.9855065393703
2026-12-02,316.5441088574706,355.01070400010093,392.3660217946492,431.1575978791359,486.1087948730007
2026-12-03,315.6496535932321,355.3489964281888,394.31170684496885,430.9796408150463,489.109234927486
2026-12-04,313.3184009153159,354.7237587583259,394.0174737173885,431.6259828126476,489.91560008540665
2026-12-07,314.7695343069753,354.9863108821857,394.36612223982786,432.88547524327987,491.87339455179887
2026-12-08,311.6512284145753,356.0270422986599,395.3906412955803,433.2270387478467,491.54180256865243
2026-12-09,314.0626959260706,357.8992125086936,396.6145609425105,433.6739569566347,495.0036213968208
2026-12-10,313.3909256501251,358.0428945219737,397.0593787935348,434.2402151123133,495.20785925212783
2026-12-11,313.73390141278844,358.1327983412935,396.8109295846725,434.0079843535673,491.71043746268197
2026-12-14,314.5326502996163,358.1824226203105,397.1438879723399,433.5167572505897,495.35985611176716
2026-12-15,313.29220197266767,358.9159032767684,397.5107377326909,434.52985908264304,499.2898300636746
2026-12-16,315.2237341666711,358.9915123058646,397.4670456268607,435.7896057596666,501.6986687918678
2026-12-17,314.24655354148416,359.8279832410888,397.36801896934605,435.8960255980066,500.73416630175285
2026-12-18,314.0861011234585,359.23489439362504,397.4034655524921,437.08306212279757,500.9916476310087
2026-12-21,314.42104107868,359.94782019034295,398.48438614246317,437.37282721706185,500.7003467236024
2026-12-22,316.7306512501295,359.67533187682113,397.5037100815464,437.73572668173443,502.35430969869327
2026-12-23,316.2894888741011,360.51130689893694,398.9305980977643,438.4688456980954,504.01809199085864
2026-12-24,316.7047727321403,361.89554853105665,399.73413236294664,439.22638581872667,503.2936486730398
2026-12-25,316.255488148897,360.7426579508928,400.05666220084316,438.9176383835983,508.0591803461692
2026-12-28,316.30120816787536,360.16086407025716,400.8754253294344,440.16395057144746,509.739505881187
2026-12-29,317.32237961980394,362.34343736974074,400.7927981325346,440.9163312031258,508.96709862817397
2026-12-30,315.9460392926028,361.80469227912863,400.4329603713398,440.85873706882296,510.1254815259014
2026-12-31,316.4385190103407,360.5540646130059,401.5816946910059,441.165790531334,511.04825357848034
2027-01-01,317.50323750217376,361.7549604452035,401.6769754958282,442.5980088890392,508.70270135441706
2027-01-04,316.48327625070544,362.72524467631615,402.37932398662554,444.7026898952961,510.93180394934427
2027-01-05,315.98930510290745,362.6921386731672,402.54261538746783,446.66383043241353,510.17397205230145
2027-01-06,315.87919689481373,363.1941922781928,402.29622021747355,445.2248448378507,512.6616527276782
2027-01-07,316.1107390596983,363.3579196538203,403.5292191547853,445.98799468530166,511.833681424678
2027-01-08,317.0028664082034,363.5644514300996,403.3595375220832,446.28847176360824,512.878831732887
2027-01-11,314.0005121826046,363.33972778540806,404.2579453338838,447.0865223273588,517.039439509087
2027-01-12,315.3239253787187,362.0605894108425,404.63058613109365,447.2887706440464,515.8343916595361
2027-01-13,316.9784252936327,363.74740112679945,404.7288454325911,448.4302129272746,519.7079276452537
2027-01-14,315.30214367605606,362.53717678442354,405.3131592069454,449.3342459150615,522.0317785658149
2027-01-15,315.79718693278824,361.7480825296513,404.9511186026982,450.48845774710946,520.0639025957366
2027-01-18,316.0428894457067,362.7015218330936,405.824402029024,450.5643117762679,522.214276805901
2027-01-19,315.00954513287553,363.22940438449547,406.8869361826851,450.55788911380216,524.3685677100113
2027-01-20,315.8998020526101,363.8401223127323,406.5436050710465,451.581407758914,524.7305223010472
2027-01-21,316.26127370611636,363.42052591119284,406.6641818818076,453.2173082348549,526.0884869607615
2027-01-22,315.8969964830728,364.1635401577298,408.64474707021964,451.6523727046656,528.008136945215
2027-01-25,317.86229837163586,363.15218941178216,408.39739859202587,452.7528239293848,529.2475071274624
2027-01-26,317.5554687444221,364.6399110857073,407.3725333119935,455.21614783863265,530.2139495016644
2027-01-27,316.5420797355841,365.3773953011689,408.93695333241345,455.1363726426809,532.2691567341861
2027-01-28,315.92984448077567,364.5021056173174,407.9858324235536,456.53665503383786,532.3238119491673
2027-01-29,317.9236721477861,365.6031516586501,408.1844850452949,455.2782276027126,534.6526930903321
2027-02-01,316.83971137075054,365.0564684652934,408.354012548059,456.44778163377055,536.4461086827292
2027-02-02,319.4454072468899,365.95529238819057,409.42636303446454,456.38747363755346,533.1051214088851
2027-02-03,317.47945521909895,365.6731270179123,410.86317816106975,456.8164284609571,536.3514070066036
2027-02-04,317.13418122390664,366.20064260409623,410.94303662807147,457.74582667692243,540.4829212990344
2027-02-05,318.21378351813445,366.55337301999737,411.3168834507946,457.5142142967012,539.7091253160945
2027-02-08,318.02414514149825,366.79341248962123,412.77624811996907,457.24201858478636,540.2941929701973
2027-02-09,320.47327380729774,366.9971957121635,412.261045310986,458.2248118283056,540.0550053148404
2027-02-10,318.95474472822224,367.88913580193093,413.11432562566034,459.49287303541195,544.8133728457774
2027-02-11,318.4362576232088,367.27632820881547,413.38942371301476,459.49801189782613,544.3465812377043
2027-02-12,317.6538191587914,369.02319222895665,413.3413196426032,460.44319757729795,545.9017316217022
2027-02-15,317.4351772813937,370.2570875903091,413.3551833462966,461.56280912407874,544.3305571640952
2027-02-16,317.36575171644347,369.4698137776242,413.7507043956956,462.20145407091013,543.8616199732521
2027-02-17,318.978580222544,369.1374019627827,413.94039911462806,463.14037827858954,548.0294860786908
2027-02-18,318.0769338425421,369.1744339326009,414.0155064752503,463.95787081949595,546.9886571832404
2027-02-19,319.16097022067623,370.18303849212793,415.01034866379183,465.97479551498867,547.274302254557
2027-02-22,319.1771631823894,369.23104957800024,416.45578101845445,466.1684846325434,544.549188281256
2027-02-23,317.98034208962696,368.9621734770881,417.31096973730524,463.65146726629683,546.5174700895227
2027-02-24,317.7344123398058,371.13346331809385,416.248870836587,466.39812317657294,545.2831080853523
2027-02-25,318.5973122895599,371.27752838350995,417.6160928024269,468.19908160278794,546.9683900314652
2027-02-26,320.3895609527109,370.4151539460976,417.80809777042134,468.4102833374699,550.8571195661256
2027-03-01,319.5110134757081,372.1020487154864,419.0688075137562,469.3556262852966,551.8072532118656
2027-03-02,319.0691666521849,371.4372194246781,419.91656067273715,471.02969057753324,551.6562069682674
2027-03-03,319.2119653894656,371.22271552033607,418.97837615897834,471.9824076673034,552.0291882459376
2027-03-04,322.2904700982261,371.5158791789047,419.9699318202804,471.56901597523836,552.2949890959989
2027-03-05,321.14838929519135,371.32944495041255,419.5817381610355,473.66115367317286,550.5111006620231
2027-03-08,322.4209846423906,372.4435763110878,419.2320890769072,475.1034121128874,553.4319359369118
2027-03-09,321.59877624793364,373.42962030480766,421.05938262446443,474.3952704772436,553.5090103645275
2027-03-10,320.65842665291916,372.63174134062393,421.88308624922695,473.8502371892488,555.7861782592229
2027-03-11,321.4305504668449,373.6934334186053,422.78759072740195,472.4777414608061,555.7117872225353
2027-03-12,319.1545078632854,374.16585214031824,422.383501744681,473.7851467578814,557.8607442019785
2027-03-15,320.01665206545493,372.9748010225983,422.7506954315023,474.59893422037317,552.6734948574984
2027-03-16,321.7968233056612,373.2080081965547,423.2259751661022,475.70333099695057,554.9061227156448
2027-03-17,321.90056656730525,375.1480395011399,424.11892499973067,476.233584742574,556.9394379768823
2027-03-18,322.2883767801196,375.8951439414575,424.975044460968,476.76836924040344,558.7172676136194
2027-03-19,323.248603782931,375.5814045922677,424.6162850663677,476.92302608261764,561.2537538192105
2027-03-22,322.9774642544611,375.6014599188454,426.6554591529456,477.8946532628133,560.5364401095626
2027-03-23,324.4873916104542,374.93149613272874,427.4515800555579,477.35305965671637,565.2795124459902
2027-03-24,324.69313673673463,377.6489351253548,427.07770021316196,478.1265958912281,561.8926145950215
2027-03-25,323.416664808219,377.27206303274716,427.20949329281007,478.3053778902724,563.6055799883684
2027-03-26,323.3673767271304,376.2129019187385,426.76064159029244,478.64460202655596,568.0862378616656
2027-03-29,323.4450518823246,376.3270584661445,426.00144304928915,479.2380538240882,567.4119154238725
2027-03-30,324.9494950787869,376.9053607480097,426.15014588864244,480.7092287699823,568.2009255584642
2027-03-31,323.94989848946113,375.9328375812062,426.49116330765804,480.636882098512,569.1797162524897
2027-04-01,323.5997189490037,376.37408323509896,427.6355575737308,482.86338225198267,571.9138565080342
2027-04-02,321.9082711030644,376.57055404422255,428.10977145930343,481.976422320919,572.7747419665174
2027-04-05,322.33471099382564,377.47715643758477,429.3082183120806,482.73783840450557,573.1096903153565
2027-04-06,321.73166052010583,378.66213728424805,428.8525331142855,483.23580777698896,577.0198556285056
2027-04-07,322.601468508834,379.0833541819421,428.59349843869035,484.2927944623465,577.4904739654485
2027-04-08,321.36458669681014,378.5096640940416,430.2678547490908,483.8215548466795,577.1614087163189
2027-04-09,321.48871301386595,379.4855630935258,430.958336651305,483.97519369988424,580.1576365617761
2027-04-12,324.3035649629552,379.8792842561855,431.2817407847814,484.9366938535252,581.5097265079684
2027-04-13,323.9337190775894,379.85983833728636,433.0641887313027,484.64186722957277,583.6442564013287
2027-04-14,324.0470200815768,380.3941139261268,434.10195802223376,484.582535066707,583.7417388975672
2027-04-15,321.35366110415947,379.4341854347047,434.17295314004525,487.46118924513974,581.6746936622343
2027-04-16,321.835618634913,379.98828698667876,434.29322178897377,488.54271482414794,581.2668328254852
2027-04-19,322.4250590100245,381.0258706855266,435.2346001726914,489.9973679178223,584.3718390433423
2027-04-20,322.0084536393751,382.0108065365149,437.0515307881441,491.7009815366867,582.1284812042311
2027-04-21,320.267675321792,381.08488201714886,437.09883039436863,491.69375391497357,584.8102527292101
2027-04-22,320.9557367528497,380.98876803401333,437.2791573476694,489.98958278729776,587.5434469802275
2027-04-23,322.07047420171693,382.57475749056795,435.93376033832146,492.5132586507493,589.7451811922368
2027-04-26,323.0705710068002,382.2997413640452,436.9059212163952,494.17494648754496,590.1272393565041
2027-04-27,323.26318430672114,381.81746583299923,437.3990290195019,495.0524230333483,590.9740361872374
2027-04-28,321.612092249115,382.84252836594806,438.52071079413713,494.623396468949,589.2741201429169
2027-04-29,324.1951237940217,384.2481179283917,437.6550006976669,494.79111241494644,593.5761729477595
2027-04-30,322.6355956752001,382.9924835716775,437.53905546710166,495.50680875190784,590.8681568987818
2027-05-03,321.7475786233106,382.63123857596963,437.84909767141505,496.61941446523485,592.1176720503742
2027-05-04,321.14017515445596,381.9464009230874,438.4933298481427,497.529915809039,591.0465951264072
2027-05-05,322.82411133031604,382.57531658930077,438.0461372228136,499.61744667048754,595.6528809630604
2027-05-06,321.6989123348797,383.25693179654445,439.3688278751142,499.11227327972625,597.4171536553747
2027-05-07,324.31640746012476,383.2759684769677,439.6815494897713,501.7058026125271,595.4852706585226
2027-05-10,322.01374272418917,383.7601102613331,439.94528749430617,500.17393600039975,595.3240783023799
2027-05-11,323.86121209365166,384.7771964063408,441.01096777303303,502.6970909688336,596.117126918166
2027-05-12,322.6703184261941,385.9363296494088,440.7866836578765,502.7085846632435,599.2257478829994
2027-05-13,323.98408408055764,385.4273030331336,440.36148388131824,502.84138077343334,602.8937817764237
2027-05-14,323.7522040049832,385.46003510861175,440.95836545275677,502.8508382202997,601.884961325172
2027-05-17,324.7207953685043,386.5536506132966,442.06457735267867,503.2443813439395,606.0612166634028
2027-05-18,323.422680918377,387.4563678940393,442.5063689873222,502.05494687769897,604.7757839731111
2027-05-19,323.6754063924569,385.2749528466842,443.0253039938373,503.0397843235552,604.3374203457452
2027-05-20,324.3243988698611,387.08635944741826,443.21111825892785,503.5667923669513,606.2400261673076
2027-05-21,323.7767313511963,387.4936472719684,443.4433700717337,504.10856975620356,606.5699977841377
2027-05-24,322.8602357784814,386.1997561867984,443.22463718510966,503.9831535191155,611.190561623199
2027-05-25,323.69418955959014,386.6206306119325,443.06363922643766,505.0919832795284,609.6975050897676
2027-05-26,321.91902552463245,386.4521005010423,445.69344709357745,506.06351218589566,610.0186062014786
2027-05-27,323.1436399311951,387.55456831967655,446.5767846800047,506.27876609341126,611.705064911006
2027-05-28,324.7995619773839,386.7340875380454,446.00522844862974,507.8033659060037,613.5568559439122
2027-05-31,325.4714298645091,388.3643042894191,446.8198687368527,508.59153342631515,614.5383347643127
2027-06-01,325.4199952506788,388.18005436846505,448.741064797342,508.57435509855105,613.8328097642095
2027-06-02,324.9570708439016,389.81905765845045,449.548181239226,509.6896122404655,612.9380380929185
2027-06-03,325.2993146736179,389.6691406307658,449.2582020283513,507.12078745323174,617.5881271079613
2027-06-04,325.686524193334,389.6486661016131,448.8934279208163,510.21928002139487,618.2276019055001
2027-06-07,326.2073970122301,390.12590008490764,450.89693476143026,509.5982897117209,617.6514552948025
2027-06-08,325.66833226656377,390.21611552251443,452.181873733177,509.208040998507,613.344313997586
2027-06-09,326.6607000183467,391.3709513294825,452.29314597935604,511.77919676482753,617.8030180499389
2027-06-10,325.8366808778787,390.8840355491485,452.02907120913846,512.7583250765376,619.7281526995145
2027-06-11,324.71679964746795,390.9127750577672,454.059115229456,513.4886630284217,618.0602373319583
2027-06-14,326.31800128788467,390.97440199506394,454.1618789735762,513.5963826606825,618.1197309516684
2027-06-15,327.11942995137593,391.08727025973303,454.3212139300791,515.3778929373145,616.7966644729662
2027-06-16,326.8831527566697,391.51796352851846,453.3574557940217,516.8130512093594,619.2096081424115
2027-06-17,326.03265615746363,390.7317834924537,454.5997420942168,517.215581874855,618.7923674701302
2027-06-18,324.8121871964486,390.82751668664247,456.09368320786587,518.4283870160572,620.05051943343
2027-06-21,327.27236583672493,391.64621012662013,457.86099270283125,518.8468108224877,622.5054512260555
2027-06-22,327.4133200100872,391.8197469569036,457.0263733270376,520.2811733758738,625.0888486205322
2027-06-23,328.566960100011,392.1186336121806,456.4386094269448,519.3985804380821,624.134740702071
2027-06-24,328.77633436653366,391.95263784853756,458.14297565648326,521.6124239786918,630.6336403178656
2027-06-25,330.67329624434115,392.7160957701293,456.9257785741878,522.8921414448741,634.741582756692
2027-06-28,329.73269709357544,393.564536570899,459.1021345406083,523.3610025986733,633.1420814303129
2027-06-29,330.9860651103509,393.53774648975684,458.9491970431691,525.2598786706566,632.6100993389128
2027-06-30,327.9544200902643,392.73254286611393,459.2394626476089,525.0763965833918,635.6817936080469
2027-07-01,327.0041939197737,392.9846620204362,459.4855372950626,525.0918645013978,632.3570194968787
2027-07-02,330.0045549139701,392.83365508637075,460.5148495095646,526.5909512331905,633.4894270125301
2027-07-05,330.06385203160255,394.07345593207486,461.72450142144044,528.3724481612062,634.825583684957
2027-07-06,331.26886513483674,393.9363028249394,460.49569526990274,529.4972904019246,636.1097904990216
2027-07-07,332.54589602760547,396.21087851373386,462.8791948647953,528.8753944366898,635.5887207122877
2027-07-08,333.15749939329334,397.0816129455565,463.25637530945147,529.1518401331102,636.8935691287021
2027-07-09,331.4824044258964,396.5232225552852,463.3874589646283,529.3330456026065,639.1287718800805
2027-07-12,331.77347715000275,396.4852902498628,465.38924935579485,529.1716365988635,642.9405840409407
2027-07-13,332.2760919941871,398.2123890674786,464.73515304522334,529.6872460885758,640.5560498741554
2027-07-14,334.1246955681405,398.2252443165623,465.16768143606635,529.7030417424367,640.1746922296311
2027-07-15,329.89281234411396,398.34634955686556,466.22392050966994,531.0623809573534,642.4466344144639
2027-07-16,330.8855930045144,400.0405656841448,466.24680643876206,531.0769550701785,644.3506907250719
2027-07-19,330.82033135451957,399.3805203759159,466.016467701902,531.4143686197032,643.5655624994299
2027-07-20,332.95926189475,400.10812382137055,466.35100390060154,532.1588346852619,645.9423601267862
2027-07-21,331.91918716360846,400.1032061016605,465.9150233105702,533.0610719172957,640.5868900968969
2027-07-22,332.7323243245585,399.7907434074924,466.1852613018459,531.0797680855177,647.879496945624
2027-07-23,332.0511938149178,400.97107550511186,466.21245122561606,532.2593902539828,652.0210403375933
2027-07-26,329.9507828662105,401.2760597821259,465.7293165294858,532.4651055291646,654.2898103823961
2027-07-27,331.4046502700085,401.3587022833918,466.50542157146003,534.5653978890383,654.1309731200377
2027-07-28,331.3427469566872,402.03796549968524,465.99681909722017,535.0344791852718,653.0647237224414
2027-07-29,332.8610062482969,402.759223500692,467.3914171432916,536.934470634619,654.5993566577636
2027-07-30,331.55959771032786,404.1307802701456,465.91904961424365,535.7376965905846,654.1446982049836
2027-08-02,332.3385008540935,404.96906173742263,466.2189750203546,535.5990137379026,654.81948159229
2027-08-03,332.656069262968,404.9112636870526,467.50919212283793,537.0719121889656,653.7498176508919
2027-08-04,331.17672764021773,405.00266910911523,467.4632988211141,537.066826692732,655.2317453209554
2027-08-05,332.63996959158237,406.00867903616984,467.7852065892337,536.1741301319383,651.8503131569692
2027-08-06,332.8613195880546,405.9819273761351,467.5925827775608,538.3076910158693,651.5378511233666
2027-08-09,332.0606227384195,408.6227555502776,467.48339146031174,540.4367228776391,653.5266163696322
2027-08-10,331.6731222585975,408.6197162549124,468.9998683482347,538.4785617203352,658.760244354143
2027-08-11,333.74652009986085,407.3051922721787,469.2257227717998,540.2841550585185,656.2896950755627
2027-08-12,332.83892282445265,406.96557789223345,469.9754708670329,542.3533384317316,655.6532828486836
2027-08-13,334.60458190664815,406.8038888846943,469.1966742115471,543.5733364788051,655.7229948520734
2027-08-16,337.0394791996142,406.9607466287827,469.60172448760744,544.1808366003748,658.1869898965405
2027-08-17,335.9696843410065,406.66684126380335,470.4184057772575,545.9255942552714,657.9395312414464
2027-08-18,336.70257131143296,406.25602575909704,470.8292100381841,546.0397542394196,658.1846544915782
2027-08-19,335.54277931984564,405.95071702317927,470.857671225501,547.7048970888967,661.3389637506181
2027-08-20,332.62399227570967,406.7002070767166,468.6669782009832,548.6248962085328,662.1450276976925
2027-08-23,334.899627619807,408.0874451383908,470.5811320346362,548.1241844852763,659.9270883892485
2027-08-24,334.6187044068037,407.26494856518997,471.08401849869585,547.5115945875896,665.4852950971896
2027-08-25,334.7820032205902,409.0230911691392,472.27613626994514,548.3719046784763,665.4687161995624
2027-08-26,335.78731537156,408.7682804343492,473.8364393040835,549.4054163353175,669.4165484256548
2027-08-27,337.6560392025281,409.99257708660207,474.0871042485452,549.5888283820251,667.4345329181299
2027-08-30,338.2050737519012,409.8761910511584,475.0443342363361,549.304728341658,665.0715806680407
2027-08-31,337.20726941757516,410.5435219246105,472.3294341654347,550.8925870816626,668.0592782124572
2027-09-01,338.47029710568637,410.29583868136507,474.1110210279842,549.9086131896725,669.8745166259641
2027-09-02,337.3764946166153,410.03412138146814,474.16031003235867,552.3901714393131,670.2769221321895
2027-09-03,337.8708582260796,409.90593447829133,476.0832409293933,552.1024748072106,670.4789595042039
2027-09-06,334.7802624058772,410.78284434573334,475.3754479834222,553.4818988057445,675.9379788446623
2027-09-07,335.71922199840054,410.9024107074711,475.7942854510193,554.8588421139705,675.1741184474596
2027-09-08,333.4090234427243,410.8032352406759,477.5893209181322,556.1635691681513,680.6107172801636
2027-09-09,333.5257869635591,410.39991341233,477.8433355870726,555.804832773046,680.7908150989919
2027-09-10,333.3847392676967,411.8955148469006,478.84501254523116,555.5559307777431,682.0723935201908
2027-09-13,334.3349330717282,411.5760954598939,479.0919304597684,557.0489824130717,679.4946798874281
2027-09-14,334.593885841197,412.2011170005725,478.62289743642305,556.220979182353,679.7928675453879
2027-09-15,336.1162517776038,414.2810746045309,480.9772757003435,557.9524065784968,682.0287871434542
2027-09-16,335.90672669052213,412.8766173702791,480.9756399015918,554.8318528302063,682.3155852862276
2027-09-17,334.5207060179457,414.52851599502446,481.9820999435261,557.0203033850396,681.3775307123173
2027-09-20,333.3548923964043,413.3176280785141,482.2857905811387,558.7962824088854,685.4365950056232
2027-09-21,334.89247542568495,414.4415763534116,482.3376877385282,557.951377579054,687.7472856444884
2027-09-22,333.52830307423557,415.65801906622056,480.4470651034002,559.7711377895807,690.8857337379325
2027-09-23,333.64391244334263,414.5063658367934,481.58842950373815,560.9538480939992,689.4593336192453
2027-09-24,332.31983403828,411.51328620536685,482.38974653564026,562.6820340807541,690.8072565631672
2027-09-27,334.51319218002106,413.01496681601964,483.0911388707784,562.9761694120655,691.1132201811574
2027-09-28,333.5912697039251,411.2010250587261,484.75955643506444,562.5928346001009,695.6762941960757
2027-09-29,331.2996297201964,413.6013496435412,484.70311572846185,561.8690493351658,694.2102520504635
2027-09-30,332.39660484517435,412.9533144832668,485.43658279276536,563.3783193584034,699.2079796355692
2027-10-01,333.4340122443047,412.68305693002867,485.82847411718035,564.2140658193327,703.8334562632278
2027-10-04,335.3155886129958,413.73966526735325,486.5066777150309,565.3301795180321,705.7121088381874
2027-10-05,336.02128314763337,414.91085471895576,487.5877371275418,565.2129791267603,700.4528364740336
2027-10-06,333.260505774042,415.77728978404247,488.20363575204175,567.731509803161,702.2586127973649
2027-10-07,335.622729085503,416.0258637396728,488.244697572069,569.5008273131903,700.9196896751481
2027-10-08,337.3763217986487,415.3178265872788,488.77068309896913,569.4518912545866,706.9287342296617
2027-10-11,338.0946455139751,415.94534776862645,487.239276395061,569.3301081628945,704.4088555294456
2027-10-12,337.43381406752326,415.3571511154192,488.964509911508,571.5698531275218,703.0738466218478
2027-10-13,338.245488799401,416.2675285367758,487.64180226419205,572.8356349920399,704.7623368722986
2027-10-14,338.56469370291603,416.45031862074296,488.48194826767883,571.62829803189,709.7484542092386
2027-10-15,340.2377866221878,419.1591221131703,489.6693937096371,572.9441801932221,712.5867180522831
2027-10-18,339.7309639255176,418.97608628270905,491.7323680346923,573.9019987764909,709.3499886269394
2027-10-19,339.5505234902762,422.2816023426643,491.6538821645799,574.572251048648,710.9767520106274
2027-10-20,337.929058070296,421.16126647626476,492.5328109356452,575.9415966238784,715.3448081478106
2027-10-21,336.69439647227216,421.62087661955235,494.7542463958839,578.7933770106642,715.9408505858643
2027-10-22,337.54037722902746,421.1167156121975,493.5321539674042,579.2875279526486,714.7759994261326
2027-10-25,339.29873253753067,422.4460678589031,492.65218818421357,581.8137748983527,715.8598672308021
2027-10-26,339.4869862848028,422.4516387604082,494.7860493539999,583.4135458506375,718.4372483139202
2027-10-27,341.16046820647455,423.9369948331309,494.15144411427093,582.3557660868308,711.9295776400871
2027-10-28,340.3287284520489,422.54765341852226,495.95506673100806,585.459949129252,714.7303210209114
2027-10-29,340.85279002287405,422.8175541577442,496.52917427888394,586.2238563890168,710.9746089415166
2027-11-01,341.06938402262415,422.16755574876714,496.5299291884451,589.0750868193948,722.0323064085215
2027-11-02,340.6028451614528,422.3538501788005,497.85809420273176,588.8240687137807,716.368701208151
2027-11-03,339.3552609360903,424.32348785310205,500.43972019339844,587.5411902966573,720.2968364824267
2027-11-04,340.1114656788406,424.3408957480522,499.44533484904014,588.3099895633985,722.536738498601
2027-11-05,340.72225190113664,424.6993386724004,499.4524482888635,587.9260630567671,726.1630695131015
2027-11-08,340.2478502486498,423.976142717873,498.50347797068696,589.950774898154,726.6231528204912
2027-11-09,340.1218825389449,423.7305417958591,499.42398163992095,590.5580037073954,731.0615156556098
2027-11-10,339.6028290161712,427.1572245333374,498.7989726805627,590.5108375705531,729.3296236829815
2027-11-11,339.75800807644356,427.5744465106337,500.76616121024006,594.2622222277405,727.6878795473663
2027-11-12,340.7557861627115,428.2757109141017,503.79130766254343,594.4177747290861,731.4857275580351
2027-11-15,343.5776092570406,426.65258913134676,502.10464803855945,596.1268457934171,733.8543748680496
2027-11-16,342.03080220819027,425.6931622236495,502.8426340715996,595.8305697173934,732.1532130442598
2027-11-17,341.03696860699836,430.05134038696673,504.32823478727937,597.9048315955342,730.729997336081
2027-11-18,339.8046034137679,428.9303571798295,507.5412367501649,597.0470645622588,733.0913722040082
2027-11-19,340.99923344249186,431.43985331988745,506.0521128434703,598.5782234836032,732.2225111530356
2027-11-22,341.4170739252024,431.829949295172,507.10811830455,600.072640197721,732.2841520849548
2027-11-23,342.5378347960325,433.0727522497278,507.96379477767573,600.7780112457988,736.0599553524153
2027-11-24,339.6162610858132,431.9993775345001,509.0975537886522,598.6192753770537,733.8800679933087
2027-11-25,341.01001486705263,431.9139440371312,509.7688637986389,600.650569159709,737.2474458319065
2027-11-26,340.54256153004377,431.95728769110747,508.9493114396342,597.9356572457527,738.1556559977621
2027-11-29,340.14485253921185,432.42629088130735,510.05044899682673,599.4658828247774,733.3690492345227
2027-11-30,340.0233475657403,432.1040818350895,511.2216217085082,597.5912358492778,730.8519607525265
2027-12-01,341.3537016641442,432.80146052487606,512.6510549267903,600.037386272405,734.5078142936803
2027-12-02,344.0807506940906,432.1162564154801,513.1678554533173,599.8349908315581,733.0347722863974
2027-12-03,344.52608672360174,435.6652233885582,512.7387041285067,600.4126451069131,734.4644388411916
2027-12-06,341.6948867101293,434.9899934078685,512.9342635428663,599.7455176668499,739.1365327908621
2027-12-07,340.09005645131526,435.244116593091,513.229933465786,600.2376834162499,742.0978423032414
2027-12-08,343.0023330739658,435.0463519743925,513.2719881308208,599.7970296349173,749.1001316022376
2027-12-09,344.341957176709,434.7902193973674,513.8576221847601,599.2478709753285,746.224920262929
2027-12-10,342.46107727598184,434.8688553340236,512.7201242584456,601.7929032394121,746.0901625470524
2027-12-13,343.63767473828165,434.4292024315678,513.7406866758512,603.3733589999248,744.2007636025279
2027-12-14,342.57128098252133,435.87128052932866,512.9763669524775,606.2461523684989,749.6815686656626
2027-12-15,342.4845815215132,436.1872450785909,512.2237651293576,607.4264830233941,749.0242607623699
2027-12-16,343.42910233940455,437.65473602788376,513.2860311103414,607.4693912749882,750.8221093378206
2027-12-17,344.80729714155206,440.1998218101479,516.1154360396813,609.3071169186951,749.4590507674778
2027-12-20,343.49334522522713,438.5128271793911,514.1684298293253,607.8212967368208,750.4948648695982
2027-12-21,344.05361438827765,439.7960409457834,515.3703849770143,610.4056261734991,752.0745764557162
2027-12-22,341.58229054570563,438.2989540028822,514.7070596706892,612.5418354951205,757.8545419079828
2027-12-23,343.7805381644213,437.95147927847546,516.1344435643151,612.4426230875991,762.9984228728462
2027-12-24,344.06311271237905,441.11304894699697,517.1616668522906,612.8999640911665,759.7174379322798
2027-12-27,345.3326773406155,441.1361242490538,518.238088574612,616.7764764795558,758.5241047271347
2027-12-28,343.105685495427,440.8543444527973,520.0659979782629,615.8359629956936,766.9374683712404
2027-12-29,346.43935025065264,441.96587558215924,521.009247295646,615.4850592541642,766.9863717848801
2027-12-30,345.37056450613346,441.2613267952885,522.4473560863398,617.257419020104,764.9258257286527
2027-12-31,345.2675910910147,441.3251083075007,522.7112553429301,615.856311010037,765.7821979054216
2028-01-03,347.9450369142773,440.39145317624343,522.2440465625684,617.0321946509841,766.4106118403442
2028-01-04,348.7320194164803,440.9658289826435,523.5067955926625,617.2439617033871,764.3290012539949
2028-01-05,347.6649278960228,440.97351290957675,522.8539232884982,620.35122583159,765.7984924304129
2028-01-06,348.9073081809763,440.8047598147202,523.0223732345829,621.8163840284562,766.9761776634591
2028-01-07,345.7469340224673,442.10815416769753,521.737601492166,621.0818147047867,772.5222893341412
2028-01-10,344.84450527077735,440.9632187134769,521.0191823090873,619.5360948912466,778.21800596377
2028-01-11,344.6542503566557,442.8391158197288,524.9577290558098,622.4250615273259,778.1685285165485
2028-01-12,344.18470567800824,443.5557628447265,525.6593102145501,622.8717967522291,776.0656088715906
2028-01-13,347.62734773236957,442.1107789531454,526.8803866279131,621.2157488473664,778.160034844007
2028-01-14,346.1574931843759,442.47709809821197,526.7426192642858,624.4090621053886,778.14130912205
2028-01-17,347.44425704632476,444.4165772934382,528.6043338164172,624.8689594340256,781.7779101854251
2028-01-18,349.15952184933224,444.3713517482043,526.9675087722854,626.8793571994215,783.5999933014552
2028-01-19,351.0815307193576,443.1052068587394,527.713918359208,628.8087918476833,783.0852532389785
2028-01-20,349.80961333449085,444.26125180832406,528.3223749637782,627.5138383732772,781.7161182917883
2028-01-21,351.8040500960376,444.2065702723016,529.1638285584497,631.8092240880911,785.1741477790534
2028-01-24,347.201582693209,444.2104229580769,528.9655099358542,631.6006702875835,786.3185378507643
2028-01-25,349.7474883109229,444.8516591081527,530.3789371524015,631.7214215924002,786.1755990300095
2028-01-26,348.692429156475,445.87018011071376,532.9543583405022,632.6312746077213,787.4143831301398
2028-01-27,349.47405396991127,445.7998278066009,534.186602310343,631.7568890832825,789.5443915012953
2028-01-28,348.39499956145164,446.1540972668197,535.4848043409547,629.5083157114531,788.635674993316
2028-01-31,346.94596739453675,446.9568191643451,533.6228169837755,630.6988324170013,788.1837700115863
2028-02-01,343.47877670473093,447.39679042112573,533.9458510646764,630.4237219877034,791.2606569332527
2028-02-02,348.29359507819794,446.39540716943577,534.3791203619628,634.0371783659192,793.6171382713843
2028-02-03,349.5108208687872,448.78242169714315,534.0316830697476,631.5188352391501,800.570636822393
2028-02-04,347.3806929612497,447.98977109651406,535.7846328577544,630.3152205245043,794.6195506094165
2028-02-07,347.7608303067112,449.20597221802666,536.9333786380953,631.3923982987869,799.0893961917644
2028-02-08,349.69200928203156,449.3565422868741,535.8495760658745,633.0775230608564,800.4007255033662
2028-02-09,349.62726232583606,451.1164749231448,535.6262212032395,639.2520879105723,804.7478896007482
2028-02-10,351.7830552292632,451.20750851444154,535.4203774585621,637.6615177829893,801.0629894764694
2028-02-11,348.7725642023415,450.5806066386158,538.0737810103435,640.308262617546,803.694008802756
2028-02-14,350.56885773719637,449.58283198363154,539.8988458865688,639.5942118277273,803.2360150286648
2028-02-15,350.3148291292786,450.68449383455015,538.7373498543618,639.2162416397705,809.600531396477
2028-02-16,350.11139482766765,449.75436240916747,538.7880874959516,640.2868496122618,813.5088861768306
2028-02-17,351.3144703754293,449.5686120547936,538.356371826693,640.0971661748607,805.5075407748252
2028-02-18,351.8373998009583,450.6965081207802,540.2656895294883,640.2340293482683,804.933761043776
2028-02-21,350.30382500892944,451.83732903990636,538.9286321237382,638.075978429476,814.952355245966
2028-02-22,352.14325802477566,451.27940549795306,540.1789107470343,637.4663486201273,811.3120757157092
2028-02-23,350.7421499087057,452.2152206802553,540.4608550203495,638.026740215374,811.24706023704
2028-02-24,355.62052889129916,450.9866987547909,540.4991788517625,641.2670265504084,811.2654327928835
2028-02-25,353.23162648135224,452.3699870264355,543.0295959455004,640.6247460338129,812.9099368086343
2028-02-28,353.53676692387114,453.60117222857923,542.9330290491021,643.4476034062337,812.5805204323268
2028-02-29,351.3938417356303,453.99836356829303,543.5810794169557,642.2695912447679,811.8808788800511
2028-03-01,349.46847393615866,453.9704788484268,542.24788803185,645.7315771409478,813.8223871865732
2028-03-02,349.9208035042721,454.2926339534607,544.512837775857,646.2000719950336,813.2991501443126
2028-03-03,352.39935196095354,453.34374580958854,544.8896784417392,649.8483562366198,816.7351517267133
2028-03-06,354.06996338120206,452.6326235056678,544.7083445900337,649.3112348708319,818.2204480744181
2028-03-07,353.6186834510555,453.47885706763816,543.6188729572881,647.4407753502081,822.0057839518602
2028-03-08,351.22573577287244,454.66940459462893,545.7334678543523,649.8038069498368,819.4577644078006
2028-03-09,353.38524152684073,454.54952136489396,545.3400147739626,648.0128947059089,820.3809501382099
2028-03-10,354.0688907416903,455.10285447568737,547.2509035853304,652.2772526070646,814.6046170853027
2028-03-13,355.9243355355933,456.22445440491583,547.0202323338927,651.6778671548731,822.1277003833853
2028-03-14,354.6977586187567,456.3928634904771,548.3376280769428,652.111711519708,827.3300676038373
2028-03-15,352.59675796736303,457.55836062949334,549.4125639873757,657.1526029193402,825.5074483313464
2028-03-16,353.84361891130476,457.5130005821897,551.9131159787034,654.3529787967408,827.181446852865
2028-03-17,351.4216509201565,456.7855224561926,550.2445191181062,653.0779423960082,827.1075100431201
2028-03-20,355.4552857703017,456.96067955477014,551.259806783082,655.3163334265438,832.4693208114148
2028-03-21,355.0611740415925,456.55422595171495,551.359947790243,657.170483543608,833.4537268149404
2028-03-22,353.2397513033895,458.83231330907415,550.8441032947254,656.8468907893464,830.8574919924216
2028-03-23,354.00735874020586,459.8724375790772,549.4676989545726,659.0027413805642,834.5408276944354
2028-03-24,353.967659778378,460.0013925183019,549.9608209096019,655.3989525725543,828.9120930924406
2028-03-27,351.7779888358182,460.4512267889995,550.1280714190573,658.1151183185204,835.9795456244956
2028-03-28,354.083756416884,460.19365840288054,550.1441377984529,659.4421044486809,831.5590857049629
2028-03-29,357.5488805559718,457.7848911746605,550.1440646333044,659.3007426864954,833.8098906606696
2028-03-30,358.2308258791565,459.7416809725978,550.5839410524602,660.017118582002,833.989673704783
2028-03-31,357.71929609752794,461.5165782380519,554.8867279890678,661.5156837003168,841.3079741365506
2028-04-03,357.19963839936776,461.3840051884705,555.0911785581274,662.9317030456792,834.1517078976701
2028-04-04,357.3517087553103,462.3360683130444,555.0807692396772,663.95069902125,844.8451364742818
2028-04-05,358.1699946895535,463.2046128318355,556.634046050588,665.5347741520121,843.8694238598655
2028-04-06,358.5086327659613,462.7842090004759,555.4329892633039,661.9512852003922,844.0212057247513
2028-04-07,358.84918842758594,465.22338404986056,555.1343799917659,662.8595541762488,841.4912629970365
2028-04-10,360.00119850428683,466.42065818445906,556.9331188449225,662.1218477603276,841.8869546801203
2028-04-11,360.5408311059435,465.78052449726994,554.8853010438103,665.401753952653,842.4056385428855
2028-04-12,361.85238249165366,464.3853657714946,556.0186189571234,666.0894670848799,847.1129358607334
2028-04-13,359.15658458859065,465.79848531045855,556.3084914634217,667.5900314384525,845.884351450611
2028-04-14,360.95305157316454,466.05142223527815,559.1477354120148,666.9397943814955,847.0859802214201
2028-04-17,362.33671956365606,467.24797515318784,559.1478126082076,669.5247019616097,847.8106607798198
2028-04-18,363.2535670990006,467.5750535882263,559.4305040469981,671.0164417763634,850.6030116290107
2028-04-19,362.74557013733045,464.5666466422027,558.5373836092517,671.734284652085,850.6412993395103
2028-04-20,363.668767412059,468.1007613706157,559.3990086791514,671.8515812002441,847.7901090590603
2028-04-21,362.6857152833933,469.6710549449096,560.1424115332572,673.1599750652169,854.1181786354238
2028-04-24,365.2438604990814,468.65306724870084,561.9095733835159,674.0390225152754,856.0369800239569
2028-04-25,366.8488619403943,468.7940558467832,563.2347663031608,672.5567204977459,859.8093579041314
2028-04-26,365.4638933781201,468.1210471160292,565.0523527944356,674.104123374921,854.0504326446811
2028-04-27,364.45257665011025,468.0605627766103,565.2358970837148,677.1232908096468,862.9743183842982
2028-04-28,363.9749743906848,468.2817921697537,565.4055587454808,677.7251217304603,861.8149504674769
2028-05-01,364.7120924402819,470.7567768786638,566.2117379077806,678.8115736105356,863.6266996479197
2028-05-02,365.48999594351415,468.5152235501235,565.042091047482,679.4451131822605,866.6650978044945
2028-05-03,366.46728038038674,469.5686729962979,566.1098762008132,680.6960199127784,862.9767400915545
2028-05-04,363.6485286250567,471.9803153527,564.5359512352813,683.0047561308768,864.0888587479138
2028-05-05,366.0229384081383,472.9876774280191,565.4366310785616,677.1884682360022,868.552727293917
2028-05-08,367.56835401236174,472.3334742211092,567.4154762581345,681.7960988087738,866.4308951593819
2028-05-09,365.14254035433174,473.22717106704863,568.7819061951357,680.4860904901328,868.0530798871135
2028-05-10,366.4467736763476,473.5262027342452,570.9283993682938,680.6016254526975,871.4485141395371
2028-05-11,365.5173335527005,471.18156303464934,571.1056813806033,680.8606711264251,869.184276857754
2028-05-12,365.1573483528255,470.68843385984235,572.6943128592641,681.1908648413123,875.5075635054834
2028-05-15,367.8375105677619,472.2005861582617,573.2955926455627,680.4945750714655,875.9267296424797
2028-05-16,368.5452133639352,472.35575333655026,572.3865647280732,684.1460611816418,878.2354953736307
2028-05-17,365.0427966511385,471.85040169948127,575.840214902207,684.0320032804765,882.4768929687755
2028-05-18,367.23127128004535,471.9547837027533,575.1430871835631,685.4674890910533,884.9322609590653
2028-05-19,367.6099793008808,471.4612192948398,571.8289314228068,686.1758642023665,880.8240818031079
2028-05-22,368.5597180355052,473.56152021825915,573.2394378593722,686.486013691905,878.2788921007506
2028-05-23,368.547730396236,473.38996989242736,574.3024320523974,687.8455350929792,882.1644741434304
2028-05-24,368.54873715095516,472.8895601589568,575.225642505153,692.250574604721,878.5006427096719
2028-05-25,368.09813325640437,473.99585562895265,572.685961623198,692.0677526428332,875.2283186681816
2028-05-26,368.3429368751905,474.4363389009052,574.8813889375566,690.4146964258094,876.0703695804511
2028-05-29,366.4103888647487,475.7623387378466,574.371100863546,693.5678919363684,884.1546564720768
2028-05-30,365.34837551452665,477.67890650521554,574.1046598467998,690.8527904320082,887.7398630436345
2028-05-31,366.9212590606926,476.1772750948866,574.3869909264178,695.5656524707573,892.0442874572134
2028-06-01,363.8009913372744,475.35832388992264,574.9799185187195,696.0831746416841,896.3819293322529
2028-06-02,362.5324851443398,475.2083089131686,575.5889207239072,698.4945977368176,898.298644600952
2028-06-05,364.34475345447396,476.41200291358155,577.1245496998822,697.0106103921147,900.9608262865586
2028-06-06,365.2015085185455,478.58578160233026,575.7219494841901,698.7697604422536,902.621353432661
2028-06-07,364.54478328836154,477.42410143929385,578.9082398494835,704.8315287264852,900.9160672074925
2028-06-08,368.1052401253164,474.16787636293856,578.7195571703146,701.729727211214,902.13921305965
2028-06-09,365.6351856410899,477.21770883055035,580.974549610197,706.164051086105,902.8995449442742
2028-06-12,361.08912632448414,477.00541878829597,579.2931941794639,706.6043688666709,901.970695811617
2028-06-13,364.4537460971764,477.5004331251447,581.1545583249216,705.5440153695519,912.0275912278355
2028-06-14,363.92145016984415,481.7304407341164,581.4784684284173,701.4585859935779,907.0381327749067
2028-06-15,366.7583648982255,480.3046691363307,581.8412765785131,703.0973678153754,907.0734281653332
2028-06-16,367.75103089755805,479.77963850607773,581.5102478826637,704.2015890923776,908.2917061641855
2028-06-19,366.0609263934427,481.12701450654214,584.3861003915968,704.0293334675009,909.9673237906995
2028-06-20,366.62225977817445,480.0802442854077,583.7917182011496,703.6282431569139,906.6353138549781
2028-06-21,370.6802845275855,478.2540358944034,585.0420431136447,707.1614037710273,908.5774735911191
2028-06-22,368.7192395187009,480.4989906256229,585.5658324517174,707.1700119325345,913.3745151013962
2028-06-23,366.2634808780385,482.29458090577884,586.5693947692439,707.3197757414043,910.4264560711966
2028-06-26,364.214420652256,482.76631290645315,586.4520031485872,708.6744585395716,915.734301467591
2028-06-27,364.61538931249487,483.1141033552663,586.8264617199085,710.7587696840641,920.5296909692507
2028-06-28,366.10505194408813,483.07013345157327,588.3665723904975,712.2043241332979,918.8733262948552
2028-06-29,367.320184342531,482.46254956742047,588.2497515299995,715.2359619085238,923.2294256597075
2028-06-30,367.0403069802549,483.30292952850675,589.2774702544527,716.0258075516156,923.7157395458573
2028-07-03,370.0143523466075,483.772602585403,590.3198107102871,716.6865980924183,930.7769886595513
2028-07-04,370.42961121043066,483.6059669862635,589.2879794323659,715.9150676653529,928.5307034719136
2028-07-05,370.6048311538797,482.43879235741565,589.06860870121,714.1299558512055,931.2979703350417
2028-07-06,370.2285436097892,483.19311550093,591.5865804749723,715.1247396570334,932.4454963918105
2028-07-07,369.4596690535408,484.21807350168194,590.2214224036796,718.8097046541823,935.1071175384706
2028-07-10,367.96752418622737,485.21195033077106,590.2545104537928,717.4075556826081,932.753326045912
2028-07-11,368.0901091298583,484.03101763447773,591.8559036897141,718.6137517068594,942.0219361551639
2028-07-12,366.6504256901756,485.53520791960625,594.4999491882909,722.0554862565574,943.738508526941
2028-07-13,366.4865191034002,485.7045452392723,592.5690577257353,724.243845875346,952.4834093265501
2028-07-14,369.10261151227877,484.85924757868617,594.3906012571774,726.4098623960374,946.1203740853139
2028-07-17,366.88520007557383,488.4872671143466,593.3822318403272,724.8382791924661,946.7261154771477
2028-07-18,368.0604121200664,488.701512112381,593.0005326772064,723.0478419395145,941.6987412280661
2028-07-19,368.9744589782245,487.54631211501567,593.3476216436607,727.2197001701775,945.7128701846691
2028-07-20,372.1655410120695,488.0190368016243,596.7169433703019,727.600156860838,943.3714376069622
2028-07-21,375.9406590653543,487.9341138674889,594.6228332452738,729.6321866439773,940.2162394019355
2028-07-24,372.23899371726355,489.6211540413695,597.2802685909498,731.4192174451745,946.3236901795224
2028-07-25,371.3586697732967,489.6253421020909,594.513395262272,730.2731490500996,949.3561631504753
2028-07-26,372.19173148425307,488.65075210825944,595.839085343125,728.1131910396399,949.3231761768569
2028-07-27,375.3365328304135,489.2371302223082,597.5140631577541,727.2546625562677,954.6986478517617
2028-07-28,373.9073963603331,489.9077647094718,599.0379692130755,729.0930209914624,951.089027482468
2028-07-31,375.8759564352765,491.42500200434927,600.1546754049928,730.7887945835107,953.4549960699208
2028-08-01,376.6510442649861,490.8352758741712,603.5510601568792,731.4871590752839,956.6923079615785
2028-08-02,376.8758663827881,491.49210379750565,604.0188763163831,731.7371463798038,954.0344676322409
2028-08-03,378.69254420762394,492.5916622638618,603.9004251462646,734.521539370619,963.1871836917788
2028-08-04,378.68902380842064,492.792700266614,606.6657322359588,734.7607161900432,962.0860360943502
2028-08-07,379.6943710940203,494.316428194374,605.6614210779901,734.0590983087449,966.122951269613
2028-08-08,379.437325832882,495.1910532454358,606.5480621547034,735.7276353727898,970.5355203956693
2028-08-09,377.36255911461524,496.2310521498056,604.9639170795342,735.4956339482612,968.7529673925021
2028-08-10,377.2548514975723,495.15631863444986,606.0544049578369,736.1646887394868,968.4899770887529
2028-08-11,377.4113634116185,495.9799486198167,608.4756975748533,739.3288440817711,971.6802578717804
2028-08-14,378.25055194866906,496.07300923266143,606.6689156495918,740.3454143659887,970.3287968339205
2028-08-15,377.60430161587226,496.84754373946373,606.2275904345324,741.0815869897189,967.803998266419
2028-08-16,379.80836969104956,500.2466413904909,610.8960902204394,741.9874756497267,967.2127962413813
2028-08-17,380.1347160307843,501.3924576808463,610.8613299353058,741.9736265243151,978.3171813177173
2028-08-18,380.2621159211628,498.7717534931137,610.8727090960356,739.5744132816559,967.0867900970145
2028-08-21,379.7410980804792,497.40009597458175,610.513560002466,739.3979008032977,977.212300129502
2028-08-22,383.37298880333,495.61327499423686,612.06858258359,743.2520944776825,982.4047255771698
2028-08-23,379.83396293465995,497.52598148040965,611.1204581364784,742.2174095549477,982.9066982333267
2028-08-24,379.96499443228663,498.47818896064274,613.9025547837776,741.365687260899,990.907877743278
2028-08-25,379.4349320424655,498.3945024116503,614.0834631285984,742.4204997911363,989.2129277592817
2028-08-28,381.09151876106654,501.2090125772445,613.3922582023843,744.7105866166364,988.7378597621592
2028-08-29,380.56093876592246,503.4229583608034,611.0471586916611,741.7473250378806,988.4908423068322
2028-08-30,381.6758040832943,502.444219286577,612.5488478617499,742.9797802265869,988.7345560665595
2028-08-31,379.869530036363,502.702519998583,613.8333674427207,742.0020241116285,993.8567593529148
2028-09-01,384.7145315692752,503.9578945175982,614.9313940328818,741.7928481008877,990.7131553005089
2028-09-04,383.14977067833206,504.25801889313,614.3849854362546,746.3377433112348,994.2510228500281
2028-09-05,383.733461290386,503.2060037493777,615.0952908012812,742.8934854778161,988.7088810997612
2028-09-06,388.4098543617177,506.10883344053656,615.2571568897365,745.7160545621921,990.2793344980612
2028-09-07,385.945438456588,504.136155542803,617.301340897211,746.9890011826708,998.5457583084626
2028-09-08,387.53910611836125,507.6670735948901,615.4858520065361,750.2637055610232,995.5539243972989
2028-09-11,386.57708631955586,508.1181475119507,616.4789382083334,751.9186750922352,999.2209462954222
2028-09-12,388.98551181203067,506.63543507674683,616.7319410274285,752.6868648498103,993.8073989211944
2028-09-13,392.565369182914,508.8326138578451,617.1608296950302,756.0694508869087,1004.9163651002226
2028-09-14,391.1953749923702,506.5970810391691,617.275610445096,754.525371741201,1000.0979012489939
2028-09-15,390.68785652130026,506.9699174106021,617.1966461818057,753.793375342178,1011.5776431509397
2028-09-18,389.43090631060403,506.67034400095093,621.7245529201512,760.1941283166675,1003.3574824902241
2028-09-19,389.1021294036281,506.2647366307802,622.3052192940656,758.7632256908278,1004.4005379925037
2028-09-20,386.8354987316865,508.5765324752843,624.0149756406311,759.4168363768085,1006.4036451182599
2028-09-21,388.2406487051099,507.6155575325988,625.3898090796674,760.5715979511484,1008.8153045159893
2028-09-22,389.7542737773742,509.35832390113916,623.4343388774299,761.4786067205392,1007.5628873122505
2028-09-25,390.0295251436881,510.84856795262067,624.257845012497,762.9763066847529,1013.9932524287013
2028-09-26,389.88687078466666,510.8676435956517,624.5750852944675,764.431470755645,1014.0899750242195
2028-09-27,393.1357014785573,509.98756346334267,625.8945274817193,765.4220001538604,1014.4739245509597
2028-09-28,391.51790794805385,510.08035626280355,624.7712273581983,765.2591950568644,1015.2563790343336
2028-09-29,393.78463496188215,510.8550065041823,625.1620117132709,766.837812299113,1022.2297042466217
2028-10-02,390.2492273474825,511.4376721228679,625.4284624400237,769.3882525857218,1016.7779419631723
2028-10-03,392.1239221741731,512.4626422624001,630.1442626133712,764.1545868459277,1025.6301092345102
2028-10-04,390.4618113416484,515.0373163607321,631.7101179718104,767.5112124259942,1022.4436176754523
2028-10-05,390.9782578109606,515.4324262283794,634.0385609991465,767.8283575157914,1026.9725235162934
2028-10-06,390.5588200529587,514.6633535412512,631.7095320196598,768.356544164121,1025.095867144218
2028-10-09,391.0292170960465,516.6647322918559,632.0447496493571,770.1683825890616,1024.7930056363361
2028-10-10,392.74326400817733,515.437738635897,634.2979638949795,771.8904445943685,1021.2848763973425
2028-10-11,391.99889801008663,513.5891894727202,634.3916283462328,772.8840097537256,1021.7708127466943
2028-10-12,392.4762240354988,513.6879769518342,635.2927448109192,772.7125065028376,1024.1727104863664
2028-10-13,394.0657590544966,513.4338845523378,634.8494938173142,772.5501574168038,1023.9998716042005
2028-10-16,392.6652524170623,515.4475333613289,634.446454944409,773.0898360722024,1035.746962622582
2028-10-17,394.549330070908,516.4826043277866,636.61879798936,772.0598722486641,1030.8510967586808
2028-10-18,393.4909127985272,517.1449737247576,636.5016153029056,774.0741490577384,1039.6817914199207
2028-10-19,391.38155161181083,517.4606170999552,637.0254171375253,780.0015615273271,1036.4742407188432
2028-10-20,391.0585783998251,521.152101325153,637.8058290231405,779.4649265790703,1034.675098966112
2028-10-23,390.65015997784866,520.0804841220436,636.1193047259351,780.2159859090066,1028.2383775426429
2028-10-24,391.6632296679455,518.7637363319326,635.0105631131809,777.6518105830974,1032.354390203133
2028-10-25,393.93475266435837,519.3235464153017,636.8005573525252,781.587341242309,1033.2034459004008
2028-10-26,393.1929733574994,519.974968495551,636.3681034745819,781.6403859385597,1034.3979230820573
2028-10-27,392.8947199662879,522.1314437569912,635.1636117706809,785.3261629059944,1036.458682085653
2028-10-30,397.6904766400316,523.3053763033063,636.3005374919449,784.8387269012225,1037.6058916446348
2028-10-31,395.43563583037894,524.2245164935066,639.7370744028885,787.2747794821057,1043.9241358432514
2028-11-01,393.7719180684113,525.3932364328487,640.4996759732553,786.1334793200123,1042.6384591591686
2028-11-02,395.160041479308,524.5771354213875,642.2100761833024,787.4953062584882,1045.0904756452774
2028-11-03,398.3374387066448,525.4342065424817,644.7429882319396,788.5097344366809,1045.351810543136
2028-11-06,399.3887468573083,526.1430781443294,647.5613770598335,789.0709468582043,1050.2289059617744
2028-11-07,397.0135426624538,524.3361506855074,646.5837566979433,791.7189409740446,1051.902366361477
2028-11-08,392.973549806769,521.6884407446054,648.5929211052339,790.5633310168311,1048.1494145116321
2028-11-09,393.01112457995765,523.4542745270987,649.5280285350125,791.8512793299233,1047.7782191478166
2028-11-10,395.29452507683555,525.2530858796205,648.956412478434,792.7951598049715,1053.4719500374874
2028-11-13,398.48069257002896,526.9712397523942,648.2636636831314,791.4431737956962,1063.8155086894058
2028-11-14,397.57815873811836,527.3942219958235,652.1419101108327,793.5973495302262,1063.7743036562856
2028-11-15,395.42493182925375,529.6244925788268,652.3223242058723,795.1955381678033,1061.0779948193567
2028-11-16,398.5641374872195,528.8472590405157,654.9076417401923,797.177985009564,1057.6099418121657
2028-11-17,394.73703688379294,529.3592554908445,655.6788953126984,792.6028421223758,1059.477496888931
2028-11-20,398.20104887188995,530.6602516900745,655.4627732100157,795.3089853913095,1056.8040154719401
2028-11-21,397.1380756574647,530.1164607225982,655.7429771964615,795.5496774239175,1055.9421307949594
2028-11-22,396.2913994113174,532.2690364329189,656.5787740181199,799.2739690451228,1055.072948133024
2028-11-23,397.5432529905437,529.7716964336817,656.5348643143346,800.723236809446,1052.7560370196513
2028-11-24,396.56145917612747,532.6097459748751,658.5275491782774,805.1524970379019,1055.0142245142863
2028-11-27,399.2324314342643,530.2992534276161,658.0089699005773,802.6352345449083,1064.4479501320668
2028-11-28,399.3545471635718,532.2612483580867,656.5123909366491,801.6285157514964,1060.6664250901033
2028-11-29,396.6102113541702,532.0852378159911,660.8967303147494,804.3366479481357,1068.1271683314926
2028-11-30,396.2272365562078,532.2350762752471,659.8519958835154,804.6161173793839,1074.4486202820137
2028-12-01,399.6950998048279,532.7342418256014,660.0724732137322,806.6105603818775,1081.593897412655
2028-12-04,399.4873676528591,535.1478627126871,658.8357043213226,803.6920855333876,1080.4194037613347
2028-12-05,400.49143849758326,537.8282345912888,657.6505616954283,806.038385213141,1074.5913642985145
2028-12-06,399.2570424512661,535.0533614229861,661.541138534966,806.0011450653337,1077.679882725624
2028-12-07,398.5797287529803,537.2471417319157,658.2868975552941,808.9457904326224,1082.345261121804
2028-12-08,401.425985768411,537.633964580411,660.9101047013547,810.8826398262033,1084.1079721284336
2028-12-11,403.41920090828944,537.2465169987535,660.5729217337947,811.3962884034582,1083.9785766000905
2028-12-12,407.02986918439404,539.8496235678143,662.4397581956575,813.5564721172674,1082.299986149554
2028-12-13,402.81372988765315,540.6497346276747,663.5213610881042,814.6902863387202,1078.4270592294588
2028-12-14,400.12199568467855,540.5822375585748,663.8167998146359,817.3776311513493,1084.3678580504645
2028-12-15,398.3533206453123,539.4193449997467,664.6609119467679,814.5734550450514,1077.4506971756175
2028-12-18,397.93180402282576,537.0728596091229,666.1609508169636,816.3062066183385,1078.9263298647213
2028-12-19,399.7577200045595,537.0414123059085,666.5254042464358,814.5579749930284,1078.1761984735822
2028-12-20,400.45439320675064,538.3963072269541,667.597845446985,817.7812055310749,1085.4667857534457
2028-12-21,402.3977882042556,539.6789085344427,670.6571856336716,819.2031322048774,1091.4685659862323
2028-12-22,402.89726314615035,538.0113054777497,670.6951913072503,822.9301314299829,1093.7376865115573
2028-12-25,403.350380532768,537.9200604012838,669.2442812550955,820.3193619152502,1091.2560147415388
2028-12-26,405.3884200014659,537.7198337918894,668.8388119379765,824.0804069334031,1098.3171165663673
2028-12-27,401.16605046930306,541.5852607066838,671.1758329211536,823.5303023911821,1095.5548779929582
2028-12-28,403.97559693787116,544.048086500378,670.1369905585525,825.1127467398467,1091.82963321673
2028-12-29,403.56074448412494,544.964051206536,671.6825163550359,825.2049999897941,1092.9048046941261
2029-01-01,404.10956652912836,545.0086828858116,670.3790066128095,827.6584513677218,1082.4291611832755
2029-01-02,405.6864716544356,545.9277867482693,673.8555484019988,828.2134016442551,1081.4620059798967
2029-01-03,404.7537611122757,547.4869430819595,677.4768273003842,829.9607843981407,1088.4020082522968
2029-01-04,405.6183086567985,545.8744092138022,677.2654993969079,834.3074837885529,1096.130575240545
2029-01-05,404.49431214707096,543.7491135226912,676.3390662084514,834.573372557849,1089.7238133938001
2029-01-08,408.8155835911852,545.8000120584359,677.0678033419665,832.3653060661475,1095.2541595061211
2029-01-09,409.45209298596586,547.8900384015407,679.283947851653,834.0401857175029,1099.4314596803656
2029-01-10,409.0744243848667,548.0480095018945,679.5733593412797,832.9711270067428,1101.5632180514692
2029-01-11,408.0309409749759,547.7908016393043,682.282789146278,834.432170381342,1097.8802888919513
2029-01-12,408.679931270035,550.4213558242956,683.1129214695208,835.36608462599,1106.4185099590682
2029-01-15,405.4284056865721,549.4096810136558,682.7448853277986,836.4042952156598,1106.8242472171987
2029-01-16,408.15483325743463,550.0013942372279,684.558498032509,840.9563945770883,1108.7654947051674
2029-01-17,408.26423419163405,552.3545195647239,683.84004117148,837.6589647120093,1100.7083681293034
2029-01-18,409.6915263892393,552.167760387219,684.5618828113187,842.1720007001952,1101.562717927176
2029-01-19,410.08132542764355,552.9393798027216,684.4913212054539,845.8411851012924,1106.7895506494706
2029-01-22,409.73612558281326,553.094149170526,685.5966189596937,844.9103221907303,1112.6250421988157
2029-01-23,410.437880969879,554.1447970182564,684.6963546450429,847.4412513716311,1113.30081694617
2029-01-24,409.62718918974645,554.2117738378158,688.0528515564774,848.1290845284504,1116.3340111804919
2029-01-25,412.88446674573163,555.2947390061923,690.2508933331742,850.5848858043946,1117.3422373678334
2029-01-26,413.21080238631646,553.5480104782564,692.4046996791055,847.8738886060764,1114.7631472985763
2029-01-29,415.12077104758396,556.1914160332756,690.6561866568871,850.8356453178337,1118.7173419767314
2029-01-30,416.45681424954853,556.9812078039361,693.1488205905134,850.189804909227,1122.7250997229432
2029-01-31,417.3027597722766,556.296755085923,690.8827654684496,851.9513694040469,1135.7768238571641
2029-02-01,419.0774884259931,559.219615654586,692.0646725254294,850.7985683393134,1127.5560737944843
2029-02-02,416.2410201572739,558.756474299805,689.9871635381589,849.8666750559714,1132.1939784501917
2029-02-05,415.81710439319437,562.313898483027,692.0460894842511,852.300366360555,1127.8015592285476
2029-02-06,418.3194046222831,560.6478788790386,691.1800831563129,849.698422231828,1139.5318114461581
2029-02-07,418.89185513325305,562.0750087948398,694.6990737245898,852.7868675280258,1135.9981132004502
2029-02-08,416.2754243565185,562.7573231648395,692.9304697739559,854.3018994071554,1131.573179266758
2029-02-09,417.6672868840363,561.9633714628397,700.154310028043,855.4889109383956,1134.4051977263548
2029-02-12,419.3271794495044,563.7137988111214,699.092005146718,854.949200460123,1137.5636864113437
2029-02-13,416.9427039020335,562.7258368666718,702.1366427803896,855.2915574334428,1138.5945091748606
2029-02-14,415.8564108736609,563.7366890076942,702.1191202916664,857.7095052103007,1142.2952556577284
2029-02-15,417.0413597035479,563.8872107081648,705.0161418931045,860.9222813698811,1140.9174171121963
2029-02-16,415.10726199476704,563.9627951189507,706.6596907486366,860.5672109412686,1147.5650381113505
2029-02-19,416.42733957365687,564.0756088589839,705.674688302115,861.693313103199,1145.6984064619417
2029-02-20,417.3893415000571,563.3195154068177,706.6740339744706,861.7323599318847,1157.7974665143038
2029-02-21,418.362073517895,565.230853855089,706.9072135298736,859.8626243065603,1152.0704272865946
2029-02-22,417.10377393613703,564.8291021306344,706.5784497465144,861.7355685262995,1159.4033611265722
2029-02-23,418.365963931136,569.3355594085225,705.8966310450064,864.2680940018256,1160.4460156295738
2029-02-26,419.90724021609867,566.3153894753873,705.5759570380515,863.544436310779,1156.9715762024157
2029-02-27,419.8830085270744,566.7222832829028,708.2213702411866,863.7842370552924,1170.8602812198799
2029-02-28,419.3622801048923,568.4505743186112,710.0735750353565,866.2316755626302,1166.835405008797
2029-03-01,417.0239992861974,568.6559310021239,710.751511341133,869.5736236174267,1174.6369585848322
2029-03-02,418.1217196066776,567.6584181913927,710.4636517387206,870.1569350932853,1171.0288331416546
2029-03-05,417.4199431880164,568.2631638485122,712.6809322762194,869.0727934120583,1177.088049508045
2029-03-06,420.9789918197553,568.092066170686,711.9382902576583,871.4796005138728,1179.1977363905933
2029-03-07,417.137807959986,566.9777984185307,711.9148275561952,874.97621381484,1170.8215858252674
2029-03-08,417.22976785868866,568.4585034596785,712.6140284061305,874.1692370495678,1179.2512159761332
2029-03-09,417.16188697278136,568.9289769631791,710.0855469064143,872.826218700733,1183.4650469125663
2029-03-12,418.3433684430926,570.1825629084819,710.7321494030737,876.2214351768109,1184.5727238686554
2029-03-13,418.46936519947576,572.9612145870259,711.2614148614352,873.1754922622981,1185.1504808112359
2029-03-14,420.13965311864564,572.9517995764854,712.9868721265677,873.9913734321217,1187.152880359126
2029-03-15,423.6312579842953,573.4954752536752,711.4949376761467,878.9819656291972,1188.3658104942338
2029-03-16,418.327200641022,571.6635915454589,713.1839257104486,880.6947373318822,1192.7259802436347
2029-03-19,418.5907622774322,571.9820860571642,710.9762125237853,882.6105101176684,1182.7518698775402
2029-03-20,420.0195774833496,575.256076368608,710.0568378457854,883.6946388572189,1196.7651557139604
2029-03-21,420.6661114062225,577.5876106511865,710.4341822579979,887.8614821449022,1193.7485930940716
2029-03-22,420.29932553818804,578.1351578186936,707.9501682454215,889.3055128502969,1202.147375723749
2029-03-23,418.3884538279612,577.0361722609887,706.8906039322318,891.0403899415228,1201.8632181050239
2029-03-26,420.49134289294625,575.7039207242759,706.0096694255876,885.0347707485269,1206.423140202881
2029-03-27,423.05074268260967,575.9033061859488,710.8633066554735,886.9680981259254,1211.291063709267
2029-03-28,418.8695007476588,576.9935084452738,711.6559469207843,889.7177197318833,1203.981872489739
2029-03-29,418.65077525761626,577.3998760716752,710.6877896728653,893.1374385222683,1206.539462866558
2029-03-30,419.2399428746814,575.94817395951,712.6013181817216,893.0581362465232,1210.86291724931
2029-04-02,422.10509711967404,578.0889924208559,714.0597787932134,896.4723146461394,1212.6734975447919
2029-04-03,420.85475973141206,578.6828763027008,717.1098806094033,894.9767916679245,1212.6252228695844
2029-04-04,421.0518578831179,576.4432366721002,719.6645984396428,896.6034302245716,1206.528969773955
2029-04-05,420.3649638387506,578.5684536217072,720.304153431058,899.7311442115745,1209.3402417171344
2029-04-06,419.6161347095084,580.6792539351534,722.2707371676108,899.2909648760483,1215.7385540347395
2029-04-09,418.5917290896603,580.1654147957133,726.3458220284923,900.0232196306266,1216.4211488030985
2029-04-10,419.8291962260079,579.3227454045516,724.7731886723575,898.5551948073753,1214.7658626210862
2029-04-11,420.04296107322887,575.4266891546839,728.0711010128184,899.2568540106547,1209.3665878795414
2029-04-12,421.2174193273196,577.9843819200244,726.5423986288662,901.411989743646,1216.6561528266782
2029-04-13,423.35606596258106,578.2649851074257,732.634525918952,902.8127791011923,1210.5528156432154
2029-04-16,421.2088640027047,578.8802893396808,730.6269423292304,901.8983968452329,1217.225105286406
2029-04-17,423.21160872006544,577.1954186030998,729.6026501243718,901.8784700779688,1222.6065026898498
2029-04-18,425.0493441703691,578.6951432080684,732.8817772404057,904.8766855558107,1232.0659421154676
2029-04-19,426.2609701229219,580.4450412521454,735.4488818118575,903.8292224301465,1228.3649068928678
2029-04-20,426.7869254016476,579.7544144751878,735.5306668894937,903.5750029651649,1229.0817866950413
2029-04-23,425.9935610192573,580.791013002721,735.5482281632644,910.261542568905,1234.7948393973643
2029-04-24,426.6123195704105,580.5754212582955,735.259079410514,912.4471738187824,1233.7067580538321
2029-04-25,426.8147027901388,580.7662522314967,735.0613778495731,911.0562307529042,1236.9801633792292
2029-04-26,428.6729948847605,582.2929875096033,733.8995110019898,912.2824853994682,1240.5936435855133
2029-04-27,428.9052159092346,581.1009780668182,735.6090111270685,908.2077422864903,1241.040274399969
2029-04-30,428.8332036682414,582.7137855817464,734.9750929026302,912.2160561222895,1239.5053685734392
2029-05-01,429.8103665624988,583.7142188757304,736.7810704617023,917.0350009317372,1243.0253886059288
2029-05-02,430.0160943906176,584.4259741003748,733.1186381997977,915.0575511182642,1244.5206268717636
2029-05-03,427.84744253108613,585.4512855959798,733.9295965876286,915.1759724022606,1262.8698808010654
2029-05-04,430.16696798154095,582.2820978526803,737.8456917340138,918.6943743146786,1256.1208324905876
2029-05-07,429.3999742877845,583.4612606984908,737.2078599079582,921.6797425532707,1246.9360368239466
2029-05-08,427.2866933041808,585.5531546151524,737.540881112277,919.4967792513016,1259.0397717915107
2029-05-09,430.1930393901701,587.0444035334788,738.9731055597726,919.0858667571298,1262.9809070784695
2029-05-10,431.1438309108241,586.7575519619586,739.8942322358697,920.8701087069579,1253.8484180511614
2029-05-11,436.2202701032534,586.6646564137204,742.1857116108869,922.2495026498582,1271.3698125883823
2029-05-14,432.12098481592045,586.8749274429857,740.3374502541576,925.0264762269692,1267.195209420074
2029-05-15,439.09424989123625,586.9914030559657,738.8040247931935,930.4357641378996,1267.5426710052814
2029-05-16,434.6191642513254,589.5403208003698,739.7936274945238,932.025551238686,1279.7211151846552
2029-05-17,434.15830376413237,587.7650436045977,741.9884758714419,929.1961358764181,1280.672692103646
2029-05-18,434.42500725761454,587.8892721115782,741.9761870638345,936.0487090389141,1271.2987524698112
2029-05-21,435.8706566455814,587.3528541546486,740.2584765021504,935.7433139970394,1273.5769328694976
2029-05-22,434.528229257475,590.2126424420406,741.5226647160798,937.5399435452293,1284.934352128869
2029-05-23,435.71871496928014,591.0017331982752,743.0883443860345,938.4072054444321,1287.3611413524798
2029-05-24,435.7031582115414,590.6262013114462,742.3319526299122,940.7116884868537,1279.4581445716422
2029-05-25,432.52518656303283,587.7014629869232,742.8893911480275,940.4601914213854,1297.4941785617727
2029-05-28,433.20139793130556,590.1432777282205,743.051609468605,943.9730779316315,1289.0770191714503
2029-05-29,435.2622075823124,590.9863367082303,745.6915009375946,947.9550230936106,1288.2200581409954
2029-05-30,435.3083315557884,590.7138964610228,745.2950484933057,941.7790942148454,1286.7739766705126
2029-05-31,436.20587797875163,591.4261188070113,747.7935811549274,946.9019677974352,1285.6577869149867
2029-06-01,437.40372645381285,596.5319868598995,749.1706356303501,950.3231148898747,1301.076580022915
2029-06-04,437.426442362143,595.0644743382895,749.3580682862184,949.8895111984114,1303.2009940128758
2029-06-05,437.52576687500914,597.6660473595068,750.8410691544466,950.1936936791005,1303.342882423322
2029-06-06,435.4956939206465,601.118100440448,753.2513216950906,949.2391534384444,1309.347214068786
2029-06-07,437.9415947932103,599.585508673682,755.9820497343046,949.6998481250175,1310.395047651637
2029-06-08,436.5760676482247,600.1077876866186,760.5013635967499,947.1219913506786,1309.6253904166958
2029-06-11,437.29052795085,599.8332240010817,757.8863346370414,954.3080476341324,1314.4867868974502
2029-06-12,439.29063389158824,599.3557165113364,760.515651363766,952.7730776487608,1320.4345719734133
2029-06-13,437.47881048470026,599.5073834438831,759.5031697453737,951.6224126103086,1330.3488755965902
2029-06-14,437.9452249317964,602.0881268870942,757.4665993434178,949.8037050300333,1325.5949185728555
2029-06-15,436.0958434460389,602.5893969262663,760.6036777987783,954.9776909089932,1325.9986219457194
2029-06-18,438.7580475644889,603.595119437757,763.9329107388514,955.1820926004294,1326.5804276385197
2029-06-19,438.7853185035962,604.1737259745905,762.2165603999266,952.3774709007716,1326.3786853347644
2029-06-20,436.5120633960086,605.5487126379313,762.0300199870885,952.1816602703119,1326.6727740926806
2029-06-21,439.30840933379585,606.3641268463862,761.6980383565226,957.0011220160005,1331.8450213903313
2029-06-22,437.3847901253915,608.5372028696121,760.6103675031302,954.083389343085,1338.2698301676405
2029-06-25,442.1131646854257,606.284652892946,766.2205435910819,954.1122297361334,1342.4121297920797
2029-06-26,441.3894224058908,606.7896436280543,764.9389772711613,954.7433764688035,1341.5766119360212
2029-06-27,441.8464656064259,605.1904850071691,764.2922097713771,960.0804130637387,1346.4993836556516
2029-06-28,439.0296976868245,606.7661004060686,764.1150874957941,958.5887613699322,1337.1962451492664
2029-06-29,442.72700371145623,609.1679075993445,763.6747420357271,960.4576675241356,1337.8960763476948
2029-07-02,436.462620391412,610.305856541904,765.6166514907213,965.4060174141366,1339.9162685109982
2029-07-03,439.9876767795365,608.9618909854212,769.2622471425436,966.4069122007741,1341.7990444127627
2029-07-04,435.53270736241166,610.9984818334972,769.8762183486615,965.8738280688237,1349.0054651734704
2029-07-05,441.62448824893306,611.0539201212099,766.4688280155256,971.8900128477326,1339.2952281517157
2029-07-06,441.6398819137173,610.4649310141162,770.6480960616767,972.5764727342656,1342.0777881356748
2029-07-09,441.97770164884463,613.8400490673549,771.1356201563442,970.3798731451218,1346.3777212023806
2029-07-10,440.5306919723131,610.4393337461939,767.4311853724882,972.7522786157415,1343.9318606468285
2029-07-11,439.48382069119026,610.7369684942636,767.8971339624902,972.7366602303883,1343.9378576612605
2029-07-12,439.06726328646096,610.3181656460408,769.5810809086572,974.6870948768549,1349.2316323018927
2029-07-13,439.6853063769356,614.0181936741544,768.3926242063314,973.9715819003045,1365.0445453331165
2029-07-16,442.2638431491116,614.6380420227521,770.1865728921014,974.353752939939,1354.9543524889689
2029-07-17,444.2915395488293,614.5594271333647,769.7732226571277,971.4554233459266,1358.3771803627571
2029-07-18,443.7541042266652,616.3124565511781,773.5362993153669,972.3486917961172,1353.0614914687703
2029-07-19,443.52019029167747,614.1310056360038,772.9072492514356,978.0262801090589,1350.6223375703257
2029-07-20,445.1304081440948,615.3006051230828,774.4513313544837,978.5477899820083,1348.6920687139607
2029-07-23,446.93662673155626,614.4857011180881,778.8163629108808,981.1174487567237,1350.5440051997243
2029-07-24,447.8507027799355,616.9158315148288,775.2360059283117,980.3064529591144,1349.2435180527457
2029-07-25,444.04521617085345,620.7796530565317,775.2550946773283,982.7487936803676,1358.6335631772254
2029-07-26,446.1127471556236,621.5201605304027,777.1397019559806,986.0423710408616,1364.367906304382
2029-07-27,447.49731731511525,622.1659434039414,781.3099497929035,989.9076243488206,1372.5168146890958
2029-07-30,445.5073233533053,620.0324675218551,779.6802250788666,992.0641707086671,1362.8118605937086
2029-07-31,448.5981915527723,622.4736558872402,781.8210267595564,995.4346551120475,1368.0117712135025
2029-08-01,451.58985734073235,620.6951655193166,785.3168982351795,996.6795594104603,1373.713229203667
2029-08-02,454.33750010232865,621.8401208177696,789.1637505379923,1001.6551855519995,1372.3951478083052
2029-08-03,449.36153145182226,623.6124282451108,785.7917693910098,1000.7618423931551,1382.774487455473
2029-08-06,450.5682082417616,621.3830912485714,786.2746711630394,999.7742661421571,1383.7024229043861
2029-08-07,451.984975549278,624.4380247548639,789.1116982779865,1000.0527821169616,1377.1961013503644
2029-08-08,452.6645724362305,625.7673132802912,787.0506856420016,999.8741801047665,1383.9141458767128
2029-08-09,450.02424110276394,625.2943634947858,788.410026557047,1001.6901131777954,1382.711170047909
2029-08-10,452.6790646215508,625.4662651751139,787.628628779873,1002.1321472724235,1382.2054988701775
2029-08-13,451.10086343390145,625.1469932723803,790.2754130071639,1004.3720328046495,1388.4572696015964
2029-08-14,448.08801844348716,629.6532261834509,788.9338415961171,1008.1685143391438,1390.8959205187402
2029-08-15,444.79255215809405,626.1818467102916,788.7813654928289,1011.1625413830652,1396.9766470859881
2029-08-16,446.25975296314425,626.8988159599947,788.2826659036964,1009.8348429528357,1393.2061839579944
2029-08-17,443.9731446633088,628.3319206746464,796.7109635472227,1009.6564185863458,1392.2461114567348
2029-08-20,444.83582473235816,626.887550411717,799.8752408943956,1014.0743729756364,1400.3772755192463
2029-08-21,448.5989585107674,628.5705357760208,800.0771789359544,1012.0470173467718,1389.5869013157364
2029-08-22,444.5226752901663,629.4559930283231,797.4659193983091,1006.923683397223,1399.2988647280304
2029-08-23,448.8831120045184,633.7710897448898,798.2144495804209,1011.074284549732,1398.7440164465684
2029-08-24,447.76316145257937,634.5789153943026,799.5029472221972,1013.0282954270353,1405.226645763474
2029-08-27,440.7380973879516,635.5505711843196,798.3395363084287,1012.478866738006,1406.2678879303994
2029-08-28,444.9386642798794,636.3559355686239,799.3145857620486,1012.1043147682951,1403.9085098548574
2029-08-29,441.1020799504825,635.8338698774323,799.3307304952355,1016.1472523147033,1404.6542100640909
2029-08-30,441.227946543168,634.4493509287073,796.3354740172828,1014.4157439099337,1403.9312292850445
2029-08-31,444.8723691325401,635.3667487569095,800.1363759403285,1015.2076232168721,1403.7714896688858
2029-09-03,442.48819743153905,634.9738201392953,800.2612228233371,1017.2917192895978,1400.0039943738336
2029-09-04,446.41623380619257,638.0687543045119,804.7904653505287,1017.6089903713511,1412.0322898283748
2029-09-05,448.22424114390833,634.5998155834986,809.2503089242879,1016.5965795326018,1405.0739873281004
2029-09-06,448.34988533519135,633.1981162127499,803.2830833001269,1019.8463308698852,1417.9739761592095
2029-09-07,451.09992279217283,637.0272924705919,804.8273287292562,1021.7411090987673,1412.5746982654996
2029-09-10,451.50094075468667,637.4164626879502,802.9941416164806,1022.2574128507223,1416.7225623576567
2029-09-11,453.4071409913454,636.6097521735833,805.6938785074016,1024.6197134857698,1417.1191975658653
2029-09-12,451.1138723071796,634.8894683319938,803.533167358899,1020.4628878672638,1417.6896042361723
2029-09-13,452.29308141718093,636.3122536840273,804.6027025530497,1021.1029617273987,1412.687674248602
2029-09-14,454.49320419799216,640.5917328795081,805.0592226085594,1023.2923442816314,1421.4097374028368
2029-09-17,450.21274007431134,640.2766601792905,805.2627301100795,1023.5264461851783,1420.3861545194463
2029-09-18,450.8638951649376,641.3263884612189,803.5742358017593,1024.0267223452897,1425.5738386883277
2029-09-19,455.96599655755824,640.6540987522628,806.0637819782462,1025.496115622838,1433.7701706335515
2029-09-20,456.05762901434747,641.4956510366868,806.4280153158068,1026.4024388035252,1436.1470825507433
2029-09-21,452.32928744735057,641.9296292879808,808.3338411209984,1028.2139527035022,1438.6620008984187
2029-09-24,453.43473794830123,642.6334014573529,812.0005167918292,1034.6115408120236,1442.5883446679834
2029-09-25,453.5567180519623,644.1224362274141,812.4231780723719,1031.4727027658887,1448.8903503159693
2029-09-26,453.48083706997727,646.925643026826,812.4699074923851,1031.2964427182937,1444.0614104106617
2029-09-27,453.60033157915916,643.9252613961422,809.7494974318245,1031.9493768902303,1440.3941123668483
2029-09-28,454.0951488861028,652.2376250795912,812.9913023854735,1031.6687428486075,1446.2219425458889
2029-10-01,453.21260885884095,651.1200893000085,815.6834561788562,1034.8829519795495,1451.3200217600815
2029-10-02,454.9390820137051,654.4260591701318,819.359245809514,1035.8800017574702,1451.2469831560584
2029-10-03,456.16640840694976,650.1706729723346,818.2307891221293,1035.2815129987584,1462.6000560923394
2029-10-04,457.31054650186286,653.1521325680237,822.0919685915935,1044.425469696624,1468.8531105051486
2029-10-05,455.7159390612962,650.0770269573686,820.6656518171371,1038.7216779607595,1469.3110090602395
2029-10-08,459.34189096940463,653.5326141625111,824.7774630806593,1045.5876467656217,1490.0168759406956
2029-10-09,462.0876528649974,654.1077673866881,826.7723122631724,1047.7516949251465,1471.371307677231
2029-10-10,461.5177585211992,653.2313757524157,824.0781461874743,1047.3262322923879,1459.0294143049744
2029-10-11,465.64310120543547,653.7842383444103,829.047298527935,1049.3680272486424,1464.9715723778609
2029-10-12,465.6560310806746,652.8597003253012,830.2275622402165,1049.478948237339,1462.2993557627076
2029-10-15,465.47998725623455,654.6975167483268,828.3098797744076,1055.1188725012366,1451.8678663304975
2029-10-16,466.6352046161397,652.2761388370376,832.4794784846624,1049.603735934086,1448.8672783164798
2029-10-17,467.31648516399383,655.9003216649526,830.901299200335,1048.9849193814298,1448.6933860127388
2029-10-18,464.5737854596756,652.8669239383697,836.5225120738335,1054.8327358163892,1458.7459383000287
2029-10-19,467.6277746523353,656.7921338653058,836.8892912675868,1056.3812790328066,1462.403877105697
2029-10-22,470.2309708247245,655.8510582082756,832.4313157024214,1056.5053134997556,1462.1900900371634
2029-10-23,469.42471932935985,652.80549088208,832.2316269966443,1056.9620541237978,1464.3276648758467
2029-10-24,466.07319365916914,652.663595659043,835.033702109,1059.0606372181264,1465.2504403504292
2029-10-25,467.1726901486433,655.9533438278156,837.2770316003955,1060.7634501253035,1457.2036409074128
2029-10-26,466.4146124417581,656.1547162589493,839.9420777308277,1059.8807563261698,1460.0453644396398
2029-10-29,464.4976494318984,653.7613088458596,842.4796335883741,1056.3176478267414,1462.7694685362349
2029-10-30,462.58374005653394,656.1893415623588,838.2548855401246,1061.6131298506205,1474.4133340343326
2029-10-31,466.6933656903699,658.3188370879752,843.2420869435314,1058.7280498263483,1479.6013045232166
2029-11-01,463.63923554642525,657.5292735108817,846.7520056942908,1061.5195083898557,1490.6496270241562
2029-11-02,466.12712885010666,660.456886224553,852.3245749427073,1064.0783590858164,1490.0737780477366
2029-11-05,466.09344256658693,661.499006328663,848.0569591478381,1067.0179977168284,1500.0356950402954
2029-11-06,466.6696252804276,661.4819128006798,849.1644406353573,1068.6207819123022,1495.8570295692969
2029-11-07,465.6976862788932,658.1958628085883,851.8649437750812,1070.2547445461253,1492.9567443181645
2029-11-08,467.13898499079534,661.3993777617351,852.5884905203816,1072.2048023245798,1509.698542973346
2029-11-09,462.8721118368301,661.5077172221565,851.5783363930753,1073.0250175133556,1496.8825290001637
2029-11-12,462.46942301918534,666.0321272550173,854.5999142930407,1076.9498190645631,1490.112866864244
2029-11-13,465.462961652911,665.1324752503889,854.9469796083451,1080.135456193055,1489.571146935955
2029-11-14,464.129115605109,667.3218508645763,858.5261142885038,1081.9939521041654,1488.3781826322725
2029-11-15,464.1037059126229,665.9510670421502,857.8627218167136,1080.0757849341483,1490.067156162213
2029-11-16,464.73031436971206,667.542825414147,857.1273154294649,1080.157333958459,1486.8908900104473
2029-11-19,462.3766068755023,669.3142392523912,858.871754214081,1077.831177445816,1490.195979593394
2029-11-20,467.936648863104,670.6413991512869,856.7659314506645,1075.2012492150852,1482.1147656178282
2029-11-21,466.06564157957575,673.0750599689607,857.9542388031359,1076.718561450109,1490.6801031334883
2029-11-22,467.3558081984516,673.6205077123396,858.9319255406695,1087.7393993429737,1480.1763169793712
2029-11-23,466.9918605157739,671.9476866347302,858.3388598371355,1086.436059058899,1478.7824390935066
2029-11-26,468.6243237897515,669.6850029991163,859.8056652240716,1082.383478344925,1481.022713665856
2029-11-27,468.80283293094277,672.6206972513169,859.1481340737041,1082.2691910896215,1490.4893387415434
2029-11-28,473.6512372256099,671.1124174940051,860.9689682615854,1084.0242629741024,1489.3407426556337
2029-11-29,471.2956538440496,673.1971697211052,866.818768173301,1077.195335226036,1498.030063296133
2029-11-30,474.09568957862115,672.3476116606118,868.5740706172337,1079.7421745191532,1483.0183637759933
2029-12-03,476.7737648006295,672.4416144724121,866.2039092289717,1076.2864784187093,1501.7290588937642
2029-12-04,476.2020587431219,670.4309799022685,865.1650610167419,1079.177090743476,1500.996535248684
2029-12-05,473.65176228624097,673.9669546618276,871.4982224622883,1084.2920384028753,1503.8304771977093
2029-12-06,475.8641260733081,675.644059388715,867.4327623017026,1081.9168069749273,1482.52254183755
2029-12-07,475.85402596874286,679.0704706642696,862.9358429198818,1085.552589807464,1498.0840211059738
2029-12-10,472.76017432854195,677.2781899367446,867.2721425250659,1090.1829040367584,1491.9523228171106
2029-12-11,472.30284940288396,677.8396811200073,867.6126518497491,1087.6540061174362,1483.264654938161
2029-12-12,467.66190730219034,678.5216600195986,867.6418887545788,1090.310631149683,1495.7630921751102
2029-12-13,471.91430146196853,677.6625916245458,866.3447747919313,1090.8278185304198,1492.0172508022106
2029-12-14,471.8078534020225,680.5778597931163,873.9305317594384,1090.0635263903037,1499.6987843033937
2029-12-17,476.1507429011981,677.739938872392,880.722367066804,1093.3296232823764,1499.542294363563
2029-12-18,472.7089349688926,678.745963354573,877.6619375954704,1094.4438637620744,1501.109295149691
2029-12-19,474.8574160542192,677.069995980648,876.2334955488053,1094.201683935637,1497.6145373063603
2029-12-20,474.36525743577045,675.4399182613873,882.3124934895184,1101.6375025627542,1496.3251294975548
2029-12-21,475.8066538517287,676.152023648832,881.2548454037196,1103.648936812301,1489.2035756323805
2029-12-24,480.75718652338026,677.8959729329457,880.2084951666469,1108.4819599986465,1497.5474436952243
2029-12-25,479.9772682041507,677.6552181105528,880.3334568856089,1109.8618240203264,1502.641974873626
2029-12-26,481.22741737323287,677.7936207096933,883.3620072269098,1115.7581311890876,1509.8621264717724
2029-12-27,478.6351011037215,678.1020212762106,879.6203116297547,1119.5626431222495,1505.5516941523395
2029-12-28,475.25049273792024,676.9933286190056,883.6923188130834,1123.2224334439209,1513.1440337463227
2029-12-31,477.41270050033364,680.8380646177587,887.106366794003,1119.250016934402,1522.2939645786337
2030-01-01,475.47618458638345,678.923603046567,887.6990950077713,1122.0585697608822,1518.8866689086726
2030-01-02,474.8038047789599,679.9934021780841,888.5599388024273,1117.844372023977,1520.536267244948
2030-01-03,475.0730659560453,679.5740451971026,888.9910156296585,1115.6259307413636,1523.2599723850485
2030-01-04,478.1739227354171,681.6435288071696,888.0812582715027,1119.2785982137295,1523.532676436381
2030-01-07,477.11812508020313,680.3751987937758,893.0601955901197,1125.1787823409347,1540.6559236257767
2030-01-08,476.6485501728639,683.1082568616355,893.9697659102767,1118.3569344213292,1543.0376227177774
2030-01-09,478.12496768826634,681.0660000100231,895.4375106371135,1129.451675605821,1537.7117260435982
2030-01-10,476.6527753507391,681.4158263372724,896.4099203312619,1128.069269140986,1539.223486875921
2030-01-11,477.84640196011287,680.8254869858081,895.469343574728,1122.0939171076518,1539.1281962568378
2030-01-14,476.32167856149533,685.6148462230972,898.2272323718809,1126.2946431105593,1534.9480232048709
2030-01-15,473.9868002036391,682.8515597217336,895.247570303947,1126.7558034309473,1553.1127306572332
2030-01-16,477.7125386741998,684.82458346362,897.2068138695095,1128.2542551365543,1551.5328756510419
2030-01-17,474.66709331944423,684.4792642193623,895.7322251694447,1133.4919063209181,1546.801590644174
2030-01-18,473.9244206487591,686.5108957255434,894.7895677025581,1135.8841499253135,1547.3594620219733
2030-01-21,472.93775595990314,686.844685457245,894.4654906235116,1126.2988135880269,1563.0846018455054
2030-01-22,478.02668721630016,688.1185016072877,895.3367028791208,1129.952823061976,1557.7650410441713
2030-01-23,478.7744634756351,688.0221847702855,896.0990907981593,1133.7923162920029,1549.9805106185963
2030-01-24,477.98530118156486,689.6120503038696,899.229163110088,1135.9956120533573,1559.831681496441
2030-01-25,478.79852906592106,690.6791580388824,901.6551551904304,1134.5484942431544,1556.9964793016318
2030-01-28,480.19084928055435,688.5543437791927,904.136784258437,1130.7832715604509,1548.1422371078058
2030-01-29,480.77009207287404,691.9219793821699,902.8772626994005,1132.9521406143267,1562.195495001954
2030-01-30,480.7905481817009,696.8709809100972,902.2867660106074,1134.9077698307158,1573.5458384018455
2030-01-31,479.8483633629896,697.6315622079344,898.7951612966559,1140.3319705801189,1584.1825521908206
2030-02-01,480.9212692198384,699.2283044316908,898.5689221928324,1141.4424594539612,1580.280169705865
2030-02-04,478.00348264741643,697.2079068633371,899.380073806154,1147.6615927110383,1591.8601010985458
2030-02-05,482.0775209160124,700.4034579975732,900.9084225034435,1151.0590428919463,1604.5280740814935
2030-02-06,478.23586875982375,700.7105013403567,901.5277563543762,1148.3516136059677,1586.7264363181198
2030-02-07,479.81844989061244,700.2048296939355,900.5512417080347,1146.85489305186,1586.2489984466167
2030-02-08,478.4935703251376,700.7840429311859,901.444171060406,1149.068559962136,1610.1863328325242
2030-02-11,476.23527408471085,701.4464879680809,903.4767359540197,1148.3921047399303,1610.7426526845106
2030-02-12,473.1122576375515,701.9838617209123,902.827098481635,1151.4291924583763,1609.9068116777303
2030-02-13,471.73224600299415,697.4045479362344,901.051284100446,1154.3839183782536,1610.6422061620963
2030-02-14,472.1051454659075,701.7945416047912,902.9094383422726,1157.7535345326266,1620.400120081259
2030-02-15,477.227922775496,700.9193824705245,903.8794494856787,1158.4129190514811,1620.507425477592
2030-02-18,478.0218757446736,702.9085233813016,904.3515825831428,1162.4091087986744,1623.6152824283904
2030-02-19,480.8406663791157,704.9611317896404,906.9293527030361,1165.449636569095,1649.8093400831906
2030-02-20,477.7161955801081,702.9202347639373,903.1955664174486,1174.7400451284632,1647.3484672709317
2030-02-21,482.3823918196995,704.763359014729,901.8025939112526,1171.7028309635107,1649.7254763812912
2030-02-22,480.7174994191061,705.2174225795675,903.871314143928,1176.469072127334,1647.4740305941982
2030-02-25,481.7501051585211,701.7805633958112,903.4608498234736,1169.2086513773186,1649.6574805291477
2030-02-26,480.00012171906326,701.1248867991882,906.3134788625567,1175.3471173884745,1654.9815906291128
2030-02-27,480.56841934892805,704.0716220032107,907.9074362232229,1174.3589943776765,1643.4882157466275
2030-02-28,482.5387447530651,704.5423728506883,904.4961237167653,1175.3741698024344,1648.4357758883846
2030-03-01,485.67327982205643,703.7616271974179,913.7709099875119,1175.2193047975752,1658.628039348161
2030-03-04,487.7559939446139,706.8949163715747,912.8012827461399,1171.8218757578898,1651.0663197890058
2030-03-05,488.2821015630571,708.5568917235505,915.5726500015035,1176.8195246053833,1639.1006060265481
2030-03-06,487.2647460662358,712.4168343547607,914.9721140965901,1179.066731270827,1653.3793537602903
2030-03-07,490.76427231635773,715.132896926485,915.8538548725346,1180.621152179531,1657.3964919984542
2030-03-08,493.29433616582793,712.6823698861322,917.5332365504376,1175.2362811171345,1640.1470133103771
2030-03-11,491.2033755213708,711.0530124243696,920.2258612356546,1183.250639971012,1642.707166152133
2030-03-12,493.6994757252138,710.7516676615494,920.3567330470925,1175.0548899706205,1653.8589357043063
2030-03-13,494.81741924535527,713.8896034494034,921.5135604382112,1175.1854337698264,1650.8700102860917
2030-03-14,494.3821455463125,712.6339301850247,928.2269292021159,1179.2791643587982,1647.8068442771669
2030-03-15,494.30820248925056,713.2772632025445,920.7890426727698,1181.6257682943967,1656.4817351104837
2030-03-18,496.7162028114622,715.1823716535196,923.1792015177781,1183.1773686027832,1658.6486336021846
2030-03-19,492.0430517941548,714.6449019400557,923.0321288901596,1183.6508604657552,1657.2069082052933
2030-03-20,494.11956337160353,716.1086502943535,928.0110004415702,1182.5575773181524,1664.672746218505
2030-03-21,491.7442396410245,718.0973719115198,924.2741775179256,1182.7342043720707,1660.2499451561464
2030-03-22,492.31641677990933,721.507530487894,924.6170813073065,1183.2881710114095,1663.5588291725169
2030-03-25,492.5465681877916,717.8276457794325,925.7917173528706,1185.2370672614538,1666.5830426397954
2030-03-26,489.18793148537736,717.2518967929733,922.1195056009481,1190.2607174829354,1664.4102319674182
2030-03-27,494.04531314312777,718.1607273216437,924.4463285277336,1197.404685254667,1669.208290934602
2030-03-28,491.30410581259986,717.8415617888165,923.4688118248191,1196.3917226156802,1677.0323700201695
2030-03-29,491.9253629439156,719.9709801758883,924.2876158113344,1194.2757001839004,1684.8337542784195
2030-04-01,493.1456163300855,720.0053452790539,927.1987621099672,1192.3282560505472,1674.4985243645071
2030-04-02,491.73189650255046,721.5699965791333,924.4283685282969,1198.5538944703576,1683.0649752813267
2030-04-03,495.0560149581139,720.2003508478367,924.3218009256918,1202.4619470695848,1682.3736607183516
2030-04-04,496.30561180541196,719.0094672674732,929.8012955730685,1203.7468297436415,1682.6453656335048
2030-04-05,496.9246574368431,718.5114678431977,927.539846084923,1210.3603844194822,1681.3500425071034
2030-04-08,500.88835176340626,722.0299028948737,933.0806433430371,1213.8970245697806,1690.4783705175023
2030-04-09,496.0760965664691,721.4496555558908,935.0478897610099,1215.837643340902,1683.1291425402414
2030-04-10,497.7180156709314,723.061699923814,934.5301415001763,1221.3792113213703,1687.27394088037
2030-04-11,496.6065974504128,724.326668424282,935.5712771489838,1221.1605308895496,1687.6673796471464
2030-04-12,495.18007698715206,722.6410569193725,935.5209147189445,1222.4252228826895,1688.642881088961
2030-04-15,498.77562921199996,722.9163437827075,934.1929939587022,1223.3281578002384,1696.6381271421185
2030-04-16,502.4398258717716,723.6732513086972,935.628900832081,1227.1811966176692,1698.533815866528
2030-04-17,503.81437271889234,727.4704275678721,938.7683572360656,1243.28191011405,1699.9347217544746
2030-04-18,503.329907140937,727.6761579371798,936.87873955742,1242.0179383854856,1702.048654524768
2030-04-19,506.43702171416675,725.2334525075971,934.3539067622796,1241.2389761699085,1706.4639262376693
2030-04-22,501.29910902845825,726.6528372385611,936.8666444958869,1243.5524303912248,1705.3890722314845
2030-04-23,503.9508294444483,732.2085498171266,937.2475474132883,1244.0296053752993,1712.9396834330885
2030-04-24,500.93600521984814,730.8801672420482,941.5622798925383,1238.19510358906,1722.6839184788346
2030-04-25,499.2458155778353,731.7436241738066,939.6498243031924,1239.4789992623837,1724.0967146496248
2030-04-26,505.20083131356597,730.314902831165,945.0091712824204,1247.1390670884616,1723.1668385416358
2030-04-29,508.18351677367565,730.5854636818184,948.9338365640847,1247.132032372613,1718.0265765110848
2030-04-30,503.2245527066958,730.6329617938381,947.1001239941762,1245.5882561998433,1715.8742568143914
2030-05-01,505.0529945334587,733.4289631786778,949.5480337398283,1248.9104709379162,1721.0989034305544
2030-05-02,506.4396144911882,737.2073326762105,948.4713849443856,1248.9062241326546,1702.6304265407955
2030-05-03,506.0117150320045,734.2688495995824,945.8548531501265,1259.1396345206738,1713.7710810167644
2030-05-06,507.9922512477894,734.7209318862107,948.1629335387317,1256.0268587147211,1726.7694723226057
2030-05-07,506.693961875024,733.0849386987092,948.9954655438619,1253.4542648082613,1734.727285759331
2030-05-08,507.901750497117,733.9453502493362,950.1511285702202,1253.9319230123326,1725.3739445060237
2030-05-09,508.32648387034095,734.8045635915132,949.7433379739134,1258.3596338948726,1726.6473930811774
2030-05-10,507.50312956507423,736.0189559393884,955.2564335918239,1252.835940253074,1721.0589980708412
2030-05-13,507.4940341785733,733.6598224710395,953.4811822455554,1256.096744924793,1728.1595325175435
2030-05-14,508.92027802458034,733.3973098255681,957.2597948118952,1258.5614553655741,1715.9436119722918
2030-05-15,508.43528727421017,731.256332337449,963.2081474536853,1262.5889936350582,1722.2909372629617
2030-05-16,508.92599365840414,734.4194701772194,962.5688852380538,1263.9684097526736,1712.818575432491
2030-05-17,508.8494694749989,733.7384698242628,960.2855885526171,1264.7756703830871,1710.144074319279
2030-05-20,509.43067289029494,738.8128002816608,964.2176608163172,1261.928649707741,1711.9707714439971
2030-05-21,505.42039135774337,736.0355011568136,965.6373328867091,1264.5243146279397,1721.5063867496417
2030-05-22,505.3971712287601,741.533534792426,967.9687924054144,1263.1975223790312,1734.580213159427
2030-05-23,508.7139648276369,739.1861382205351,970.4136257009739,1271.5511637509194,1739.6961487785406
2030-05-24,507.65878500525264,740.4998876090621,969.5602261110624,1274.0233165773273,1747.4693401770303
2030-05-27,513.1855335286227,742.1604751249344,968.5450369648532,1267.5985494605989,1748.656816080209
2030-05-28,510.36149006300195,738.1100030135954,969.5886773884133,1267.9291640485344,1749.6699733543007
2030-05-29,511.2588271280131,738.5782401073262,968.1219900229269,1264.36811448146,1749.5665650761125
2030-05-30,512.138726638886,742.5809510197648,966.8063837439183,1274.243469399391,1742.2734517146635
2030-05-31,510.8523362543367,741.9920326034237,971.6370984691218,1274.2841410243282,1742.6820900297457
2030-06-03,510.98407341211964,745.3745243343847,972.4397805948356,1274.1139940687644,1744.4451636152962
2030-06-04,511.3183331384456,745.0433848152021,974.1312228962781,1276.1324524650386,1739.260028393622
2030-06-05,511.727733064907,744.290119150911,972.061553828411,1278.6535654024105,1750.4854459442834
2030-06-06,509.5520087195563,744.6543281977486,973.7612148699968,1283.5893756290402,1762.9268891786426
2030-06-07,511.4361718007016,742.9391843687949,979.2569599425026,1293.2285425668579,1768.2168740996024
2030-06-10,514.6213896187979,746.5587009631216,976.8023320677709,1290.1413530848995,1769.0738144633578
2030-06-11,510.7388076790303,746.2097625979723,980.0980029810235,1288.844274488813,1772.0310283660356
2030-06-12,514.1204503488906,749.3655644834113,981.4180030376049,1285.1850923298452,1778.1098564453218
2030-06-13,509.5977423647813,745.5280811849383,983.7736637193802,1290.6061925103998,1784.1781470838473
2030-06-14,512.121997925337,745.1265604020837,982.1132027520244,1287.5094573420479,1790.3477494443655
2030-06-17,514.7333912494965,752.0454261064808,985.5090609684191,1295.3058200530386,1791.7230490759912
2030-06-18,512.4144295578634,749.4028116789045,984.5693677450475,1293.261135680528,1799.32848357222
2030-06-19,512.4458604652496,759.1461583165632,982.1299806010156,1298.6867680964565,1791.2406747063208
2030-06-20,512.1606426899078,755.5906296412466,981.8649954624382,1296.2009789789922,1811.2110619335979
2030-06-21,516.0926870792124,753.670985082121,984.2293640620694,1303.326078479724,1813.2285444033707
2030-06-24,516.4200275453837,759.5665614545321,985.3270589585011,1294.0859285131855,1828.6934463477032
2030-06-25,511.3192958164319,757.0433611154849,986.0918678899525,1296.9734034884518,1799.6371521976791
2030-06-26,512.6139224050015,754.9596088439823,984.7472942115369,1297.7004107094053,1802.9695364260258
2030-06-27,516.15893184596,757.0550593574376,984.2333604198878,1296.4796189286994,1820.2692578101733
2030-06-28,515.6679464227557,756.1888623175329,986.7090147527742,1296.8723667909544,1818.242808385557
2030-07-01,516.5673959376941,757.812432323475,983.8268326424386,1306.6590192374588,1825.116648743794
2030-07-02,520.2620980391373,758.1877002912995,985.7826578492916,1310.0637276519465,1822.8343989021218
2030-07-03,520.4193275010606,757.4831476642931,983.3914997335523,1309.0019399076746,1820.7917587251363
2030-07-04,523.6132016651428,752.906739708681,988.8256220992237,1308.3564345038542,1827.2078621638484
2030-07-05,520.6789367950747,757.1295732568085,990.4778334883019,1315.2477441482501,1831.302824274155
2030-07-08,522.369012624292,754.6703358751942,984.9588500731247,1308.1922912035357,1840.5877518404852
2030-07-09,523.5320669642241,756.4948200183943,991.2184524732702,1316.7573399112948,1843.5528011987335
2030-07-10,524.7641908350143,757.0528462429418,988.1254074825724,1322.1556078250992,1843.4839155673776
2030-07-11,519.9038134545234,759.0605946217212,990.4669004184482,1322.3068515474633,1837.840014269817
2030-07-12,520.1924234712169,762.5244324501391,994.5793333908225,1321.239885065534,1840.7317792716763
2030-07-15,524.2507018427856,762.3891678197072,999.0801866683453,1324.7030979155304,1844.055223074235
2030-07-16,523.6375894118739,760.1963097734256,1000.8152066342341,1331.3701728911942,1842.8374708060717
2030-07-17,521.7193161341052,760.8009266160656,1000.0677614901354,1327.8533521594168,1847.4793648362183
2030-07-18,521.4419415581939,759.5000186618208,999.4663656628986,1337.7171018961526,1866.0850285229237
2030-07-19,525.7885909480564,759.0158881782941,1000.6938306282743,1332.5719883062734,1882.5711870874795
2030-07-22,524.1513535234068,762.3852144110093,1001.6402963691911,1328.1371152089196,1882.7752303619507
2030-07-23,524.0886355927329,761.5288382632634,1001.9052251227027,1330.7760395756354,1889.6428145640134
2030-07-24,518.7787939514033,758.7756178714171,1007.5815283699451,1331.0386792959189,1900.9727242230103
2030-07-25,521.4420947164688,756.4956472676959,1010.5467316420369,1334.0580448728165,1899.0066619924628
2030-07-26,524.987480923147,759.6709404153239,1010.104793578522,1335.1631544597517,1906.1924719152603
2030-07-29,518.400847755469,758.2318456775718,1009.1027448343583,1340.182498668068,1910.493967955369
2030-07-30,516.329080891247,763.160716907392,1014.8333911747408,1336.733031734957,1894.4781625713904
2030-07-31,525.9901184551408,759.9420169006703,1012.0026777117782,1342.7245455608697,1901.8546552026512
2030-08-01,523.2922721366764,762.3488392237928,1014.8517348287088,1342.9701133761314,1916.98597944196
2030-08-02,517.8187634073525,762.5728137531274,1015.437709827226,1343.29790720391,1906.5930611395208
2030-08-05,515.9173027671435,764.1131186319436,1020.3461977626769,1346.5423365531908,1921.5512420671953
2030-08-06,514.7838443763856,762.4220618382192,1022.7917566967308,1347.9770959446969,1915.6611784867944
2030-08-07,518.8798660595082,764.972555570623,1022.1706180086832,1349.4513344708973,1916.6576170905557
2030-08-08,515.7242548110145,767.5228538306186,1016.9435041862159,1358.5086462461911,1920.9173465366105
2030-08-09,515.8142973737595,767.6043757114558,1023.5981114860255,1354.2291814733687,1948.419748766769
2030-08-12,522.3504266845406,766.4610091936338,1019.2076174007124,1351.8606467192483,1957.8215618233703
2030-08-13,522.2980196791249,767.5538787919912,1020.6295236897937,1354.2120358650893,1965.2770015496503
2030-08-14,519.9202520808988,768.3490030035409,1027.2601836479128,1357.4818119712106,1949.0846531470063
2030-08-15,519.3903765074881,771.9358505153562,1026.1774780013332,1356.8080731206833,1956.090077845783
2030-08-16,520.2515776084159,773.8084147203424,1026.049697617068,1362.4319905736354,1943.4722912393536
2030-08-19,517.9885481082388,770.1964817217586,1024.7420091921317,1353.7776736571386,1933.8625930076162
2030-08-20,517.5487061373328,772.742218377649,1023.3851994960113,1359.4175581753823,1935.1159264206751
2030-08-21,516.9110369162112,773.0986966073951,1023.5939661929217,1357.6182690593048,1953.2356084023695
2030-08-22,517.9826159856169,773.1303217103178,1028.0171245232575,1354.920058221706,1963.4001999515463
2030-08-23,526.8834683143664,775.8118512184344,1029.7294731688519,1358.0055417038825,1951.6883027462743
2030-08-26,527.5338804835586,777.381093296316,1031.8118788478307,1356.435298587447,1968.8472347101983
2030-08-27,529.9459764880218,779.6028459350763,1032.3000416871628,1364.8437600865595,1981.378445537922
2030-08-28,525.6355969558798,780.933349494793,1030.7624653324647,1367.4256609306753,1982.373036092816
2030-08-29,533.157591118972,781.975384568886,1035.2209166465882,1380.51488461604,2000.1640990871526
2030-08-30,535.5791967905407,780.522705442891,1033.4157780951068,1375.2041671266438,2003.797772759653
2030-09-02,531.1468097542174,781.2607938286245,1033.9808194927573,1375.67614986807,2003.9538473910084
2030-09-03,534.2653863153222,780.7837887141336,1037.8758624465709,1368.6526676913873,1992.0711280337748
2030-09-04,534.3804700836125,782.8179892616178,1038.5209372451038,1378.1351212658446,2019.567734610686
2030-09-05,537.1316179255089,784.7904375858338,1041.2386357992634,1376.6385308589656,2028.1276367240805
2030-09-06,533.864709211212,788.1295925838787,1039.819480870452,1379.224610642725,2029.694933750755
2030-09-09,538.5252823768583,787.2779272042408,1047.9725981949305,1379.02335238319,2019.2973847043042
2030-09-10,538.3836734295955,786.6697920948495,1048.2820613351664,1383.1061317671451,2021.1334640475961
2030-09-11,536.5740751218121,789.8512453450937,1048.4217960212545,1384.2915548126043,2025.8865094603257
2030-09-12,533.3903687675694,788.8853795191906,1052.1002535252605,1386.8845911560372,2023.5457935882512
2030-09-13,532.6044769838826,789.5675764667824,1050.0276401696278,1390.3389359770406,2005.8597625588134
2030-09-16,534.3937335878824,793.4246869387428,1051.08909613971,1385.7850019573548,2026.2824232834748
2030-09-17,536.4986450108638,793.2054639715753,1047.3387814478835,1389.5968740381632,2023.1900990649553
2030-09-18,540.4705686252468,794.1845535431994,1053.2655060707552,1395.061502216614,2011.1631492049078
2030-09-19,544.4539876035899,795.8596008195781,1054.785884514193,1395.6114369054399,2025.5468048695043
2030-09-20,541.980280333084,799.4299786013916,1053.146712506687,1393.6500561459516,2013.828446795129
2030-09-23,542.0177785428083,799.9188589001722,1056.029604285962,1389.7368258077242,2013.645871171169
2030-09-24,538.5190678844241,797.4702723194978,1055.2465512535618,1391.092984898901,2021.6210388078666
2030-09-25,546.8946520890987,796.8731219412315,1053.1010635134019,1395.5036120510067,2024.529808601134
2030-09-26,543.8113285157058,801.1839087006683,1052.706607436632,1391.2604807995692,2029.5498505577282
2030-09-27,546.0198385589732,799.1201124894811,1053.8837673041444,1391.908718200545,2029.901654906114
2030-09-30,543.7702614283421,801.9084130140627,1057.34278270892,1396.3126666501537,2036.5316256665724
2030-10-01,544.1986907260377,800.2535639868385,1059.913111130957,1398.4889967101237,2051.048379850565
2030-10-02,544.7572972626921,803.5686664108044,1061.0269409022628,1400.9335199132406,2041.3443521053016
2030-10-03,544.981354867924,801.417689643557,1059.682225283377,1400.267273007072,2052.934218675239
2030-10-04,544.0461417135937,808.2315075885333,1066.4249111835193,1402.1085551904278,2083.5027757120943
2030-10-07,544.0511549035183,809.8350398109602,1059.8681602240863,1402.6132388449564,2080.8949286408442
2030-10-08,545.5713160727594,808.0488489156494,1065.1448198977837,1410.548099601503,2082.5433971129364
2030-10-09,540.0189574855516,804.5889145110012,1066.7357142606693,1408.845474977193,2072.3139130994
2030-10-10,545.8061374040833,805.5495577886651,1070.4310256563904,1412.2334172933765,2063.1924661548082
2030-10-11,546.7016228733814,807.0450861161411,1071.6012883538674,1416.1559346132829,2065.135082965633
2030-10-14,546.243251091072,802.9241703682821,1066.067827325407,1413.3707212543968,2099.239421984229
2030-10-15,542.8428202805251,809.2704833767427,1071.9981285671504,1418.7132364806378,2077.828343211537
2030-10-16,542.1811783522859,808.9547100564143,1070.9294674651949,1414.7304764500982,2099.612167611939
2030-10-17,545.2080917117336,807.7507785613238,1070.23466709214,1412.2205540541684,2083.099114348047
2030-10-18,548.3100152238127,811.540246745902,1067.396969961001,1418.134421336963,2076.9152108729304
2030-10-21,549.9406279375829,812.8582604851543,1064.5287010816241,1417.619317057758,2088.0478136377287
2030-10-22,551.737740898885,811.4554127271895,1064.1382082251346,1417.425060663463,2077.868107744856
2030-10-23,550.9037545575245,809.7201937580385,1070.7299081819308,1413.8279064558199,2084.313376178324
2030-10-24,551.4519135324646,817.7488406417823,1070.868846806232,1420.8088747789252,2100.098486257485
2030-10-25,552.1805609509914,814.0660904795106,1072.991859947309,1425.9950913355085,2098.519033408553
2030-10-28,553.6363158660658,814.635527609682,1077.2773941526093,1426.1990957426708,2116.2352268824975
2030-10-29,553.5792857898145,814.5193066581672,1082.0534915359751,1430.40233754425,2123.0200516764457
2030-10-30,553.6736333241503,815.9756475837713,1080.0223276313566,1427.8228448746468,2112.094033840335
2030-10-31,552.0394953339404,817.6500635421844,1083.7174919199185,1429.869616119949,2102.9683011921566
2030-11-01,551.6250531130808,818.05041448981,1087.1802334157087,1431.7759914411104,2106.9705799945436
2030-11-04,556.1699491538342,817.2076305295933,1084.6318970532257,1433.7944797788798,2094.596401540428
2030-11-05,556.0654761409247,816.6217750409749,1085.345151948788,1445.636852161719,2077.8571357797423
2030-11-06,560.4729331778851,817.9747877986488,1085.6196396956861,1448.0512182291013,2100.084995885549
2030-11-07,560.9322250285571,823.160621495556,1089.4995551011284,1439.8468396361695,2093.938198617533
2030-11-08,561.3321324162179,819.4811225624499,1089.041950302766,1447.5439395929523,2124.7138042060587
2030-11-11,562.8413462857284,820.2944020364911,1091.7250144818015,1460.0227456951886,2125.8143887445826
2030-11-12,562.2335372846633,817.3263061875463,1093.1548424993825,1465.1836056506068,2110.867867435596
2030-11-13,551.6785740382523,825.5649329388385,1091.918920381882,1455.0454821994133,2119.837926258054
2030-11-14,553.6291660813862,827.8677681430892,1098.0047535913989,1463.9200153867528,2127.582054842387
2030-11-15,550.9410430982888,828.0251250545726,1095.8579327731463,1465.042521819479,2125.097215377152
2030-11-18,551.7356354299025,830.1963145542516,1093.893024128865,1463.967747652231,2107.85106871223
2030-11-19,551.668472932251,831.8909044835503,1096.698671916178,1465.0750892594247,2133.249755120734
2030-11-20,555.3106910233581,829.4498303561228,1098.293657061282,1471.6156543622992,2142.5808625479117
2030-11-21,557.4212953625016,827.3818294147718,1100.9912386378576,1470.7666224857458,2155.8492931489136
2030-11-22,555.4750716004037,833.3766970045613,1097.565917826053,1464.1122348245158,2151.7859251279465
2030-11-25,556.9150206141645,834.5176814546945,1103.8380269153133,1466.03040308424,2182.085304811672
2030-11-26,553.8520029524293,834.3073925682169,1100.3215340698198,1466.2063210081376,2163.4645933146526
2030-11-27,553.6729302558653,835.6833242802816,1103.9247214638322,1474.0183357787298,2185.96926330227
2030-11-28,555.2789178286246,838.7296882046663,1105.7013854974816,1469.7868365756144,2181.701990048385
2030-11-29,556.0592074055479,836.7958083811984,1110.659871570887,1473.1075922158652,2168.163536600945
2030-12-02,553.5244272114521,835.5173279302029,1108.8140568130366,1474.1961850801267,2161.8542478302543
2030-12-03,555.2122021260225,839.2198692756945,1104.7860022316831,1470.5252084248928,2170.2031937331476
2030-12-04,557.7255026392676,843.2474354194528,1108.1973514732863,1475.4344492639889,2171.4271829606105
2030-12-05,552.1535254047467,837.8931262512517,1110.9846432173235,1479.2074255194518,2173.2584278601853
2030-12-06,553.8308472119035,839.9799238791497,1113.4668833288504,1479.162863070545,2177.0359516870226
2030-12-09,557.460313989631,838.2795027468023,1108.6390768592087,1475.3833585424763,2170.614836678252
2030-12-10,554.1746713091874,835.4720005709689,1117.519525179024,1482.9352722297726,2187.0628216471328
2030-12-11,556.9857957296537,837.5272671576836,1110.795115645508,1484.4915002981515,2211.2572328138335
2030-12-12,551.3395059552652,837.8696884338174,1115.3812818955487,1480.4932383983182,2195.775093286102
2030-12-13,556.763775656045,841.4851450397821,1119.7524301996405,1482.6029387044532,2200.9564564441093
2030-12-16,558.2995720249223,842.586436975073,1121.344553949974,1491.2144933118584,2178.5751301443097
2030-12-17,560.4069778733767,846.8363047688456,1118.299941874152,1488.0363019246452,2177.273813877506
2030-12-18,553.512592113441,844.033582190715,1124.1101401018047,1483.9492307849812,2175.1023439359205
2030-12-19,554.0658849211343,841.7247108660621,1121.223566519598,1489.9275513526786,2178.014061794602
2030-12-20,553.4248907685138,841.8922254276193,1123.4568081621028,1490.136637223188,2200.2298542657218
2030-12-23,557.8327063132425,844.7934586893302,1123.1755651140616,1494.492558935091,2183.5088633182263
2030-12-24,555.0488211922107,841.448050966741,1129.2413650581416,1493.1813213603657,2201.7446546183733
2030-12-25,556.3069415007374,839.2039351826528,1132.0126766158194,1502.9174094877671,2199.509064371148
2030-12-26,557.6400765087667,843.4712190070372,1130.7942667062696,1496.87918550094,2195.8776474804777
2030-12-27,556.4935128866267,842.4653843268968,1137.0316946588298,1501.2650252977708,2204.390444922508
2030-12-30,550.3125536857017,845.4595971177243,1132.1513811994398,1505.604153586734,2208.7682792410556
2030-12-31,558.1595987427487,846.4093810485108,1134.3014027343559,1497.9974235272498,2226.437908001103
2031-01-01,559.0103401185823,848.4147172438811,1132.9969988343526,1495.313276859914,2224.0884849609897
2031-01-02,554.5136564280094,849.1345513230717,1135.0443380875713,1511.6327357340144,2235.507909879781
2031-01-03,555.2750144845294,845.1250777033629,1134.4506909067425,1501.9822322883797,2241.558107832116
2031-01-06,557.9759041934776,848.2867426659495,1139.5204894423891,1493.0625581567915,2232.5042307770836
2031-01-07,558.7892508975854,846.8294650266586,1141.8516417667026,1496.670165400661,2231.1017077754027
2031-01-08,561.0598805692534,845.7861599925828,1144.2764819099439,1499.828672593361,2221.4324785394406
2031-01-09,562.9048051282055,852.9181510728952,1142.6263597601373,1515.4850501593298,2249.3890343159715
2031-01-10,564.0972213726549,853.7279748294623,1147.6732823806103,1519.0314193412705,2243.8692929437507
2031-01-13,563.8565769973119,852.4687239052167,1144.9453752269796,1517.9823564902367,2270.0837647343224
2031-01-14,562.7269656356383,849.7145204795836,1149.600393691519,1525.5400993644685,2287.702049796026
2031-01-15,562.8056870132176,848.7560428610992,1148.4047095047742,1514.6241460438162,2263.4230378467605
2031-01-16,564.9252620452369,852.8121249706784,1145.5231457906275,1516.5848632578543,2259.4184582239895
2031-01-17,563.9170243201181,856.5251375330588,1141.7849543091309,1521.2646882725346,2271.359683390693
2031-01-20,565.1828871147296,857.7026369013914,1142.9048726628957,1524.8952834343522,2283.258921389546
2031-01-21,566.7836350189262,859.8037318284128,1145.8096663371432,1527.2011933458662,2285.0297065266154
2031-01-22,559.9303365323038,861.6410516395997,1150.9764271031438,1533.2814421561181,2288.673591178085
2031-01-23,557.3911147602126,858.173306644321,1152.9333877814006,1532.8413872023893,2266.0634908090037
2031-01-24,563.2264863652437,860.1688392017788,1149.0953126135128,1536.1416405882946,2265.717455803673
2031-01-27,563.6142983906591,860.5871976496046,1148.9700103372563,1539.883198626776,2257.6003255856062
2031-01-28,562.3980559582507,862.3619355359137,1146.5229802610693,1543.4587160539645,2271.387357359119
2031-01-29,566.2314922672384,863.5461364892686,1153.9011628411824,1536.3165955644529,2265.250639299704
2031-01-30,565.3209246536843,866.6245968432074,1150.3881669747702,1535.003644303565,2280.5969491987944
2031-01-31,566.0932743289965,868.7342503355302,1153.8773428305246,1537.6763722773912,2299.18225112014
2031-02-03,570.243249121395,869.4438837289107,1152.1612934552497,1539.5356840605082,2296.4839706363805
2031-02-04,568.9877525708432,867.7645505020723,1154.7682939994675,1540.70003547547,2287.9394389478043
2031-02-05,577.2714833527897,874.9092224166736,1157.089546774498,1543.7991610132353,2307.065032972633
2031-02-06,574.777294841063,869.3873905695991,1156.6391420964699,1543.9590869752612,2291.2295042253786
2031-02-07,571.8067217204276,872.3533025323587,1157.1955266789623,1549.1722151080899,2303.5116170560696
2031-02-10,577.3569635189251,872.4272420147522,1164.2125834718565,1546.706244124496,2301.002447463385
2031-02-11,572.681781447872,876.200553640745,1156.4673666955543,1550.8058865509074,2297.54690315096
2031-02-12,577.9376980394774,875.8465420068293,1163.481303640287,1560.192010978701,2296.245870538496
2031-02-13,574.0626238408663,879.7957711737577,1161.8348513085966,1566.142637849553,2281.563733176261
2031-02-14,575.3744885327393,880.1867230398216,1166.3849650535344,1566.9559196196665,2291.9993800002962
2031-02-17,577.5709462440668,881.5242579634529,1166.202573777351,1570.4024318070324,2306.190593677045
2031-02-18,578.7315069911402,881.5096281809364,1164.2915935536223,1574.242855656019,2292.969443425928
2031-02-19,577.2155346694828,881.3929746842539,1171.936794287355,1576.914440445133,2296.9471329644834
2031-02-20,577.6600487763426,880.5706005105823,1172.5495475055432,1569.6607581073376,2287.145117066084
2031-02-21,572.3707913166369,881.119459894131,1167.8323073794338,1572.9116839881588,2289.24708036618
2031-02-24,572.5009853922412,878.4494977252128,1166.267635578325,1571.8863049849874,2308.9288781241403
2031-02-25,572.3593126047275,874.7190213523727,1169.2589124516198,1575.4209296046645,2314.7358301632803
2031-02-26,573.432740557706,882.1482919148667,1164.1750193252046,1566.8006642632993,2317.66634105302
2031-02-27,570.0710457014746,889.4256452166826,1161.168376393587,1566.9753377614743,2314.8148569656964
2031-02-28,572.375090888865,885.6656497101575,1161.001765477256,1567.4564673600235,2319.632053439728
2031-03-03,570.1455431177792,880.5017207171524,1161.9042293672692,1565.9428887216727,2329.116876786743
2031-03-04,573.7584670775389,880.4309465881597,1166.4093478762522,1571.8949218858631,2313.990623460593
2031-03-05,575.2371677582862,875.7984874283361,1166.3012375967464,1580.7578881991576,2320.2451632203756
2031-03-06,577.6707061237269,879.803960708004,1166.2303590676743,1585.1775911861268,2322.238466730952
2031-03-07,577.3114646868341,880.9532174799104,1169.0989107673859,1578.3177448651184,2335.824423997484
2031-03-10,575.8703610353483,886.8323998840827,1167.7381005816105,1578.4748421577715,2350.8698175481463
2031-03-11,576.7121693311303,890.0989754841373,1177.746157992528,1576.9523884046666,2332.0029094409065
2031-03-12,579.2799994243469,890.0332961859071,1178.853174028439,1577.5133535997188,2346.863503810499
2031-03-13,578.8224290850757,889.7630762350058,1176.1518358757007,1579.415452211268,2345.437472869284
2031-03-14,577.2307958101865,889.0858632756907,1181.0094572530393,1596.4667783773796,2359.2071722445903
2031-03-17,582.2841038822368,881.9275930308088,1181.9611217628112,1596.908294424441,2375.500629088564
2031-03-18,577.5693502252846,880.4889340940974,1183.4211826897308,1603.2584382938749,2387.6118653739923
2031-03-19,577.901390993244,885.7238439065487,1181.7434955637702,1597.6783673625705,2363.89320121474
2031-03-20,572.0746805810135,885.4157615432259,1183.2604280854155,1590.5177541672647,2357.0251491417316
2031-03-21,576.5059872159467,892.2313907860134,1185.261491737763,1595.9345769030315,2354.8271930978854
2031-03-24,576.6055803705207,890.9940052286869,1187.0048386502976,1606.4304712077842,2356.5791816894225
2031-03-25,576.6573104867766,890.1747200045461,1187.9276282289688,1605.7850050572886,2373.878924234764
2031-03-26,583.0258169490914,887.5354327036619,1189.4763010452662,1601.0092458210677,2377.60928141991
2031-03-27,581.5119724309094,890.0927036561378,1192.5317967963474,1605.342019042729,2396.011257762699
2031-03-28,578.1462889695246,893.3976142609292,1190.6150245978968,1603.7701628707207,2389.2994247262463
