date,p5,p25,p50,p75,p95
2026-05-29,230.2708,230.2708,230.2708,230.2708,230.2708
2026-06-01,227.38717530659684,229.17885835123639,230.56096197014892,231.84728152278376,233.9889032760077
2026-06-02,226.2286375966577,229.25277843937124,230.83437327412605,232.6997037197469,235.8563304693336
2026-06-03,225.56618568675842,228.96042463187072,231.0568894282785,233.5331194764489,237.2019322907145
2026-06-04,224.82888185468374,228.78063129313884,231.25468958180048,233.96109697294406,238.477585151684
2026-06-05,223.86313691030566,228.4610899200252,231.47907969483583,234.6356303855781,239.31577274537727
2026-06-08,223.2491389474964,228.3321322186182,231.627152807161,235.0988662047684,240.31138180751444
2026-06-09,222.82457687285532,228.3783857905343,231.915141448373,235.54155745649712,241.0582488699943
2026-06-10,222.5046138261397,228.14641652022698,232.1192711157259,235.90968228468074,242.3250114339825
2026-06-11,222.3473840636493,228.27187858871503,232.3175770072325,236.49175796168566,243.64208897220223
2026-06-12,222.25031596976237,228.24666961404776,232.67492494676566,236.84297583410364,243.8473461249457
2026-06-15,221.49337563173313,228.26187142260557,232.87550581101655,237.17224943293107,244.7058596580501
2026-06-16,221.31294642641296,228.04666038033602,233.07685854347082,237.89030095831987,245.30888700832466
2026-06-17,221.4738709965819,228.19068659962173,233.6495777617544,238.19680633651356,246.20059820941785
2026-06-18,221.8753138128224,228.27771599271404,233.90963967314272,238.82350301161048,246.8610458893919
2026-06-19,221.17064354016142,228.5298149960049,234.05327666153664,239.25539692493464,247.77944694173502
2026-06-22,221.0530450370959,228.68579415355663,234.46673607176498,239.6994999029284,248.26400744985017
2026-06-23,220.98382316565022,228.70547348232682,234.75870048107222,239.7852117521898,249.08396869546772
2026-06-24,220.36262982638178,228.93415296144036,234.98283587288023,240.7547911368183,249.6626522286945
2026-06-25,220.38646906726865,229.21646527805578,235.0464970679917,241.14232795462254,250.0211861340303
2026-06-26,219.68522876247098,229.16837248795363,235.13547735555488,242.03595725052253,251.5367585568744
2026-06-29,219.60707557587645,229.41780355052936,235.45858576407386,241.74237610591967,252.43174997713507
2026-06-30,219.5083636020658,229.69695322059368,235.68275878922378,242.78131310873303,253.0518508466919
2026-07-01,219.0478535881466,229.32967426973053,235.76277821674364,243.17784645278607,252.6229113508704
2026-07-02,219.67237539608183,229.18864846963618,235.9354163742659,243.50783342961336,253.63917856532706
2026-07-03,219.06150115842712,229.08459267620174,236.4083142108595,243.73011101159216,254.0499367131148
2026-07-06,219.05131354557867,229.38626082245105,236.56059609293573,244.11738847319296,255.16554340892932
2026-07-07,219.2489519015965,229.58302138370686,236.8929803032919,244.51814598108817,256.187479813776
2026-07-08,218.91999398465904,229.69878102728697,237.1199613384636,244.97609234020388,256.73880186710284
2026-07-09,218.5727566955508,229.76599404850893,237.31053350997354,245.0977607397621,256.84742608386637
2026-07-10,218.8765640559334,230.19091490045273,237.59702492387567,245.83417351500646,257.40513294830384
2026-07-13,218.92297086970407,230.04669984563049,237.95207527046017,245.8746486482209,258.57445462266975
2026-07-14,218.56053133471426,230.02838821456936,237.94473312212847,246.3124073697182,258.27411666392055
2026-07-15,219.1215688770672,230.0448697206826,238.22168645060322,246.51463264845748,258.51296171855466
2026-07-16,219.03998103381724,229.93692558837805,238.74435002318458,247.17082805365476,259.63418021695566
2026-07-17,218.91814434427678,229.44222672602467,238.97716983429666,247.34667305357723,260.0850067857222
2026-07-20,218.23447520043632,229.68000834431263,239.59822093123677,247.56630626811778,260.43762799260475
2026-07-21,218.34082882436564,229.74983654473172,239.7378927464218,248.01252044709332,260.60050540053385
2026-07-22,217.72273613195182,229.99005628226058,239.53132069349977,248.27386820806603,261.05709450318705
2026-07-23,218.32217530567655,230.2445226200736,239.91336318352035,248.56060612380975,261.302248550289
2026-07-24,219.01658632052312,230.52256152563606,240.08150054010815,248.99327637241743,262.33141389457757
2026-07-27,218.82013164993677,230.720232838686,240.48460666026827,249.60728111037434,263.34497160745065
2026-07-28,219.15785292019885,231.05065082029833,241.1365438422377,249.8123605867389,264.3366825440739
2026-07-29,219.00860183860482,231.29552804931228,241.31286217596062,249.73690456080536,264.8628178458072
2026-07-30,218.97331138511717,231.6416281575706,241.3896191306211,250.79910990484714,265.56746149171903
2026-07-31,217.9481701158753,231.79983920650574,242.017485151044,251.10661514535502,265.3965423679089
2026-08-03,218.0228542770632,231.70190993212645,242.6203070393154,251.44233854020922,265.54169209732015
2026-08-04,218.153695525047,231.8372329170434,242.66971506230317,251.7192449216191,266.0465654340717
2026-08-05,218.33830645607173,231.9315906253017,242.59165880782768,251.95429963225214,266.3919953865742
2026-08-06,218.35917032608765,232.14071038239086,242.5582411154669,252.3589289503739,268.19671064552904
2026-08-07,217.67150438964177,232.13188190636663,242.88346202726768,253.17192538456385,267.65358084533165
2026-08-10,217.57272323064765,232.22584511463882,243.1964245712926,253.865979215114,268.5642491276324
2026-08-11,218.2832691116372,232.736441356506,243.37767424790906,254.26293441612668,269.75526611162593
2026-08-12,217.89999548877185,233.02164132264585,243.308366593698,254.73832184637183,270.0291332858566
2026-08-13,218.94614710359195,232.82663519813877,243.6603545173456,254.86978536491853,270.95993876202317
2026-08-14,218.50178460445608,233.02837421687258,244.32278658923374,255.10892821052477,271.6843739699332
2026-08-17,219.3709378661569,233.2969664909642,244.27586370360174,255.64170804822888,271.2440105359603
2026-08-18,218.87884192764955,232.84121905931212,244.32129855820097,256.0292414699364,272.3064785270021
2026-08-19,218.48040855573697,232.83122161548636,245.10265476167473,255.89766166032373,272.8053151542649
2026-08-20,218.44015435004536,233.13953374427803,245.25481676730286,256.6230394971561,273.3916330149581
2026-08-21,218.55112305247465,233.41937870325614,245.6707260754018,256.63378217507534,273.36598505942453
2026-08-24,218.67145399398555,234.025890303765,246.0288201105663,257.4456319670283,274.3661146518391
2026-08-25,219.3405106599281,233.99815742530672,246.25431716479568,257.53046896067247,274.4024189716527
2026-08-26,219.92556662270894,233.98306082813656,246.6643500600819,258.150450113633,275.7498795431578
2026-08-27,219.96383628085323,233.83602356627748,247.11481063480397,258.5497511938299,275.72015155143777
2026-08-28,219.91567316478645,233.80147805596226,247.5707952283915,258.9817796800321,276.75035436041674
2026-08-31,219.5223826256547,234.52553460826087,247.63258992712286,259.3060038572449,278.35861992371775
2026-09-01,220.29631180740682,234.57672489230382,247.48581623207002,259.0348292030701,278.4193321566847
2026-09-02,219.69590269523658,235.11216233590304,247.6926958368026,259.3880144701003,279.2885781103731
2026-09-03,219.77907933972375,235.13747764296085,248.10222560126198,260.1394673870629,280.43395628237766
2026-09-04,219.58295975424542,234.9307220275239,248.18397280073674,260.18882563176294,280.8812038234691
2026-09-07,219.52485069535066,235.57713533607716,248.80772893080325,260.22531778003156,282.36604303851146
2026-09-08,219.6614008275006,235.29650656428967,248.73888669281553,260.5524233900292,281.8909615617969
2026-09-09,219.52637322844873,235.6195158833216,249.7244510887804,261.2691773895608,283.1901402116473
2026-09-10,219.31529119305097,235.8177062997524,249.5917282387772,262.1826978404897,282.75598886732666
2026-09-11,219.40499360256612,235.55338285009663,249.3987448280404,262.5094829316486,282.8657486623046
2026-09-14,219.09828827213823,235.73411681490825,249.8417539375601,262.72760191298426,283.4010993625744
2026-09-15,218.44397971720238,236.07511320748554,250.51440931893234,263.18857756646634,283.09098429397676
2026-09-16,218.56503535075214,236.4185541527944,250.90744703457221,263.25598776966706,285.51960121686835
2026-09-17,218.92518060495527,235.94696087338536,250.29822565187436,264.0174842957422,285.740912727115
2026-09-18,219.21197210869644,236.22740543617124,250.79148690669305,264.07322395003354,286.02483812309055
2026-09-21,218.96528158993954,236.81717784865518,250.53720962250765,263.71587926723817,286.3671137647076
2026-09-22,218.73454572972346,237.19552110431988,251.58675256100395,264.4946766496995,286.93260116393657
2026-09-23,218.84341377873434,237.53365989651695,251.4781436318957,265.2731166771297,286.4263059431708
2026-09-24,218.44480736467548,237.84739197552585,252.05367039934612,265.97743931120505,287.9560782894648
2026-09-25,218.95536179360772,237.9184587676071,251.96584476077268,266.0965762916101,288.55625321134085
2026-09-28,218.92370939139147,237.83177240041636,252.38211602905483,266.809260333226,288.8558109921686
2026-09-29,219.325337693717,238.44761580051912,252.59951600514927,267.8349830525668,289.5559821179501
2026-09-30,219.36892139712288,238.64510323607158,252.88898651374313,268.14109008647483,289.9454899655116
2026-10-01,218.804511039191,238.55508372014006,253.07939346853075,268.50526987309496,289.8156720832459
2026-10-02,218.97743202420637,239.03713579256987,252.7940369515882,269.1981672031613,291.9575320492549
2026-10-05,219.22930750949772,238.9927320183448,253.67821591136894,269.13973361140717,291.7839468495785
2026-10-06,219.14418442744417,239.132640506283,253.78098385511515,269.3007000099075,292.77885713018907
2026-10-07,220.28068522497662,239.22326032114745,253.76987783844697,269.5204901910547,293.0830080629022
2026-10-08,220.87094813329722,239.43683302225128,254.07344947082453,269.8652423020341,294.1604037064747
2026-10-09,219.9203739069011,239.89867341550533,254.4923940402054,269.74819900545356,293.6538537910813
2026-10-12,220.13414572240745,240.39550095464983,255.1627062386313,270.060754697322,294.7474343452626
2026-10-13,220.79976718241502,240.39447967474229,254.98169817842575,270.7200437710302,294.7329841163337
2026-10-14,220.83294480121882,240.3264246121547,255.0860000435327,270.82652375135535,295.05303001777446
2026-10-15,220.03863114266275,240.78964721395016,255.17988129105998,271.6088866360091,296.5269330642113
2026-10-16,221.0063314144787,240.7192558080383,254.89047532739366,272.0704886591754,296.0271313814135
2026-10-19,220.6646023052767,240.74128779510718,255.754180999374,271.8997323513043,295.39004406365734
2026-10-20,221.1301867890788,241.16047923249855,255.7596790781012,272.64263792918564,296.56217056173244
2026-10-21,221.28419996529348,240.9859092249235,256.09912584292806,272.8500664249548,296.81072941711574
2026-10-22,220.66067111543512,241.58142196849167,256.30170464623757,272.57941167933797,298.58807055508413
2026-10-23,221.7899618342571,241.83823400628702,256.61863713774255,273.25568890623356,298.4248745689252
2026-10-26,221.15267955110235,242.10826083955726,256.81133145251283,273.3297167026285,298.89317932038404
2026-10-27,221.74415206725212,242.3727160102141,257.15807785909016,274.40185896121847,299.14422035374884
2026-10-28,221.80657443922976,242.7630101449853,257.55055478302427,275.43620053731394,299.21445486952473
2026-10-29,222.66126738007662,242.6877498155352,258.3479414939836,275.4231705652035,299.847528935205
2026-10-30,222.30195454789418,242.33738392584044,258.3971107724059,275.8772336081357,299.5003803950569
2026-11-02,222.47615893836283,242.92244507532047,258.77414533781564,275.827193692417,299.4200669242766
2026-11-03,222.98359377524469,243.26443235943805,258.30880942625356,275.97365676526465,300.78548723067144
2026-11-04,222.5934187404949,243.53951417251054,259.38494398971136,276.4934549750206,301.201887275997
2026-11-05,223.54124854139133,243.59989876818054,259.50178393370993,277.2481886975956,302.1218858425261
2026-11-06,223.1519911253151,242.93296632896005,259.6495417223744,277.09993493058664,302.3463285344705
2026-11-09,224.31594008024484,243.0767012516825,260.04962686424744,278.2626199225866,303.0705220078992
2026-11-10,224.29264138832875,243.16960266786606,260.97245411719166,277.91888541195846,305.11504631263955
2026-11-11,225.12916653828074,243.42954743330904,261.1905893035138,278.6316630260667,305.60634146752733
2026-11-12,224.59416206867573,243.45060304229997,261.4298946474985,279.1150340556499,306.538436167164
2026-11-13,224.26968707750228,243.88529422178198,261.5839515494311,279.30254703336055,305.010136920561
2026-11-16,224.2146029803147,244.09615842397199,261.77468677991516,279.81080664598494,305.3963235896639
2026-11-17,224.7736238731014,243.84934391606618,262.48677117791095,279.8614831200037,306.5623868122529
2026-11-18,223.66140540915245,243.753880126179,262.01953122524907,280.2151810722947,306.04683256418826
2026-11-19,223.61318392734265,243.74676635338105,262.82093356565395,280.5758557650078,305.4815737166773
2026-11-20,223.94005166478073,243.50398035083242,263.0944083084022,281.3506165133473,306.014404979681
2026-11-23,223.95118949054452,244.40381162454196,263.21239921119127,281.76135913799124,307.2331675297343
2026-11-24,224.4091603927916,244.450424625622,263.46687856385745,282.35681373646486,307.6148356491055
2026-11-25,224.17672442086288,244.24682170490678,263.7854982820727,282.28858548179915,308.92204587309544
2026-11-26,224.81566996826837,245.34229851476493,264.33246333344186,282.7621503890222,309.75493570106556
2026-11-27,224.86847695018625,245.472071302694,264.1088565481457,282.7486770211212,309.1853031607713
2026-11-30,224.8996101978689,245.34847112017167,264.7735679973191,283.88114170195365,311.2572663278967
2026-12-01,225.90795123330943,245.40796007493913,264.52109255818436,283.89065000257585,310.835692726972
2026-12-02,225.4595354158817,245.70172748889826,264.838963976557,284.2348828246605,310.98104538485404
2026-12-03,225.04416574746722,245.9454339673427,265.89664033961697,284.2257456088064,312.50560116259373
2026-12-04,223.85905630497834,245.68907223652897,265.82160101409306,284.6241708379707,312.9785332504468
2026-12-07,224.69817646655508,245.89357955531418,266.07170085716564,285.3257057567283,314.00280557661125
2026-12-08,223.08918138227617,246.50217758374436,266.6636750778114,285.57366056819995,313.93115329654313
2026-12-09,224.44427176595076,247.54195433254714,267.35640501512535,285.8737621740007,315.67474823262484
2026-12-10,224.14642867234272,247.68513755447248,267.65538840098606,286.23292649953487,315.8599768227262
2026-12-11,224.39253128239912,247.80047818134702,267.60403178560244,286.1975241690403,314.27327387214604
2026-12-14,224.88303870183324,247.89496213121066,267.8466260129585,286.0339650219548,316.1079481786369
2026-12-15,224.28001946189548,248.34429791032647,268.10643153203875,286.61442025768446,318.07439007022595
2026-12-16,225.37834465683122,248.45241496151334,268.15870540363994,287.31679938616236,319.3126837761277
2026-12-17,224.91673115786224,248.9553237677266,268.18298250598764,287.44910553977417,318.9408069264504
2026-12-18,224.89299776386798,248.7166033937975,268.2753146410374,288.1156448526269,319.1522540177357
2026-12-21,225.1352026685054,249.15564154536406,268.89673855864237,288.3387763461503,319.1016139123142
2026-12-22,226.43664823395747,249.08330211229494,268.4749261880403,288.59815462081224,319.9802524858022
2026-12-23,226.26290587109665,249.5864028662267,269.271750763804,289.0405864608399,320.8633892606519
2026-12-24,226.54840868493648,250.37393055768376,269.7530665195235,289.4951565134887,320.60648459839143
2026-12-25,226.37018839362,249.8450166245492,269.9910949394646,289.4228448420938,322.9691847809191
2026-12-28,226.45753225136426,249.61209665288538,270.4802462033357,290.11918137085814,323.85945834237367
2026-12-29,227.0683286822236,250.81479255879796,270.513454482631,290.5714530853862,323.58121749814467
2026-12-30,226.39241524479553,250.60466814901565,270.40633678554286,290.6235880770719,324.22307075072956
2026-12-31,226.7197838782997,250.02430229560014,271.0628598262823,290.85598148667157,324.7527114193906
2027-01-01,227.3544874962007,250.71787186522272,271.18627442500986,291.6444544166791,323.7244206229259
2027-01-04,226.86963589312228,251.29151703576238,271.61700083749514,292.7647228984713,324.8773961264631
2027-01-05,226.66698024851934,251.34402259282865,271.7749979455041,293.81357662184433,324.60609617066604
2027-01-06,226.67062266605416,251.67460768708168,271.72562952990245,293.18497428165426,325.88235417086054
2027-01-07,226.8580692468159,251.8294923872087,272.4252752553886,293.6430675125987,325.577993183863
2027-01-08,227.40094618874346,252.0066745410286,272.4149406153516,293.8728532219592,326.16671668932304
2027-01-11,225.84704266346156,251.95975591747086,272.9453764204336,294.34836206324013,328.23935789781945
2027-01-12,226.62311389956838,251.36418555563137,273.20973670606406,294.52985295702877,327.75656342345576
2027-01-13,227.5770781713058,252.31158024919438,273.3352710621034,295.1749944274619,329.69138585915385
2027-01-14,226.73710421425733,251.7518041302877,273.70695681361326,295.70300497656007,330.8877099456133
2027-01-15,227.06689761242697,251.41061214300908,273.59952193456763,296.35444533088514,330.043689968554
2027-01-18,227.26236077787823,251.97708667495098,274.1177467445025,296.4740668359774,331.1580486813391
2027-01-19,226.76795361762765,252.321940774433,274.7318017423076,296.5531367640705,332.27383895253064
2027-01-20,227.31127299693298,252.70999989844398,274.63415116197274,297.1404316097188,332.5379877991198
2027-01-21,227.56934048021108,252.5615044624357,274.7714072093552,298.02968761151214,333.2753612234689
2027-01-22,227.43587904621432,253.01868870768408,275.85052741236325,297.3403241007024,334.2793292311582
2027-01-25,228.55920501662598,252.5617598625694,275.80182642405623,297.9659094254075,334.9602741671172
2027-01-26,228.45713974390148,253.40730670742334,275.35915314253606,299.2634304522587,335.5117609055643
2027-01-27,227.9735787514723,253.86182638781375,276.22812615709887,299.3071126435932,336.57959136327406
2027-01-28,227.7060841454095,253.4760703034553,275.8228323857805,300.080405393498,336.69886738406194
2027-01-29,228.84602720524165,254.12032688976242,276.0000462327576,299.54315359165776,337.8962762737977
2027-02-01,228.32415300921744,253.90580740566128,276.1625589452419,300.20308929650423,338.8395918487894
2027-02-02,229.79414191911752,254.4448987500844,276.7828123652197,300.2566155901066,337.3498510234212
2027-02-03,228.79655953561186,254.3683485486755,277.5876507861036,300.5515034355062,338.98270708225596
2027-02-04,228.6734051690698,254.7140305626217,277.70510943206796,301.0932951977798,341.03295994765716
2027-02-05,229.32034685713052,254.96864320612042,277.97157206805724,301.0625613872835,340.7613724264055
2027-02-08,229.281467081786,255.16456082860086,278.78792764545375,301.01174574174524,341.13286689394647
2027-02-09,230.66788540436391,255.3416456575216,278.6042823452814,301.58028395411986,341.1142380281184
2027-02-10,229.91175519518157,255.87768018234692,279.11387000259043,302.2895609804205,343.4601938630678
2027-02-11,229.69520974123634,255.6289823145275,279.3306594175117,302.3759456441685,343.3347676958473
2027-02-12,229.3355624127418,256.6110935451693,279.3837651809381,302.9261107893729,344.1652909085975
2027-02-15,229.28078910904298,257.32543083077667,279.46829121101223,303.56234576097984,343.51768442310197
2027-02-16,229.30678843508994,256.98639859720834,279.74631616393424,303.96146938116055,343.3910208176878
2027-02-17,230.24367311412453,256.8842808554911,279.9200868717928,304.5087025241359,345.45777639163765
2027-02-18,229.8193458963512,256.9748616435895,280.03581837609937,304.9961340112324,345.0614797152839
2027-02-19,230.47019080374204,257.5724234285609,280.6179466856326,306.0744530703378,345.29231232252425
2027-02-22,230.54289457572392,257.1470032772588,281.4283781071656,306.2547680542598,344.0979559130539
2027-02-23,229.9582820776862,257.077897650423,281.93969097204274,305.0988700326749,345.1256573672744
2027-02-24,229.8886806079973,258.2828575386129,281.47964012988655,306.5378474269103,344.63668520558815
2027-02-25,230.42046672419414,258.42968153775286,282.2507489349987,307.51007218400065,345.5307221071726
2027-02-26,231.45572334643487,258.05110454098843,282.42634800690814,307.69938669882487,347.4671041019381
2027-03-01,231.04381962329657,259.00343391140785,283.1435062117948,308.25029924847996,348.0128121371015
2027-03-02,230.8682744847618,258.72818945920056,283.65146071107586,309.15989991842423,348.0379088968243
2027-03-03,231.0097915845014,258.6879026164578,283.2547764328534,309.7144552596304,348.3108906676016
2027-03-04,232.7425247913515,258.91284117371333,283.8358734487755,309.5969224151862,348.5332666841335
2027-03-05,232.18833390969698,258.8872222088363,283.71785186000636,310.7122344596804,347.7853955338663
2027-03-08,232.9423562060925,259.54130091526025,283.6192404107684,311.50761578486004,349.26467895208253
2027-03-09,232.56137236629954,260.128382398569,284.6244231872959,311.2457838412343,349.3980374245221
2027-03-10,232.11575347578483,259.78365149671856,285.120809096756,311.0639263831424,350.5723352901894
2027-03-11,232.599143096596,260.41056141060966,285.658177240574,310.47432035539526,350.63439263260955
2027-03-12,231.42748076888643,260.72962713438244,285.5326518635925,311.2044665235483,351.7479520779853
2027-03-15,231.96032218028222,260.17932495449804,285.7979743407712,311.69154284279745,349.3898944161109
2027-03-16,232.99160315150394,260.37347766592103,286.11816427475264,312.3217490304863,350.54477230844066
2027-03-17,233.1125520469915,261.46000837188035,286.6500942600261,312.66941068747025,351.6047884598624
2027-03-18,233.38778685839532,261.922902744248,287.16340645158317,313.01939759802417,352.5436349297953
2027-03-19,233.97376685292656,261.8316035295534,287.0612532368299,313.18235224168757,353.8409441467767
2027-03-22,233.89148732053263,261.9147152263183,288.174044267751,313.74757269950646,353.5999135597264
2027-03-23,234.7758521798837,261.63695513536976,288.6571159984975,313.56793030347364,355.9393379109268
2027-03-24,234.95257620499635,263.1302515640201,288.54783259158194,314.035871207568,354.437627896785
2027-03-25,234.32477486300897,263.0063110591573,288.69464054702246,314.2110314659359,355.3459151347085
2027-03-26,234.36299116585872,262.52537224405154,288.5472346882309,314.46528435000505,357.5608197682369
2027-03-29,234.47021567393728,262.6579282655178,288.2422517792097,314.84484214263057,357.3416800498838
2027-03-30,235.35259177502746,263.03340009226747,288.3976552860952,315.65667903539094,357.8133521771658
2027-03-31,234.8747707205787,262.59724680972334,288.65069286812513,315.7086131941368,358.3747191994707
2027-04-01,234.7494904699944,262.90118618503703,289.31138299145255,316.8922573845909,359.7642789025519
2027-04-02,233.89387986893172,263.0770133279716,289.6321824217416,316.54355224742284,360.27007864139017
2027-04-05,234.19106982564665,263.62479591758677,290.3203158752971,317.0062773270555,360.5280193668732
2027-04-06,233.92739313678845,264.3182728718244,290.16973086262067,317.3394006800449,362.47101953367957
2027-04-07,234.46637240139086,264.61204493223164,290.11877804864787,317.947793278387,362.79323196987184
2027-04-08,233.85694528281724,264.3850902947682,291.0487517904496,317.80392601692154,362.7388295226655
2027-04-09,233.9895583403242,264.9694297867728,291.47965614995803,317.9677763502084,364.250648723061
2027-04-12,235.58911792906972,265.24905301357,291.7245262696049,318.52957947115294,364.9880874747723
2027-04-13,235.45293317988097,265.31240255165017,292.70910318240675,318.47270262688994,366.0935350935226
2027-04-14,235.5800229071162,265.66582357758114,293.3161346627839,318.5318007046244,366.24093619336855
2027-04-15,234.17551347853646,265.23661949395887,293.43346726948994,320.0380750800111,365.3695789368907
2027-04-16,234.50378399994995,265.60059846187005,293.57581117186317,320.65917057841125,365.27879938012654
2027-04-19,234.89082454315954,266.21793021925276,294.1343094678318,321.46382628238655,366.84236400012486
2027-04-20,234.72836081525375,266.80765459116327,295.13619582160106,322.3907452111336,365.887558304652
2027-04-21,233.841254729453,266.3965726379937,295.24202711188616,322.4766276791298,367.2523253246298
2027-04-22,234.28275386392477,266.42008282310655,295.41525674686835,321.7275731223318,368.64055680493334
2027-04-23,234.95766599613054,267.3252259056236,294.81534851112553,323.05861922848817,369.7782498077165
2027-04-26,235.56974218830666,267.2552596101442,295.3900107772255,323.965229667421,370.0604479230219
2027-04-27,235.74039701042497,267.0765292161541,295.72191561401905,324.48637624756793,370.56122023277817
2027-04-28,234.9022938252106,267.6881176540687,296.3724495233575,324.36548911930055,369.86439854455034
2027-04-29,236.38079384853245,268.49902841541575,296.0157993903106,324.53794095085357,371.99004272112046
2027-04-30,235.5931453672521,267.9152874626127,296.0390822850545,324.9799179570077,370.8198640858839
2027-05-03,235.17206798085675,267.80008184986536,296.2785105944952,325.6171115184493,371.51059875517757
2027-05-04,234.90429789798853,267.51485358348947,296.6875232525317,326.15500475994094,371.1096081612228
2027-05-05,235.8925215686989,267.91931065084987,296.54290451285846,327.2711452444479,373.3792889371915
2027-05-06,235.34112619944324,268.35149829584884,297.29637397356953,327.1137466161799,374.31186738174773
2027-05-07,236.840880295961,268.4359236613655,297.53750308022273,328.4782989737768,373.50764214905007
2027-05-10,235.64444884844252,268.76461859142756,297.7538605770461,327.81700598517216,373.535412551568
2027-05-11,236.72285965115321,269.37315361776064,298.377147565383,329.14726288875625,374.0121231493943
2027-05-12,236.1354963524271,270.0561629432067,298.34610373861733,329.24420782815116,375.57749739549047
2027-05-13,236.9216081075871,269.863928504068,298.2130279627762,329.4007545485937,377.4043687708174
2027-05-14,236.86015544527547,269.95596336480463,298.59880978150045,329.4967700233958,377.03539412283595
2027-05-17,237.4570531565159,270.6049972912909,299.2431886587946,329.7815088406732,379.1000748249951
2027-05-18,236.81066110866772,271.1538103399253,299.55042764964287,329.2883249174598,378.602111550718
2027-05-19,237.01515971448194,270.08341680803153,299.8969072816881,329.8639299125673,378.5013173121812
2027-05-20,237.43718671919027,271.1099968984754,300.07438661367604,330.2145431459928,379.4995493748182
2027-05-21,237.2023144386775,271.39908481400846,300.275557307387,330.5725154231802,379.75970084752146
2027-05-24,236.76442852634878,270.79450657805035,300.2477646073738,330.60253918431727,382.0322866612012
2027-05-25,237.28856799864147,271.0908893071369,300.24926755080025,331.2395277066588,381.4381967565767
2027-05-26,236.3778765594583,271.07746637075553,301.6679669489981,331.8090792101027,381.6946360357632
2027-05-27,237.11742463771603,271.7323641465491,302.19987487560655,332.00695182952353,382.59153889951733
2027-05-28,238.0938051871928,271.3762260585503,301.9936248121044,332.8484705609177,383.5658565995444
2027-05-31,238.52908038646217,272.3088863535065,302.4909328283884,333.32816186758225,384.132292596705
2027-06-01,238.56697205763598,272.28753690915704,303.54964432930444,333.41218072092903,383.90807206653426
2027-06-02,238.3786041107655,273.2247396238811,304.0431641446363,334.0527908842744,383.5948127650527
2027-06-03,238.63298212053076,273.221727927562,303.98042391470466,332.8821226780896,385.8814666304855
2027-06-04,238.91210721577437,273.28674863438306,303.87964243611987,334.49849795362405,386.2880937010181
2027-06-07,239.26484435027552,273.61351595644004,304.98042668145837,334.28593868207724,386.1252798819456
2027-06-08,239.03469857041344,273.73685900493706,305.7165274566137,334.1866782009682,384.2114508752001
2027-06-09,239.6469142424926,274.4200649704111,305.8577440184357,335.5439587415902,386.4105925809771
2027-06-10,239.2600040118473,274.2401208445698,305.80866543516777,336.1183145469481,387.4203568961779
2027-06-11,238.70945546178802,274.3313117952036,306.9227930066538,336.5704910207916,386.7456611128382
2027-06-14,239.65781232943905,274.4398382500471,307.06001922732924,336.716796996433,386.8808547756149
2027-06-15,240.1655326644548,274.5753715004636,307.2259722410764,337.6856657716886,386.3670136095229
2027-06-16,240.1020621438372,274.878257396959,306.8223398061362,338.4842442543692,387.6070772040132
2027-06-17,239.70004824056582,274.54048722313695,307.53769909703186,338.7758062398519,387.51872671750795
2027-06-18,239.0933508984644,274.6670761891736,308.380578332739,339.46531155428795,388.21692006918454
2027-06-21,240.51638878945883,275.17460257742437,309.36175638475856,339.76491120650337,389.476639917043
2027-06-22,240.66078057391252,275.342374019815,309.02459350149996,340.56327496743614,390.7961269148664
2027-06-23,241.36313848936197,275.57623479014023,308.8122388728723,340.2244212559231,390.4571140366448
2027-06-24,241.54541676552378,275.56518584096347,309.7621960615812,341.4056649054544,393.61024166461885
2027-06-25,242.6567179187393,276.04401516477407,309.23078468683036,342.128276456056,395.64063081769075
2027-06-28,242.20628085143218,276.5677058026533,310.4204004439041,342.4532019562772,395.00245197923385
2027-06-29,242.96353564093167,276.6303040008712,310.4289585623982,343.4795093033659,394.86309962844734
2027-06-30,241.36019270358716,276.28248854027095,310.6622838307255,343.48481183448985,396.4095885253387
2027-07-01,240.9025380421291,276.4921055121401,310.87327309133207,343.587673642871,394.9637607595318
2027-07-02,242.62493375439158,276.48913500479847,311.4815857946096,344.418289693481,395.60359075449315
2027-07-05,242.72497982412943,277.21993567193834,312.1813304996704,345.3872289364832,396.33887263659807
2027-07-06,243.4564716091853,277.2244650018738,311.6446916517292,346.0342701599831,397.0498900303656
2027-07-07,244.22749336019032,278.5006855825336,312.93997084841055,345.8254335485028,396.9160670673538
2027-07-08,244.63189855470895,279.0369392139456,313.21796324237596,346.0569002046304,397.6371072117676
2027-07-09,243.77691102227888,278.81998141036433,313.37131905695014,346.241765557484,398.79343108090586
2027-07-12,244.0050312658028,278.8773781503059,314.47284957548317,346.2586304554107,400.68628157924877
2027-07-13,244.34985739307757,279.86520326082604,314.2285800666499,346.60765286715485,399.6825337252954
2027-07-14,245.4363345250038,279.9496097262124,314.5350179759305,346.71152934944234,399.6149481315745
2027-07-15,243.16961214010016,280.0911026522104,315.1576133053622,347.474713526476,400.78882576039933
2027-07-16,243.78562899319542,281.0616386117663,315.25671399345475,347.57824803477047,401.79041899449106
2027-07-19,243.81719385916492,280.79177188206967,315.227359861265,347.8402418187411,401.53465350871284
2027-07-20,245.06599672678655,281.25318721266984,315.4844759982762,348.30208591537905,402.7575928433573
2027-07-21,244.55969765286667,281.3286105901754,315.35079127695326,348.84143147192924,400.3626000528361
2027-07-22,245.07667699080406,281.2418759406461,315.57541639020735,347.9654367379548,403.88669650970115
2027-07-23,244.76834658115715,281.94231276143165,315.67675268400683,348.6413869320666,405.933286135975
2027-07-26,243.67426733059258,282.18132023042506,315.5189689610541,348.8391360935759,407.10464681947286
2027-07-27,244.546576971402,282.30314791929067,316.0006941320946,349.96721852891693,407.1434580026559
2027-07-28,244.58015591649982,282.73967947915696,315.82996298534226,350.2945668779519,406.75862126198655
2027-07-29,245.48792065245172,283.19839410036064,316.62609374896937,351.32413889822834,407.5880171729937
2027-07-30,244.83591726513873,283.99983881345935,315.9656350280865,350.83422036546034,407.48876667782093
2027-08-02,245.3350189717638,284.5202560037965,316.20581890328174,350.86343068138467,407.9169664194093
2027-08-03,245.57884811653636,284.56872880657414,316.9495092119585,351.684055220412,407.5303218468911
2027-08-04,244.82755332647582,284.69583314132257,317.0140918602218,351.7790714444323,408.3358710182788
2027-08-05,245.70619182865605,285.30494235000026,317.2657184562466,351.4381246295119,406.8679345453405
2027-08-06,245.89693558139476,285.36998400953667,317.25574486536715,352.58377152569756,406.83453365182766
2027-08-09,245.52145465554713,286.8400129781833,317.2881955646066,353.72676911138825,407.8782593096667
2027-08-10,245.37467486717227,286.91797778571424,318.14772311539434,352.86334943004425,410.438402951059
2027-08-11,246.59211023889495,286.3051089186402,318.35085561769654,353.8481080744117,409.3974243724876
2027-08-12,246.15746892005623,286.20550599955493,318.82053496031483,354.96202133484684,409.2132387921151
2027-08-13,247.20430509347682,286.1996239662323,318.5127069623757,355.6590349476623,409.3593715660903
2027-08-16,248.62062639652297,286.3617601294038,318.80723164321114,356.055761859578,410.6259029211128
2027-08-17,248.09759641992972,286.28609510306336,319.3113365487547,357.01025090392704,410.6240183307156
2027-08-18,248.57206871275582,286.14860127545916,319.608992926727,357.1652630773155,410.85264437476764
2027-08-19,247.99870257838197,286.06667234260493,319.71213517246963,358.0807835099773,412.4422488934339
2027-08-20,246.4480618152276,286.5419888453903,318.6847201602408,358.6310570798289,412.9335638188578
2027-08-23,247.77963787322045,287.35411910633536,319.7486536601924,358.48506260547117,412.01041674016653
2027-08-24,247.69256306440042,286.9994109592651,320.0935657059679,358.28401804982974,414.7242178040293
2027-08-25,247.8519080624128,288.0075754261408,320.7895922192379,358.8054865663387,414.8315101900927
2027-08-26,248.47857181808104,287.95293037584287,321.67299100154605,359.41198647319106,416.790655149047
2027-08-27,249.58374471959542,288.6793063136496,321.8898228714006,359.6016663195327,415.9805266780669
2027-08-30,249.95724371744834,288.69792257961626,322.46636176306663,359.5620069381537,414.99104780243886
2027-08-31,249.4733689391499,289.13041074740306,321.17283864584584,360.44088018888334,416.5033686900199
2027-09-01,250.24294882635851,289.07979425789244,322.1699336349345,360.0579748703694,417.46727403893175
2027-09-02,249.7056911858238,289.02169509110973,322.2844201581945,361.37560279040275,417.7711093741688
2027-09-03,250.04928477000377,289.03410552287016,323.3534366584194,361.3346943826521,417.9814151801336
2027-09-06,248.40147340175508,289.5778348825514,323.0825683284103,362.11170691829795,420.64678488752185
2027-09-07,248.99263811716816,289.7213631051442,323.38562278228756,362.8874849607591,420.40693860811496
2027-09-08,247.77570113238684,289.74928522421214,324.389786070605,363.6278488167501,423.0594306835442
2027-09-09,247.90952847531273,289.61631008447813,324.60908265686226,363.55279384624123,423.26083304015896
2027-09-10,247.89967192853516,290.48773741367154,325.2093214851713,363.5315614771284,423.97559808121423
2027-09-13,248.49807873733494,290.39937564555646,325.4252592315567,364.36479014420945,422.8910731857651
2027-09-14,248.71132615077235,290.81056844338684,325.2765850989314,364.05964165270655,423.1475408775898
2027-09-15,249.62838545321833,291.99095203946035,326.56596396017744,365.0101024175462,424.3081704750211
2027-09-16,249.58093797159023,291.32932336549516,326.6557078654688,363.5794282775995,424.5595555221193
2027-09-17,248.877536531303,292.28376691353134,327.2587705582074,364.7551537340999,424.23964750539346
2027-09-20,248.2958736041411,291.7243432760159,327.50416279270667,365.72808576739914,426.25106727575695
2027-09-21,249.22306659791784,292.399958259963,327.62143542324395,365.41477162204836,427.44641292374826
2027-09-22,248.53051255857451,293.1244111802372,326.748844713045,366.409493697014,429.02684312291854
2027-09-23,248.66405457864693,292.5964755489713,327.42139723068374,367.0915078258191,428.48139559730436
2027-09-24,247.99264347988733,291.09184802697376,327.9206731370932,368.0410936536765,429.2283699896812
2027-09-27,249.28782643406336,291.9687760078342,328.3691098242926,368.28743548153244,429.4897021104932
2027-09-28,248.84159640619558,291.08765861787447,329.31024535866743,368.2015355403581,431.7337870948779
2027-09-29,247.62762440811903,292.44167240699534,329.372847500186,367.9483596123924,431.17102265701294
2027-09-30,248.31090826091426,292.1791238643034,329.83788767802014,368.7913645742232,433.6162681737902
2027-10-01,248.96071205371717,292.1167643897049,330.12891461286586,369.3038428636196,435.88592185693386
2027-10-04,250.0825384499528,292.75847160292665,330.56614879910023,369.953968230178,436.8790174885339
2027-10-05,250.54645959803793,293.4609054216421,331.2085184608621,369.9990838113449,434.5563844559439
2027-10-06,249.07073065348337,294.0017260364566,331.61407113375753,371.3373568081803,435.5167789854515
2027-10-07,250.4625022771575,294.2150795302404,331.72696949359397,372.30784178805123,435.0147373740949
2027-10-08,251.51272555298218,293.9211290156178,332.08693831279976,372.38712459436374,437.92907626508276
2027-10-11,251.98395939595275,294.3355871906623,331.3984959943157,372.4306620191429,436.87945131595245
2027-10-12,251.68439078788683,294.10508199717617,332.3699728096776,373.63215940872897,436.3795824298984
2027-10-13,252.20809873555058,294.66992045712226,331.7877106892901,374.35611331782343,437.2862132829641
2027-10-14,252.45651719237657,294.8486884021007,332.3082888930253,373.86812494781657,439.7255101598783
2027-10-15,253.46150892968564,296.36747607991856,333.0060695940309,374.617031143111,441.16547133694445
2027-10-18,253.24853375867391,296.35263164426635,334.14994590299386,375.190474054579,439.7842991989919
2027-10-19,253.21789583780443,298.1864151996501,334.2026336093202,375.6230744896706,440.66238862926735
2027-10-20,252.38093798987677,297.67568045345223,334.7432617851736,376.39838216381816,442.81325095821967
2027-10-21,251.75915138792885,298.00182132394417,335.9676328627781,377.89949886443844,443.21273455467383
2027-10-22,252.3031963825316,297.8172341831084,335.438304720352,378.2462654954571,442.7947779184553
2027-10-25,253.35814296364822,298.6045578235377,335.08275851083727,379.5874625851712,443.42095887064767
2027-10-26,253.5338236718208,298.690340870756,336.2635010128703,380.475169023837,444.74067717592123
2027-10-27,254.54075682030634,299.5603870484249,336.0333052085482,380.06328856261564,441.83964567752304
2027-10-28,254.14588192947483,298.9069754277672,337.0458178984454,381.6868934470765,443.2650733707583
2027-10-29,254.50979346277344,299.1330577845486,337.4318620477085,382.16616817164675,441.6400546679128
2027-11-01,254.7016573640617,298.8711254456219,337.5258436454234,383.6651892703756,446.9035685653288
2027-11-02,254.5110003987716,299.0529219970648,338.29627965991375,383.64900828169704,444.39619590215307
2027-11-03,253.88220130465717,300.1810851544216,339.70471623940955,383.12845054732736,446.34551531734604
2027-11-04,254.37673176233722,300.27358573466586,339.2926672135495,383.61057775846945,447.50980856800885
2027-11-05,254.78979737808,300.54706049762655,339.39040325378767,383.5292658437767,449.3170875528719
2027-11-08,254.59438727620494,300.2465597607955,339.0008658634167,384.62568360297985,449.65518077946297
2027-11-09,254.5943340339782,300.19940769183074,339.5641937859199,385.02918828814376,451.83802395202645
2027-11-10,254.3735424208208,302.10135159138315,339.33966953231806,385.11294301872545,451.16043892315287
2027-11-11,254.5312579046447,302.40639335271624,340.4368913241395,387.0529560941654,450.5237440797019
2027-11-12,255.16217023177487,302.86212116159885,342.0723747819819,387.2362905380198,452.4108421363645
2027-11-15,256.81566652732306,302.0849879036197,341.308102858025,388.17831814591807,453.63445383640664
2027-11-16,256.0195759589531,301.65923783706387,341.7788925723887,388.14131059919356,452.9714674516401
2027-11-17,255.53253343841627,304.0558732401173,342.6306215146686,389.2618041469407,452.4366365829396
2027-11-18,254.91067612323195,303.54568784905854,344.3612555113218,388.95092823758563,453.6581211675375
2027-11-19,255.6531176896273,304.9606556154015,343.6988285622606,389.8065787910957,453.3806884805837
2027-11-22,255.95890795636714,305.2520012346923,344.33187226511177,390.6442843643245,453.53505927353103
2027-11-23,256.6597177940174,305.99522484282215,344.8629911775781,391.0969369258196,455.41338990854837
2027-11-24,255.08758070033034,305.5112010225748,345.5356973826149,390.1511153392565,454.52793503894804
2027-11-25,255.9429451129345,305.5506365561059,345.9731515310216,391.2516870742736,456.21707365229224
2027-11-26,255.75081763905405,305.65837645934994,345.651942636425,390.0333430815328,456.7650026007999
2027-11-29,255.59774026412393,305.9920042482852,346.3084637164459,390.88980653892645,454.668786427822
2027-11-30,255.60017231615925,305.90589036133616,347.00064454439195,390.08120708628985,453.6241621174398
2027-12-01,256.42059182852927,306.3608916124,347.8242299065936,391.38618429311083,455.4504990641486
2027-12-02,258.02622406204364,306.08208419859676,348.1836290099246,391.39569185078096,454.8916983622298
2027-12-03,258.3482604277808,308.05016724820433,348.06179155254665,391.7869341916845,455.6829936420248
2027-12-06,256.82626379620535,307.77751685811415,348.25792264834865,391.56912098953524,457.98143694992075
2027-12-07,255.9925104687704,307.9976839100216,348.5050545722456,391.91865783281634,459.48373999936035
2027-12-08,257.70560434407383,307.9781993456553,348.62313737433044,391.8115787583474,462.8585854128686
2027-12-09,258.5314808652249,307.9276458833395,349.01805974261083,391.6512495173839,461.6541223954698
2027-12-10,257.5435161992635,308.054821085931,348.53536545164536,393.00656499163784,461.71966063597245
2027-12-13,258.27820701303324,307.90669335030276,349.1521551448153,393.88930940552893,460.97064402939833
2027-12-14,257.74856727036337,308.7582237565734,348.859398845426,395.4040729000638,463.64197732634636
2027-12-15,257.77115377202693,309.0117078073497,348.5722571108481,396.090885561842,463.46571062542796
2027-12-16,258.37555931762375,309.876703181277,349.2108600346161,396.2217362638156,464.42821744754696
2027-12-17,259.224382700959,311.312982752698,350.7503030501638,397.2301689064076,463.9246456227661
2027-12-20,258.5551764382328,310.50425574351135,349.8548838483209,396.6137522374725,464.5340610035294
2027-12-21,258.9430671042914,311.2715035704083,350.56505110388684,397.98764814728065,465.39592748227204
2027-12-22,257.61886917494843,310.5629365736807,350.3238679860449,399.1420485562837,468.2046476765069
2027-12-23,258.932571795041,310.4644346353732,351.1493354370698,399.20428653763736,470.71558406342047
2027-12-24,259.1639833953712,312.22972099170454,351.7706819755774,399.5385410496998,469.32744382017796
2027-12-27,259.9526536144372,312.3285645486587,352.417166265495,401.5428673860426,468.9047121647674
2027-12-28,258.76659337362616,312.26559828544384,353.4466361815031,401.1950004224167,472.9295501804302
2027-12-29,260.72151697589715,312.9424317047347,354.0252983317391,401.13484729374295,473.08334981511047
2027-12-30,260.19043420079976,312.6550661015475,354.8560181949347,402.1120071359795,472.2611714583699
2027-12-31,260.2044225414547,312.7756803454623,355.088867898577,401.5388954629008,472.788594995647
2028-01-03,261.78827840822026,312.36609570117656,354.9493360883183,402.2250593534862,473.2106505915828
2028-01-04,262.30479049106117,312.75820662723953,355.69118894391994,402.4400537736449,472.37774750927383
2028-01-05,261.7754294303023,312.8490475488778,355.4571580707503,404.07003407382695,473.189684136117
2028-01-06,262.5492212251811,312.8460447661498,355.64162678673523,404.89756528697,473.8665144893641
2028-01-07,260.83663112845755,313.6262322328503,355.0849642202661,404.6511324543106,476.5652245215676
2028-01-10,260.39827020105423,313.1039791633855,354.81672884305704,404.00791987543187,479.3298535264244
2028-01-11,260.3627761036192,314.1891009976058,356.9245979159447,405.5319385886604,479.43996012452834
2028-01-12,260.1689918346084,314.6574852078796,357.3812537850646,405.86258990706693,478.6010302642839
2028-01-13,262.19014014191754,313.97576807492834,358.10274630429547,405.1657920605452,479.7020467042623
2028-01-14,261.4311157636023,314.25791664784526,358.13183805351133,406.83899130812773,479.82644169653804
2028-01-17,262.23204689187514,315.37747623228427,359.17997577376605,407.1765237440009,481.6401573558239
2028-01-18,263.2749873322861,315.44088948101614,358.4452342438029,408.27144304062494,482.61530179317435
2028-01-19,264.4340288554674,314.85415802993145,358.9253406512434,409.32663707608236,482.51140131516763
2028-01-20,263.78865015848385,315.5572828188376,359.3351919269463,408.80781584804737,482.0125032453069
2028-01-21,264.9887870321219,315.6156902320897,359.8639512687699,411.0178966345138,483.7442729416187
2028-01-24,262.4584326572677,315.7052899107393,359.86262987048514,411.0301851649882,484.40707584193177
2028-01-25,263.97297426752044,316.1345502524279,360.68328534089534,411.2031317996174,484.4753794740937
2028-01-26,263.44882340108387,316.76486676693077,362.0958936562712,411.76122660606956,485.1821454216753
2028-01-27,263.96460101951806,316.8152497882894,362.8239699240481,411.44860415550005,486.30058843500734
2028-01-28,263.42653451584795,317.0919103579365,363.58562758021014,410.4640724723441,486.01570324871597
2028-01-31,262.67756897674093,317.6075909243125,362.7380040715877,411.15988611828186,485.94165989222574
2028-02-01,260.77944742318704,317.93010077993057,363.00328336522375,411.13945775390255,487.49830513404186
2028-02-02,263.5881882544543,317.4845233582317,363.3248389396676,413.01940282853974,488.72183823404805
2028-02-03,264.3518767124504,318.8448200993727,363.24846373602526,411.90317383720344,492.064980191403
2028-02-04,263.21611501120424,318.51086767163724,364.2429936888366,411.4285749581083,489.45584788396064
2028-02-07,263.50510320972205,319.2474219157822,364.92946265962144,412.06985757527235,491.65490326054174
2028-02-08,264.6747381024502,319.4162087168561,364.47812987743794,413.00859441924194,492.39614915586054
2028-02-09,264.7114119115369,320.44247954558216,364.4653686117049,416.1401774660755,494.53686603189493
2028-02-10,266.007772011163,320.57985605956907,364.4614335190434,415.4789077727383,492.9749863404479
2028-02-11,264.37273844602265,320.33471355262606,365.91612724587947,416.88669384172766,494.3253945614808
2028-02-14,265.46646261673317,319.8914549501858,366.9479449044386,416.653645373391,494.25126332622995
2028-02-15,265.3958027619475,320.56785143613706,366.4575633643234,416.58457951263347,497.32220370365343
2028-02-16,265.3537354112024,320.1605143104839,366.5851214872245,417.22324303313246,499.2594375829101
2028-02-17,266.11095147110126,320.1501668446266,366.4665154799172,417.24628390887005,495.71096623728994
2028-02-18,266.48175416148655,320.8410873454682,367.54236767404734,417.42890761388537,495.58357160446667
2028-02-21,265.6841765865573,321.53890452159,366.96200646407664,416.4891071103233,500.3395364238701
2028-02-22,266.8033586031889,321.3303174945007,367.70201345780475,416.3062337735304,498.8011560559911
2028-02-23,266.0809165046691,321.91898663494067,367.94789681477675,416.69608806899606,498.90980949579165
2028-02-24,268.92512777299845,321.3522615919402,368.06954246430774,418.39763475594253,499.056603304008
2028-02-25,267.64391188911327,322.18025933777716,369.46307321754966,418.19941013496896,499.9534539474786
2028-02-28,267.8915117691221,322.9269498303913,369.5162870562739,419.69652065644397,499.9402392973248
2028-02-29,266.74722581385015,323.2285398850883,369.9494811050457,419.23661100134757,499.7561006660609
2028-03-01,265.72444570228924,323.3033161367872,369.3714839486467,421.04634204364606,500.7906340288644
2028-03-02,266.0560234409057,323.5650200333835,370.63030780361385,421.3921764304487,500.6880828546717
2028-03-03,267.54176238779786,323.1478448389711,370.92541436305544,423.2918514718467,502.41237782382115
2028-03-06,268.5664052377798,322.85728709127557,370.935765099351,423.1469017917783,503.2367316731131
2028-03-07,268.3842813187083,323.3993293464946,370.48216702631976,422.34977580856173,505.1211760424082
2028-03-08,267.0956497312347,324.1255654020573,371.6650896056524,423.62244085980456,504.08662492644265
2028-03-09,268.4002848429196,324.15138316533955,371.5672275535513,422.8640780572073,504.6523107444526
2028-03-10,268.86401590607,324.5371557840473,372.646190950471,425.0664436752328,502.1252198869533
2028-03-13,269.9944271956915,325.22677048583006,372.6317842349601,424.8914124483564,505.73800684612775
2028-03-14,269.3712050662733,325.4070060864874,373.40790577690893,425.22136681901793,508.2761802602136
2028-03-15,268.2486303798741,326.12022601693195,374.0602566949882,427.8018389489611,507.5774089579842
2028-03-16,269.0340616333361,326.1864426272524,375.4399751468022,426.55306902866056,508.489832730525
2028-03-17,267.72658960132816,325.887907062066,374.692610218364,426.04778081642064,508.59677619481903
2028-03-20,270.1019582401066,326.0720069080352,375.31488203258425,427.2607029645385,511.2082969905097
2028-03-21,269.95214921545846,325.9449398472857,375.47011446556104,428.285433846932,511.80336482738886
2028-03-22,268.98801072268503,327.25415651528556,375.3108046529436,428.24608059428135,510.7493262109993
2028-03-23,269.50083126688213,327.9011157250631,374.7114480660633,429.4184499294704,512.5879233211489
2028-03-24,269.5529443262627,328.06102780227,375.06753687992466,427.775391505785,510.1352530577167
2028-03-27,268.37630395152286,328.39256868192933,375.2571048097526,429.2227863116066,513.5350946953889
2028-03-28,269.76881304405623,328.3458202505075,375.3694158367101,429.990668472033,511.63986222082843
2028-03-29,271.82086147644407,327.14733592452666,375.47349931210306,430.0408340127705,512.8199670022452
2028-03-30,272.2850124512347,328.2861510246323,375.8027554284614,430.51043889244124,513.0451434288897
2028-03-31,272.06893894914435,329.32716223911916,378.1071909526862,431.3626730137348,516.5597617636672
2028-04-03,271.84796635345975,329.347573583687,378.31653834312453,432.1745425988779,513.4045694477055
2028-04-04,272.0101550897505,329.9484123689457,378.41615802970574,432.7925010823285,518.4745895366775
2028-04-05,272.5524936330938,330.50464761753494,379.3149000179555,433.68662380029724,518.1693167436381
2028-04-06,272.8213749261059,330.3713645468424,378.8062197435888,432.05465177649023,518.3829338373515
2028-04-07,273.0913665062332,331.7679063728678,378.75856566650305,432.61897164092534,517.3610299222232
2028-04-10,273.82428685900436,332.50000279999387,379.78352315724555,432.3778763218439,517.6870042860513
2028-04-11,274.2079582922816,332.24997175694347,378.84123941175073,434.1029686460214,518.0697577480398
2028-04-12,275.0317093056306,331.5955571787072,379.52641116869063,434.55968204329776,520.3828319121984
2028-04-13,273.57002699202826,332.4439255602291,379.7800487593689,435.41423898782364,519.9611008738028
2028-04-14,274.6714249143142,332.6715048533883,381.337975669802,435.21695399146495,520.6591391087393
2028-04-17,275.5368072880237,333.4040609765974,381.44379217913183,436.60194951150413,521.1375492591711
2028-04-18,276.13583886288194,333.6714974851437,381.6941997390474,437.45236002667355,522.5687011634243
2028-04-19,275.92287317038137,332.1528889456929,381.34302981030453,437.9245818766924,522.7312838593824
2028-04-20,276.52579636081913,334.13805049254927,381.8898639550429,438.1034051960112,521.5618575727708
2028-04-21,276.0418163885556,335.07092945011374,382.3763084425868,438.8645550959014,524.6231650431529
2028-04-24,277.577144187498,334.61912430586847,383.3866380315658,439.41592246193306,525.6522373133374
2028-04-25,278.568333291723,334.7874283173323,384.1708117590032,438.81302758577,527.5341697573709
2028-04-26,277.8565823344074,334.51979192223797,385.20666737631666,439.69162805689615,525.0286303180466
2028-04-27,277.35687604788137,334.580189525882,385.4073251727293,441.28951383039515,529.2827876035224
2028-04-28,277.16120580192955,334.79157705117905,385.6009981380364,441.7059953394538,528.8962895050175
2028-05-01,277.65888925172675,336.2104524266623,386.1201789782835,442.35941069050745,529.8765591405229
2028-05-02,278.179891323336,335.1025083875155,385.6289170951366,442.79168012102537,531.4208735774166
2028-05-03,278.81455464445776,335.76032570494823,386.2822996715005,443.5256853976506,529.8712073206941
2028-05-04,277.2822526074349,337.14575743028735,385.5838247413941,444.77630905337185,530.5303245790163
2028-05-05,278.71574449444677,337.7787331723973,386.1519802101371,442.0563216484046,532.7314275141118
2028-05-08,279.6750447525436,337.5220185118177,387.27207340658765,444.432546370029,531.9029468425146
2028-05-09,278.36736999720705,338.0944241274825,388.0786143696785,443.9153354571306,532.7971083614972
2028-05-10,279.18986074666384,338.3484145878331,389.2840305684817,444.0949886854641,534.5069661899711
2028-05-11,278.7361130798181,337.1851846289151,389.48265272415017,444.34491829492276,533.6132566893177
2028-05-12,278.60754493517817,337.0140499689,390.40285087247514,444.6297605550233,536.6699217541179
2028-05-15,280.2168693182253,337.91911035053613,390.81847416146195,444.4122340920979,537.011451903054
2028-05-16,280.69879766727973,338.0961161055643,390.4620874438132,446.3225638316143,538.2213978294981
2028-05-17,278.7738809048545,337.9186167338039,392.3357787600647,446.3905601591226,540.3188171690832
2028-05-18,280.10354276228765,338.0684005270963,392.0883752001869,447.2166816749693,541.5955778924965
2028-05-19,280.39781407288143,337.897015601227,390.5016441195911,447.6872640938733,539.8593312233022
2028-05-22,281.01866257115364,339.1189152247637,391.33207160884615,447.9631542282053,538.8388727261994
2028-05-23,281.08974587881636,339.1208630012529,391.98466898873426,448.75253823892626,540.7749999214616
2028-05-24,281.16829934991495,338.9460772703215,392.5658295895798,451.0303721006802,539.2398959630932
2028-05-25,280.98847397770675,339.63453682307306,391.3742761745547,451.0661558010007,537.8825005787216
2028-05-26,281.20653718130455,339.96540237643507,392.6074059173535,450.3830962168838,538.4192616809687
2028-05-29,280.1774054288637,340.77198036074566,392.45494744719736,452.04962632948883,542.2905616499359
2028-05-30,279.6459647729507,341.8954125427064,392.4272585956869,450.84733970069937,544.0892015085941
2028-05-31,280.62585425345395,341.1839569197251,392.6808152287404,453.2767915260299,546.2172402924436
2028-06-01,278.91223526166596,340.83848596322576,393.09369947679704,453.65529427496006,548.3592381535053
2028-06-02,278.26000564864177,340.8523642509272,393.514858162411,454.9592327393707,549.3904161482621
2028-06-05,279.37959714309346,341.5941413838258,394.41109587774656,454.3604077732664,550.7632725004456
2028-06-06,279.94961967760133,342.857030768737,393.80147047832565,455.34610665841876,551.677123643694
2028-06-07,279.64964258654607,342.3278657412685,395.5439280689717,458.4313336325516,551.048380239666
2028-06-08,281.772939471105,340.6704645309245,395.5569799785462,457.04478672556536,551.7620964184537
2028-06-09,280.4320542023274,342.4067951821982,396.8219418465741,459.335651774501,552.2638836633374
2028-06-12,277.89110815161195,342.38753748725844,396.0705098779208,459.6778195318718,551.9909869166476
2028-06-13,279.9076887941078,342.74888819119985,397.1343365695219,459.2879560231053,556.753013194056
2028-06-14,279.6787089552902,345.1183643609886,397.4104700603499,457.41957590006433,554.6218258419647
2028-06-15,281.38961282648535,344.44784352137515,397.70661904735243,458.3475338135999,554.7918326070059
2028-06-16,282.03859656247516,344.2610052042304,397.64725474961153,459.0144219961868,555.504395935857
2028-06-19,281.1442655751676,345.0812345554335,399.2313592523755,459.0575480282754,556.4268175326007
2028-06-20,281.5454851367179,344.613785301584,399.0375579182951,458.98874074288165,555.0525907135153
2028-06-21,283.95727091149837,343.7258874862996,399.7889546045436,460.8432901007152,556.0979405641145
2028-06-22,282.9087456190457,345.0304508494634,400.1682301770775,460.975327625465,558.4524573418996
2028-06-23,281.57306211570796,346.09257699880897,400.7933895224405,461.17640100999137,557.2550131242123
2028-06-26,280.4690877034798,346.4423970647844,400.84443426573586,461.96647388800443,559.8442134442718
2028-06-27,280.77839782255893,346.7256367237369,401.14752988018995,463.1131535519685,562.1965000728659
2028-06-28,281.71607580852816,346.7981487864377,402.04803709840024,463.94775937642396,561.5937151192612
2028-06-29,282.4950749884956,346.567197517826,402.0996958799135,465.5566062757938,563.7447869260226
2028-06-30,282.412033171939,347.11591377709095,402.7379149107928,466.07122841515564,564.1238186488332
2028-07-03,284.204614277827,347.46513168133146,403.3837175711326,466.5230159445406,567.5110395282264
2028-07-04,284.52261538253117,347.47175838342014,402.9667592497933,466.27575885448516,566.6411000913175
2028-07-05,284.7024548856056,346.9390805985979,402.96603925448983,465.5328724153209,568.0641625555406
2028-07-06,284.56463079422787,347.44199142573046,404.36879642086524,466.148310371535,568.7465566967132
2028-07-07,284.2002840337948,348.09090897259875,403.7810006071025,468.0777019148493,570.1213039118372
2028-07-10,283.4179535247222,348.7231153441877,403.9099869619912,467.5226683572538,569.202912468498
2028-07-11,283.567364604995,348.18317756406447,404.8435040393441,468.24169597653605,573.5970005535703
2028-07-12,282.8139167186103,349.09085223519975,406.31128199772496,470.05226203505373,574.5397592074803
2028-07-13,282.79754104560664,349.2789832497427,405.4339835895841,471.25055413325225,578.6867961256422
2028-07-14,284.3884401221373,348.9199328979453,406.48067032590654,472.4377600522728,575.9458842336417
2028-07-17,283.1851802080084,350.97273306572276,406.0761963061625,471.80212464612873,576.3821305573134
2028-07-18,283.9436842762756,351.18551353695705,405.99292860035047,471.058776613359,574.2451691091734
2028-07-19,284.5510508463899,350.6602304386887,406.2837255313117,473.22614006661985,576.2391338123163
2028-07-20,286.4734037643866,351.0124231878923,408.12526109622945,473.5430486194152,575.328806118812
2028-07-21,288.7288904778257,351.06392454747345,407.16389451480217,474.6657814996728,574.0447893164352
2028-07-24,286.6748152139162,352.0711962642592,408.64068512572703,475.6689783714768,576.9980393390105
2028-07-25,286.2457787361672,352.17111816541274,407.333661326703,475.24189106974126,578.5439583386774
2028-07-26,286.8065765562368,351.74300415649043,408.1275860681161,474.3192469363644,578.689461278052
2028-07-27,288.7013962229748,352.1570492714275,409.1008412026326,474.0313131040659,581.3053882455257
2028-07-28,287.9568221335516,352.6166641585992,409.99648406184804,475.0611332208156,579.8177926281577
2028-07-31,289.1728103206941,353.53307257321313,410.6832232761943,476.0210717743065,581.0598558250869
2028-08-01,289.7000709070422,353.3129493651815,412.53874710289233,476.49429813500967,582.6998310129471
2028-08-02,289.91006788164856,353.76543434510756,412.89294673019174,476.7486446678037,581.6471400213346
2028-08-03,291.037830475554,354.4568955666823,412.9467571313851,478.24057257196813,585.9880138281229
2028-08-04,291.11652589067427,354.6636911504478,414.4784705479713,478.48999065201536,585.6481230204837
2028-08-07,291.776646144623,355.5841035950962,414.0787698296054,478.2801180041426,587.6523684329528
2028-08-08,291.70938353492636,356.1544323974488,414.6481370438744,479.227793040444,589.8269123457094
2028-08-09,290.593386565912,356.81399024223674,413.95079345416957,479.2473971791803,589.1779807448747
2028-08-10,290.6118121108593,356.33330369695113,414.625031997226,479.70709458915053,589.2212870066057
2028-08-11,290.7828272839433,356.8765248231656,415.98156751572986,481.3856162780808,590.8397988347826
2028-08-14,291.3482030757154,357.02572595586753,415.1704024784326,482.0154059714188,590.3871862485279
2028-08-15,291.05567611075264,357.54267168466635,415.0590603641209,482.50846973665915,589.3987320367511
2028-08-16,292.40945672676264,359.47456920054464,417.5687883517162,483.0845609842352,589.2922294959952
2028-08-17,292.6789592994214,360.19155063865,417.6667979395736,483.2117977516342,594.5218444564797
2028-08-18,292.83369795892867,358.87875929235753,417.78847104922926,482.1736467892736,589.5604284276455
2028-08-21,292.6139975924833,358.2379537267208,417.72016632403654,482.2210939246562,594.3480138452107
2028-08-22,294.7913024024698,357.37185025704565,418.6336313885629,484.2385899026399,596.8794788259924
2028-08-23,292.83000598408995,358.50470869011247,418.26337291011725,483.86730766661066,597.2737661875683
2028-08-24,292.98699192448646,359.11857254141546,419.80646203521206,483.58508434776894,601.0817133920007
2028-08-25,292.7617199318142,359.1729764816489,420.01567743162593,484.23509531303284,600.4772270030928
2028-08-28,293.800875670795,360.79253609330755,419.7776132255919,485.4890810657187,600.4275564127305
2028-08-29,293.5755987738446,362.087046914676,418.68999289766316,484.1743330390814,600.4816353294918
2028-08-30,294.30172946731136,361.6594738342178,419.5775013276615,484.9118341040971,600.7592131543691
2028-08-31,293.3383094578306,361.8992041672453,420.3535092756557,484.56769273371776,603.2582121231706
2028-09-01,296.2208273881365,362.6770925785407,421.0338464565328,484.5996850754073,601.9940917306164
2028-09-04,295.3989819215286,362.93964284090566,420.87005442280713,486.9589171013204,603.7724153130279
2028-09-05,295.81837986206534,362.47236959988874,421.35162260864917,485.4077980368208,601.4143518370528
2028-09-06,298.5996177912314,364.1397856535302,421.5516495555538,486.92481103966907,602.2973767503336
2028-09-07,297.2606318044816,363.1759434541037,422.7184412492944,487.6830324513327,606.2307680294308
2028-09-08,298.26310969643447,365.1824440521799,421.9030770202347,489.4206611529886,605.0362323668919
2028-09-11,297.79044791330296,365.52704606852876,422.5304038574867,490.3657692639158,606.874575111448
2028-09-12,299.2632217265374,364.82830825058807,422.7776828856214,490.8774159900246,604.5755072336075
2028-09-13,301.40914226565957,366.1153313167149,423.1154386675728,492.6669188336469,609.8041262946647
2028-09-14,300.70362994727657,365.0100121176647,423.2918164958095,492.04888411263875,607.7793024076885
2028-09-15,300.4944468246371,365.31269187413466,423.36861890870796,491.8273179483946,613.1720104924073
2028-09-18,299.8525124651139,365.2521109749108,425.81300794907037,495.0922365817907,609.6017983681932
2028-09-19,299.74583309165104,365.1341606785386,426.22934844582494,494.53057571874785,610.2460553489663
2028-09-20,298.51865140871706,366.48504434324104,427.2254046196666,494.9871677545089,611.3277509500268
2028-09-21,299.4142356464382,366.06729965282165,428.04954281413995,495.6887663062049,612.5955363866307
2028-09-22,300.3722224915637,367.11089703932595,427.1642582281884,496.26949254865076,612.1950528130931
2028-09-25,300.61460126950016,368.0178651060066,427.7057576164263,497.13892379703043,615.2924371213002
2028-09-26,300.61549765937934,368.1302523216154,427.9873919007657,497.98765729595004,615.5071211960843
2028-09-27,302.5753718031812,367.75669590464344,428.7839085495327,498.60960902144444,615.8525938768031
2028-09-28,301.7251448220768,367.9088826719897,428.3257036766377,498.6683773231888,616.3795944880349
2028-09-29,303.11782158039006,368.4298467866778,428.64540245133935,499.57790559896034,619.7226032629678
2028-10-02,301.1588470165562,368.8471172216272,428.9012443441948,500.9619440115352,617.4140180148796
2028-10-03,302.326642837705,369.5036109186833,431.4429569972375,498.54330025616565,621.6120743713285
2028-10-04,301.44902068790907,370.997342870323,432.3664862671816,500.32287148985847,620.3357511412687
2028-10-05,301.8315187070943,371.3136612842052,433.6809446843266,500.6166765850211,622.5671477626553
2028-10-06,301.67241092333245,371.0011184466099,432.60608032928997,501.01376210407074,621.8865313641497
2028-10-09,302.0285350072058,372.18538693395055,432.89821639056123,502.03840962694943,621.9212347040138
2028-10-10,303.10458522523726,371.6255998299857,434.1750593402853,503.0192125062224,620.4966085808494
2028-10-11,302.75776557249367,370.7288065886377,434.34353244790117,503.6441988170807,620.8900807032235
2028-10-12,303.11816111292563,370.8851000662873,434.92660420818856,503.70009846626954,622.1564887982784
2028-10-13,304.12235291957853,370.8504102413437,434.8196817699468,503.7604544619766,622.2503201936962
2028-10-16,303.39584461207187,372.0433496272466,434.7332731739758,504.16406279854345,627.7682586620258
2028-10-17,304.57100046529996,372.7067240346408,435.96961266856323,503.8001293498309,625.715845085039
2028-10-18,304.04258739283233,373.16848390047664,436.0303658207472,504.92520603582363,629.9046408044628
2028-10-19,302.9038767345648,373.44278044695545,436.4203671322247,507.9618950529549,628.6215015945552
2028-10-20,302.80044030051084,375.54235200430566,436.9422590219699,507.84070838946536,627.977427516675
2028-10-23,302.6472571791485,375.06725558107144,436.19671705381717,508.3484772291637,625.2197812634281
2028-10-24,303.3195688581875,374.45902286423643,435.74753761581144,507.2361006561209,627.2690449477674
2028-10-25,304.72187900203664,374.8658730203558,436.7891612502442,509.3005788718456,627.8298512320556
2028-10-26,304.37606601245363,375.3224120129092,436.68783053206334,509.4677913935502,628.5482335418204
2028-10-27,304.2873448286372,376.5931612894181,436.18899465001823,511.40956200911063,629.6613730784611
2028-10-30,307.15274062721716,377.3323946195984,436.895394298653,511.3133138670108,630.3585821458016
2028-10-31,305.9310854495369,377.9339349895561,438.78481387834927,512.6448199394813,633.4094775287695
2028-11-01,305.0502221719734,378.6704369354488,439.2987066068717,512.2296534203809,633.0002293138414
2028-11-02,305.94088472304986,378.33430906314953,440.29997547097867,513.0370086484934,634.2918418526049
2028-11-03,307.86861892790415,378.9026908023866,441.7237013500968,513.6748202868513,634.5865682433957
2028-11-06,308.5630861320439,379.39106040530294,443.29341891736374,514.0914487320645,636.9816219481869
2028-11-07,307.27162000254344,378.51881646291713,442.91440039140736,515.5272256095858,637.9192996096956
2028-11-08,305.00910792802085,377.1895632967661,444.06895246415047,515.1058301573262,636.3887647747691
2028-11-09,305.1155821427119,378.25120234854364,444.67215461040234,515.8779000792375,636.3962575309047
2028-11-10,306.5285865347969,379.3304361430254,444.5020098273501,516.4820495112313,639.1643200135695
2028-11-13,308.46449605537845,380.3657401809062,444.2694400981693,515.9646684138095,644.0419442407098
2028-11-14,308.02595004662385,380.7001902021795,446.38427996072704,517.1605262867946,644.2018787171339
2028-11-15,306.8596182639343,382.0123519991065,446.60070214162187,518.0848126947124,643.1557298163765
2028-11-16,308.7697125326382,381.69789630825096,448.0512247732629,519.1967468402855,641.7571454625646
2028-11-17,306.62937562946115,382.0808515389873,448.57112474943887,517.1045821578889,642.784761073653
2028-11-20,308.7300450309912,382.8908027107642,448.5846711812436,518.5715322796334,641.7463421293899
2028-11-21,308.19746186178014,382.70274524326754,448.85289781487654,518.8330591544179,641.531853530222
2028-11-22,307.7900956446325,383.97363369912284,449.4063479811126,520.7972944622497,641.3137702071164
2028-11-23,308.60422823295295,382.728302160138,449.5084682359233,521.6497377930075,640.4352834214654
2028-11-24,308.1181623444643,384.3710214936675,450.6558636040068,523.9567486808129,641.6427236284469
2028-11-27,309.7585838121982,383.22658063438644,450.5146335182178,522.8732284516809,646.1184445598823
2028-11-28,309.9155301588104,384.3956266120732,449.87108753094174,522.5263873960865,644.5756390991403
2028-11-29,308.4030732753648,384.40692493369045,452.24691869246357,523.9944858700673,648.1514164584523
2028-11-30,308.2652855791807,384.5947296034797,451.8361061079973,524.2763668633888,651.2056067601492
2028-12-01,310.37178865570536,384.9718065691151,452.0747053340167,525.3960205085821,654.631044528324
2028-12-04,310.33691273570287,386.38582101745993,451.5647628311962,524.115583914639,654.2794934399394
2028-12-05,311.0076443515548,387.9433538039033,451.0807284894791,525.4079624194997,651.8125734044327
2028-12-06,310.37487874212326,386.5490418023932,453.2055048897671,525.5354988345507,653.3976832834646
2028-12-07,310.06604158612663,387.84414891809456,451.6583755144135,527.120399663914,655.6989642810705
2028-12-08,311.810973753378,388.1611070103049,453.1326524217178,528.2127534316999,656.6813906025412
2028-12-11,313.0577103135267,388.05900413173805,453.0849649805547,528.6101551173489,656.804839292463
2028-12-12,315.24327393705073,389.57578383676326,454.1705089186929,529.8117723478726,656.2240500634505
2028-12-13,312.8788570501667,390.1167207250623,454.8524662311574,530.5123347642933,654.6444019009494
2028-12-14,311.3965889105333,390.18843337359374,455.13049945769063,531.9712258454583,657.528530934365
2028-12-15,310.4501823286837,389.6670592656783,455.69067295347844,530.7496018495261,654.5630877636581
2028-12-18,310.28992566283074,388.5033432167418,456.5880630185651,531.7432417892105,655.416751739343
2028-12-19,311.44303867609773,388.59405455367096,456.9020215709263,531.0365378572782,655.2568151663914
2028-12-20,311.9363697374077,389.43678953801924,457.5799172892134,532.7587964751672,658.7584299519581
2028-12-21,313.1574030302905,390.2403098452966,459.27841235645934,533.6011063166592,661.6704067421547
2028-12-22,313.53571161213677,389.44395923993227,459.42532206857976,535.5685548438607,662.8854406083543
2028-12-25,313.8870699031675,389.5024547299897,458.8072685202627,534.4424627331111,661.9411001570343
2028-12-26,315.1626648533411,389.50176825924837,458.7260637556006,536.4271442313559,665.3340861361954
2028-12-27,312.785308051284,391.70757795011593,460.0547493806723,536.3073919218548,664.2634573402934
2028-12-28,314.51329638140936,393.1512306700517,459.6482881249424,537.2287595755547,662.753084077938
2028-12-29,314.3583256172592,393.75654324139487,460.5704471801161,537.422816807416,663.4263923923827
2029-01-01,314.766064636793,393.8899224112556,460.0278323157986,538.7696172946263,658.8358132292594
2029-01-02,315.7739993981063,394.4972271465183,461.9432083526125,539.1899696652396,658.5771935557881
2029-01-03,315.3169987051591,395.4512338272819,463.93173220704637,540.1923769567954,661.926699350928
2029-01-04,315.90940879484896,394.68715164409355,463.95188924123016,542.4623567679778,665.6317506202029
2029-01-05,315.3403502404467,393.64375475278996,463.60460028879544,542.7424607539585,662.8968315305133
2029-01-08,317.95067444885575,394.8658160427349,464.1077315500331,541.8158057253403,665.6018131844811
2029-01-09,318.4100543216573,396.10866513919325,465.3751585168693,542.7834904011556,667.6893053335929
2029-01-10,318.2781137748079,396.3041315824781,465.6529232183134,542.4121894868608,668.8449997952212
2029-01-11,317.7571925702967,396.27462477499773,467.1735920960236,543.2759887879046,667.3530252136627
2029-01-12,318.22415322115626,397.8107130615316,467.729359720018,543.882576528904,671.4261295393715
2029-01-15,316.41214489629743,397.3726370862893,467.6701149315875,544.540264339029,671.7971844978431
2029-01-16,318.09425087627005,397.80375077194253,468.73111962364135,546.9122064125659,672.8669268929455
2029-01-17,318.2464014231675,399.1896884087487,468.4921923442831,545.4550021855205,669.3835910593275
2029-01-18,319.16867162787867,399.1992090801352,468.99291776754956,547.8084862177913,669.9587674716604
2029-01-19,319.4848983694741,399.72815822578525,469.08676258014896,549.7492949298965,672.5268450209487
2029-01-22,319.3717929445414,399.92295933004806,469.78479741900935,549.4480335728476,675.3709070897071
2029-01-23,319.87049310650593,400.603452664951,469.45244060562175,550.8341989446756,675.8658022562737
2029-01-24,319.485325515354,400.75088064399563,471.3073306240323,551.3222278483047,677.4336806859344
2029-01-25,321.47704786675655,401.44912610475365,472.5666896204506,552.6718353286095,678.0803381550953
2029-01-26,321.7568392144228,400.6131628202008,473.80310375745717,551.5036826231727,677.0943866655103
2029-01-29,322.9607160333767,402.15803328184734,473.0369909503816,553.1006368436431,679.0824270385588
2029-01-30,323.8294457145163,402.69774487593435,474.4478195680638,552.9392538119702,681.0942828979859
2029-01-31,324.41242235370333,402.4382992479925,473.4158498096725,553.9515301437107,687.2120869623772
2029-02-01,325.53646208984804,404.13450775979766,474.15437297649805,553.5430037866536,683.6693144499224
2029-02-02,323.97309133183256,403.99559433053366,473.21808175445284,553.2418185378124,685.9666523768008
2029-02-05,323.81549099493503,406.03492539358456,474.4078914094195,554.5828885873042,684.1603086635761
2029-02-06,325.3655006132684,405.2450914209791,474.09424990187955,553.4665968427228,689.6793475742436
2029-02-07,325.78949535285676,406.1308155352549,476.03448929417397,555.128023563713,688.2662190178273
2029-02-08,324.3527376447849,406.61303743077207,475.2575403000049,556.0214116290704,686.4457318696292
2029-02-09,325.2556900745827,406.295646294462,479.1000000696371,556.7548772444524,687.9240760978583
2029-02-12,326.3147437832207,407.3570004443917,478.6877037881479,556.6459007753961,689.5507078694518
2029-02-13,325.0128106917532,406.9344886841038,480.3829646277387,556.9674492915165,690.2104700889233
2029-02-14,324.46776708544627,407.5954263135494,480.50721144015256,558.3022828264167,692.083530989734
2029-02-15,325.25073492513457,407.79009757373933,482.12649534149443,560.0246373310797,691.6493855839265
2029-02-16,324.209196479908,407.9441954330151,483.10282308848525,560.0066901706341,694.8610340309024
2029-02-19,325.07199248847155,408.11854848338817,482.73176926586245,560.7115356435424,694.2060887919561
2029-02-20,325.72514365729694,407.82146130032817,483.37822603421,560.8861194990775,699.8889482117736
2029-02-21,326.3845983250275,408.971795975042,483.63190263312697,560.1288548037118,697.485348820813
2029-02-22,325.73869336520227,408.86722842917777,483.5973772710191,561.1988899379967,701.0053208901826
2029-02-23,326.56797252215694,411.4242891210901,483.3815460426243,562.5908861948043,701.6724484811266
2029-02-26,327.560321382828,409.90085205683346,483.3509487964843,562.3935833854947,700.2910916962004
2029-02-27,327.63699342271826,410.23531921003587,484.8433341185916,562.6667618685764,706.7799128209945
2029-02-28,327.42303416858823,411.2869757639228,485.9283975788664,564.0179392105805,705.1532265464684
2029-03-01,326.1439653560359,411.5124795520256,486.4110356657613,565.8053641770903,708.8813927856472
2029-03-02,326.8780036457236,411.08519296921764,486.39823078761276,566.246893116481,707.4445531403182
2029-03-05,326.55717536021774,411.5275653954345,487.67104113171797,565.874844674634,710.3839788880123
2029-03-06,328.7333440092422,411.548785258451,487.42518523016594,567.2065553542747,711.5355652576012
2029-03-07,326.5727900374466,411.0574970162354,487.54835121415715,569.0696416322353,707.9392337304348
2029-03-08,326.7173302212772,411.9762625217466,488.0426239882569,568.8338797808228,711.9545154694007
2029-03-09,326.7681258086379,412.34620459550695,486.8788448326339,568.3361933477797,714.0589875896184
2029-03-12,327.5525228899687,413.141725154295,487.34624043594704,570.1508781698191,714.7581754600047
2029-03-13,327.7173481400491,414.76519548295425,487.75364739566146,568.8221125840191,715.21784621678
2029-03-14,328.7886576192808,414.87513601268085,488.7759594759615,569.3784202632071,716.3221913217104
2029-03-15,330.92669957237405,415.28539494009556,488.1443878298287,571.972676203854,717.0696731761335
2029-03-16,327.9066090490543,414.4054435652893,489.14848615111475,572.9668982645829,719.2405774732891
2029-03-19,328.1524724002957,414.6935167457741,488.1482197445169,574.0602201314149,714.9248511767638
2029-03-20,329.0829664245579,416.58727395699225,487.81023132220975,574.7481562012225,721.4659134101469
2029-03-21,329.5541579184777,417.9683278773741,488.1398817003861,576.9386463003418,720.3019226628064
2029-03-22,329.43004488235493,418.3813519226142,486.99488309238683,577.802195309995,724.298673242835
2029-03-23,328.3976692779776,417.90088226014353,486.5832941006511,578.807524219234,724.3711928844573
2029-03-26,329.7257525780169,417.2930533872432,486.26347001769454,576.0401462503997,726.6320645657192
2029-03-27,331.3208187464477,417.5171745360043,488.90301148849863,577.1433042701133,729.0311131949218
2029-03-28,328.95429811636745,418.2255176527473,489.4473874926774,578.6445470327571,725.9320051275033
2029-03-29,328.916726537667,418.56242599326055,489.08375744283876,580.4720681285914,727.2894563705889
2029-03-30,329.354977625435,417.8891032028193,490.20658651776967,580.5944279935272,729.4446519768135
2029-04-02,331.13272207887417,419.16929542911726,491.0947269468991,582.419151610346,730.4647486288383
2029-04-03,330.4885839247854,419.6084647191298,492.80309496985956,581.8519161227495,730.6455734171117
2029-04-04,330.69655797219644,418.5064572114498,494.25579939173457,582.8062078243898,728.0919982550025
2029-04-05,330.383504859868,419.7790380297497,494.7222380526964,584.4917788234839,729.5657833001593
2029-04-06,330.0338994613859,421.0434114966411,495.87197035505767,584.4393418255933,732.660779494269
2029-04-09,329.5210111283095,420.88077873697364,498.1060616346795,584.9583874443219,733.1724419890826
2029-04-10,330.3426865601696,420.5390206031965,497.4352657736668,584.4050214024164,732.6275568659115
2029-04-11,330.56046093924397,418.533037824805,499.26963857718,584.9093066011709,730.3875291124954
2029-04-12,331.344999538318,420.04339689828714,498.62181196835695,586.1223947740739,733.8890265052959
2029-04-13,332.69749719038487,420.3127918993428,501.89213622420755,586.9677131246164,731.3300993071073
2029-04-16,331.5238053779852,420.7647338684607,500.9996395149466,586.6848463060874,734.5536312078588
2029-04-17,332.79708261191706,419.96275740551505,500.6118549776446,586.8378586157473,737.1913035366002
2029-04-18,333.9725216824149,420.89725249967927,502.4369649555654,588.4629494285834,741.6688278659992
2029-04-19,334.77882207348193,421.96805422324735,503.89550608836316,588.1153254887897,740.2031942625539
2029-04-20,335.18139009908407,421.70855371922653,504.07731152427436,588.1543705910157,740.7323031539395
2029-04-23,334.80702366725967,422.39083052448797,504.22615857218864,591.5783493340649,743.5182676997144
2029-04-24,335.26448417028695,422.39038539831165,504.2173765497248,592.8071993339926,743.2331764390824
2029-04-25,335.47676236516844,422.61168479704526,504.2555674901441,592.2939485675811,744.9175920725726
2029-04-26,336.66453232318923,423.56172407313625,503.7976255025502,593.0559695216274,746.7555820907589
2029-04-27,336.8946701508531,423.0288595505707,504.81712186628397,591.2329719001489,747.1642785883475
2029-04-30,336.94569516584335,424.02631324572314,504.6308389962206,593.3526339276966,746.6784468732814
2029-05-01,337.61475628968077,424.6897091653335,505.7004236621624,595.8661945758428,748.4750657506147
2029-05-02,337.8295776142931,425.1958189723828,503.9544760156933,595.0676878180545,749.357802251157
2029-05-03,336.64486306435424,425.8730287018782,504.51224593292284,595.2903179414443,757.8357066797311
2029-05-04,338.10591957820833,424.2612237391412,506.6695298370701,597.1709959517066,755.0067854128042
2029-05-07,337.74752503515816,425.02301562889045,506.48157882100816,598.7912506178742,751.0725568426682
2029-05-08,336.59394132663533,426.28311675574327,506.7936053209726,597.8935272672725,756.7413137250389
2029-05-09,338.4027368071969,427.21513272249274,507.67203603631754,597.8589995898675,758.7268284361186
2029-05-10,339.05730158290396,427.1771406513041,508.28732030467296,598.8949764866693,754.8192672022603
2029-05-11,342.1406487148291,427.24493340056506,509.6082700833434,599.7337006987327,762.9248576736131
2029-05-14,339.8216742466931,427.4782702462291,508.7977030728197,601.253696685192,761.2572270762623
2029-05-15,344.019829513995,427.66046645314543,508.1483684277539,604.0551763236161,761.6248390744626
2029-05-16,341.48278032403795,429.1709207167008,508.79964793093995,604.9964991692532,767.3170152839481
2029-05-17,341.3059230926171,428.32047380514143,510.07234268912123,603.7865591473501,767.957686880543
2029-05-18,341.55779778360164,428.50716701306317,510.20749368197994,607.2900542930466,763.9516252555899
2029-05-21,342.50447936617854,428.3327881797218,509.46302359142476,607.3099236709272,765.1898205057017
2029-05-22,341.8082075901882,430.0145711168429,510.25662725718183,608.3525726383612,770.5135380002287
2029-05-23,342.60502708390345,430.56484672958766,511.20587706121023,608.9432671764697,771.8182578629958
2029-05-24,342.6908085765036,430.47915953077063,510.95741489492946,610.2332236374305,768.4765244857007
2029-05-25,340.9098400100708,428.9990172830733,511.38684855667213,610.28011959441,776.7989763147727
2029-05-28,341.40399558115246,430.4538774212052,511.61243473408047,612.158069133034,773.2322242947047
2029-05-29,342.71587745947375,431.0343823190717,513.1167593578373,614.2632610437106,773.061323896384
2029-05-30,342.83818058915637,431.00494713563523,513.054445812885,611.4300748723291,772.6250266257022
2029-05-31,343.4631898846536,431.51413596647706,514.4860546110663,614.0921408368445,772.3366895222683
2029-06-01,344.2655178776123,434.42441771097583,515.3390766960968,615.925523168529,779.4864507283633
2029-06-04,344.3744350608987,433.74324709170173,515.5787015788129,615.8856396848352,780.6568956276328
2029-06-05,344.5285827551915,435.2848016865181,516.4865320440573,616.2043507765477,780.9372243713914
2029-06-06,343.42471097059115,437.2895157061368,517.8727428549963,615.91099594119,783.8501525054257
2029-06-07,344.96533875914673,436.5745039132066,519.4236076540052,616.3060257538237,784.5379361621307
2029-06-08,344.25411753723245,436.98074406299605,521.8944701810256,615.2220396993024,784.4099848866529
2029-06-11,344.77197252665843,436.9520152848494,520.6929401305852,618.8897786732733,786.8100600888409
2029-06-12,346.0494824930884,436.81234967190653,522.191385972417,618.3147741876155,789.6964509936986
2029-06-13,345.074631175407,437.01639897596624,521.814843860941,617.926264683596,794.3577619199071
2029-06-14,345.44619661844996,438.5476059434669,520.9099723627,617.211862372368,792.4484741462918
2029-06-15,344.4475147392983,438.943019849142,522.6714021948758,619.9025891441993,792.8492867703465
2029-06-18,346.11860607611504,439.6140293227436,524.5310420852297,620.1740965311728,793.3300613629473
2029-06-19,346.23081463732814,440.0519454246986,523.7925604028251,618.9800942705642,793.4596500882457
2029-06-20,344.98086578158603,440.9247934473768,523.8417157951378,619.0563519344196,793.811666727034
2029-06-21,346.7324809376668,441.4922601791982,523.8158887023354,621.5762434649289,796.3514908381146
2029-06-22,345.6894983041879,442.8006682582022,523.4001793348193,620.3269800845947,799.4514085219352
2029-06-25,348.5840261913387,441.6937877513292,526.4376812449655,620.5131550459631,801.5280720443518
2029-06-26,348.2527298201549,442.09219109269543,525.9232523753454,620.9930560319135,801.3762311457962
2029-06-27,348.61969221140396,441.34081444573866,525.7356517067549,623.7666388458504,803.802644488784
2029-06-28,347.048480795274,442.32459902663163,525.7901233419784,623.2127732210482,799.8573669151297
2029-06-29,349.3341376714307,443.75957892745566,525.7087408666125,624.2965782822138,800.3931923356492
2029-07-02,345.7177877305573,444.5042118673398,526.8566598126671,626.8801617651167,801.5213412224599
2029-07-03,347.9052276810025,443.8932769974956,528.882979917593,627.5413577627413,802.588064159831
2029-07-04,345.35695449222186,445.1291854674704,529.3461887124656,627.4558192292642,806.0408713338029
2029-07-05,349.0687901613672,445.28293743020913,527.7351789571069,630.5583646279835,801.9089092201536
2029-07-06,349.17471402981056,445.0845641661734,530.0379356112019,631.0672108832758,803.3809999954916
2029-07-09,349.47186277301046,447.0520365330344,530.4363913512642,630.1731407484027,805.5335145266255
2029-07-10,348.71046542560936,445.31751861732147,528.6715120987844,631.5028531759895,804.6593574397282
2029-07-11,348.1855923523347,445.6038526004792,529.0588761661622,631.6704993996881,804.885138791656
2029-07-12,348.0346590151403,445.4982811159223,530.0754040620161,632.7952604977977,807.4843111278198
2029-07-13,348.4985075254755,447.64565211797213,529.6084657530637,632.6223753706347,814.795147629843
2029-07-16,350.1266661265663,448.10865316819655,530.6823037858198,632.9840246501018,810.5003778532383
2029-07-17,351.4268551385641,448.18994184276505,530.6159087555026,631.747106076425,812.2602117545182
2029-07-18,351.2055233149616,449.27265529106865,532.7071009275235,632.3579148817149,810.1007627345366
2029-07-19,351.16410640677185,448.20426464490646,532.5299724123586,635.3001778180134,809.230107959837
2029-07-20,352.2171212485723,448.9685261374581,533.4752571134215,635.7304159854467,808.5869128072662
2029-07-23,353.38602840012993,448.6470998542095,535.8764539071626,637.1582318277823,809.643558971733
2029-07-24,354.0258868994161,450.10141536077157,534.1766333140158,636.9399723335304,809.2837883131781
2029-07-25,351.86583960003026,452.3384501299979,534.3346958264663,638.3062465452732,813.7281278347016
2029-07-26,353.1912804779195,452.8686228525043,535.4566819199422,640.0868295371446,816.527969715746
2029-07-27,354.1108894450529,453.3470553053553,537.7584575533874,642.145021170657,820.4088264967374
2029-07-30,353.02766606952787,452.3065434828456,537.0662288474448,643.3718830323411,816.282330620436
2029-07-31,354.96066823033175,453.76676889568006,538.3206442538797,645.188797351375,818.843300656263
2029-08-01,356.83279364620734,452.92006879364953,540.2740204401448,645.9727341500868,821.6282552733023
2029-08-02,358.5586015683051,453.6720776331242,542.4072662068625,648.5686845709297,821.2648864894887
2029-08-03,355.7092221203321,454.767177674661,540.8188255836235,648.3147700828915,826.1460104350681
2029-08-06,356.5239403883299,453.67366391905296,541.2180448590104,648.0147796748909,826.790863380476
2029-08-07,357.46317993615526,455.47100710492805,542.8319160117662,648.3299046049056,824.1031964331199
2029-08-08,357.9652938216873,456.3242312552197,541.918958706349,648.4229114376411,827.3445145360893
2029-08-09,356.4977111219778,456.19220620902547,542.7710045440294,649.4856707159536,827.0345843486223
2029-08-10,358.172431167445,456.4127958763414,542.5180146657697,649.8807393204452,827.0372519472219
2029-08-13,357.3348083170332,456.36462139592504,544.0351337524314,651.149849364754,830.0701864721017
2029-08-14,355.64297327950896,458.9558546512803,543.4932945243957,653.1751095738896,831.393283988263
2029-08-15,353.7784344682616,457.18443974394313,543.5653335971635,654.8107024995953,834.348239242632
2029-08-16,354.7513082571989,457.70374438190237,543.4583770826412,654.347440438549,832.8904088685068
2029-08-17,353.48571530886227,458.61506672853113,547.9606545442957,654.4422856556297,832.690958256987
2029-08-20,354.0987033826,457.95152609870024,549.7438559673869,656.7700607098456,836.5661255471103
2029-08-21,356.4405102553398,459.00019456454163,550.0004211859226,655.9673662413727,831.9597232037719
2029-08-22,354.10821197471256,459.61229233557384,548.8063186955434,653.6575407541791,836.5470548934007
2029-08-23,356.8076764516152,462.1004826231816,549.3448017623709,655.8583458297021,836.5303189041524
2029-08-24,356.2391257299293,462.6703030454205,550.1620229773926,656.9905244484632,839.668021775999
2029-08-27,352.13851725267176,463.3297892260448,549.7141767859985,656.905520500482,840.3674490064326
2029-08-28,354.7499402054177,463.89852046224115,550.3700372238768,656.9055279250238,839.5429486429579
2029-08-29,352.5520143427466,463.74175294801125,550.5310523760105,659.0545216547331,840.110241428495
2029-08-30,352.72524227829814,463.11296935809725,549.1360458515178,658.3950036058129,840.019048917659
2029-08-31,355.00553326669547,463.74339837724153,551.2526751255446,658.962954654987,840.1803767178268
2029-09-03,353.67632107528635,463.6570533619508,551.470068815675,660.159962615512,838.721921353337
2029-09-04,356.1262547400479,465.47933075043835,553.9618612445537,660.4974780266555,844.3524847403152
2029-09-05,357.30600183871746,463.7094432330148,556.416042515333,660.187857349888,841.4644244275096
2029-09-06,357.4802482076228,463.0697782691103,553.4907469567765,661.9529347963719,847.4845243156103
2029-09-07,359.22244609080917,465.2966158576047,554.4420638140296,663.0585814019378,845.2984446018008
2029-09-10,359.56152385318336,465.6387522232091,553.6485750053378,663.4936377311349,847.3937587422474
2029-09-11,360.79904758845225,465.3260010038894,555.1974221796947,664.8271418561084,847.8067210911739
2029-09-12,359.5298185208686,464.5118228334381,554.2345094652496,662.9880266736692,848.2977782593135
2029-09-13,360.3338613651639,465.4210165007458,554.9413490704264,663.4837144069456,846.2876032330012
2029-09-14,361.74755098267116,467.89545367010794,555.3313900949701,664.734295830727,850.4376260086243
2029-09-17,359.29005927044346,467.8526337991241,555.5906976929491,665.0327078550008,850.2142219876696
2029-09-18,359.77932986533074,468.5575240011849,554.870977159916,665.460926007449,852.7775010858398
2029-09-19,362.9279217105983,468.31909272879386,556.3134575152798,666.3614382042368,856.6882497185522
2029-09-20,363.08326616673344,468.910260200406,556.6562729920154,666.9878607916717,857.9906524536558
2029-09-21,360.9557989563921,469.27817195527086,557.7968713784414,668.0554347445332,859.3549019300457
2029-09-24,361.7172482245318,469.793995138243,559.8479465395824,671.3553681479317,861.351595091435
2029-09-25,361.8905683367189,470.74049118279055,560.2217536265443,670.0136189103137,864.4107314000341
2029-09-26,361.9455659786733,472.4064966066028,560.4013191085606,670.1136361240403,862.4892040974033
2029-09-27,362.11748121654506,470.8935813683715,559.1490759135095,670.6176431390892,861.0851242738318
2029-09-28,362.51404680127763,475.57525388808074,560.981990105402,670.6668036105845,863.935312045041
2029-10-01,362.0861647137219,475.0959817685584,562.5300481860653,672.4191893249834,866.4579094396033
2029-10-02,363.22049719053496,477.0354677842241,564.5859229502755,673.0913895350482,866.6654749489513
2029-10-03,364.0558108484602,474.83985797331786,564.1593966625767,672.98654428848,871.9851665663165
2029-10-04,364.84131262817976,476.6035051298817,566.3110797691484,677.6256921823419,875.0211499533646
2029-10-05,363.98810540530735,475.05203592779725,565.7312213230045,675.0366796813197,875.4683235451021
2029-10-08,366.25865113615,477.07618586226306,568.0123787876964,678.5671857862842,884.9466565765887
2029-10-09,368.00079668472665,477.5233295235987,569.199848139531,679.8083038858709,876.8748089197425
2029-10-10,367.7625029960502,477.1759260834282,567.9662441964626,679.7898539806871,871.5966060456271
2029-10-11,370.3268779408377,477.6111100092369,570.6900473346084,680.9718590346201,874.4988892123121
2029-10-12,370.43731509599957,477.2370186010257,571.4575394295691,681.2146715970882,873.5450284125444
2029-10-15,370.43504393711174,478.3764747272906,570.6259356773121,684.1472153492058,869.1101961550336
2029-10-16,371.2269845553872,477.1818019665269,572.9368889176983,681.653575498798,868.0037714468787
2029-10-17,371.7362671658612,479.3009852199665,572.2811249666855,681.5411870484766,868.1666268250309
2029-10-18,370.2021551131233,477.77071856860664,575.3406674897969,684.5773896951031,872.9209982923505
2029-10-19,372.1282504990728,480.05566258401586,575.6894276177611,685.5208335242531,874.8041062728453
2029-10-22,373.7838853157107,479.6729278646883,573.5479685872775,685.7713747490247,874.950891273954
2029-10-23,373.4068738951032,478.13465857315964,573.603887564255,686.183903178346,876.1525588197992
2029-10-24,371.50945262620775,478.1893571687756,575.2106412851315,687.3954262265656,876.8096125823442
2029-10-25,372.26952562529794,480.1282626522134,576.5286091984788,688.4149230300677,873.4394505568916
2029-10-26,371.9196713277198,480.3720461816471,578.0641095673657,688.1762844926913,874.9586790713172
2029-10-29,370.8760038611152,479.1907095712132,579.5335667999118,686.6315600404677,876.4251974581738
2029-10-30,369.8323409757063,480.6575218325768,577.5136429032115,689.4016411651571,881.8948107094014
2029-10-31,372.39605004176764,481.96016455512284,580.2484864372258,688.1873985991981,884.4653894453304
2029-11-01,370.67033982295726,481.6602847289471,582.2196510600292,689.7385826985455,889.6586886013864
2029-11-02,372.2636444883011,483.40121273861945,585.2519861397633,691.1762959794562,889.6477105525938
2029-11-05,372.3467640783585,484.10716994209633,583.2156153415004,692.7994439686822,894.3509511446141
2029-11-06,372.79494124871474,484.23206466280476,583.9484326289755,693.771855716026,892.7300809051893
2029-11-07,372.31620186113156,482.5613653355824,585.502432535122,694.7595942331789,891.6793542965974
2029-11-08,373.28315393952374,484.45542390305303,586.0377493630268,695.9013998035505,899.4145716603439
2029-11-09,370.8270264852715,484.6493051442103,585.6795264968948,696.4935288914677,893.9323465853766
2029-11-12,370.6879418908418,487.26734734199397,587.3996658439821,698.5963238294785,891.146806350913
2029-11-13,372.5886141222542,486.9088581604941,587.7414863539416,700.3391493976739,891.1510893691393
2029-11-14,371.89099836562764,488.24528991228107,589.7486662395467,701.4368397236094,890.8630675964256
2029-11-15,371.97892614977366,487.6284451453724,589.5704921401309,700.6986711836282,891.8681857674802
2029-11-16,372.4586336358799,488.63746558974253,589.3549834360163,700.9327437113233,890.6895643353696
2029-11-19,371.14649113130815,489.7450377900591,590.4177019348731,699.9949207491157,892.4208798516304
2029-11-20,374.59075588022625,490.60892448495497,589.4955880301577,698.9077842704078,889.0368346448817
2029-11-21,373.5713752253183,492.0794618787021,590.2720760741871,699.8412258149517,893.1334975268202
2029-11-22,374.45020240834,492.51497421102084,590.9401809774334,705.4001788674473,888.6576095698293
2029-11-23,374.3353885605772,491.7341310312187,590.798106227712,704.9619230064533,888.276665273249
2029-11-26,375.4199707397866,490.62830570306846,591.718792194701,703.1846243603418,889.531869801144
2029-11-27,375.6314415218226,492.376349638515,591.5433807055358,703.3239994432203,894.0390968406872
2029-11-28,378.6450506929012,491.68474362274884,592.6476502910341,704.3742063305872,893.7703616491139
2029-11-29,377.3371073567178,492.9659390914129,595.8290637496475,701.2394820615889,897.9257853748287
2029-11-30,379.1216440055606,492.6359156686659,596.8988233620984,702.6769112945169,891.4188106747425
2029-12-03,380.83155583348645,492.82450104088633,595.8425786879809,701.1845973920557,900.0866249653661
2029-12-04,380.5947656155857,491.8557429999357,595.4716378559133,702.7909278099555,900.0069704631619
2029-12-05,379.1705682475022,493.9362402459857,598.9028556325187,705.4822787326949,901.5305754770458
2029-12-06,380.602873495209,494.9946685593467,596.9727087143585,704.5187499035218,892.1843538484763
2029-12-07,380.70284574844953,497.01321143049074,594.8160229239609,706.4888268221348,899.445561064784
2029-12-10,378.95078222770786,496.16705507422876,597.2210102666172,708.9433526426108,896.9328875337302
2029-12-11,378.7808542362592,496.61311530346336,597.562443913507,707.9063937310463,893.2622354964288
2029-12-12,376.09148652817373,497.12550951213495,597.7433097552787,709.3990052345424,899.14838039445
2029-12-13,378.7570847311377,496.79132988487316,597.2389139898789,709.8481113170434,897.7087416375941
2029-12-14,378.7983635533669,498.53089093118183,601.3217876316698,709.6720138415993,901.421415548325
2029-12-17,381.5151386697698,497.109473606236,604.9896356593047,711.4628005719028,901.6009441304936
2029-12-18,379.55103778728346,497.80065300582214,603.5802811956871,712.2038019870022,902.557462866474
2029-12-19,380.94921393542097,497.0167029540464,603.0108920569992,712.2831755742526,901.2316366994353
2029-12-20,380.7587999783798,496.2569823454842,606.3125842050008,716.1074653938957,900.8996836475943
2029-12-21,381.73146503461106,496.786891522684,605.9356617126497,717.2863123858488,897.9323651659914
2029-12-24,384.8120512437094,497.88523301277576,605.5641560703266,719.8395187258326,901.951497206961
2029-12-25,384.45049628129675,497.89063977145605,605.7965589773644,720.711045140086,904.5016433848671
2029-12-26,385.3076573107389,498.1051320816031,607.5267924980917,723.7802948454456,908.0095996819329
2029-12-27,383.8571184000882,498.4131345406354,605.7645771707867,725.8309651471524,906.3169537947142
2029-12-28,381.9262755009678,497.9402724617736,608.0342735903818,727.8108403570087,909.9933931533712
2029-12-31,383.3345704774913,500.1974658499737,609.9636218858251,726.0816461652803,914.3692974342512
2030-01-01,382.2743208863693,499.28111209321185,610.4384197359291,727.648877371891,913.087733649049
2030-01-02,381.97492912304324,500.0094755882103,611.0515994199782,725.800408650829,914.0845926648997
2030-01-03,382.24329811107555,499.91691829254506,611.4433899641206,724.9213266948622,915.5656910026624
2030-01-04,384.21796438356466,501.1967467256457,611.143701889717,726.9015183420041,915.9423604368033
2030-01-07,383.68811085551584,500.6362138760462,613.8807932130719,729.9746116273348,923.9055672236465
2030-01-08,383.5118990107033,502.28248186856695,614.5198689769331,726.8557729044145,925.2326771766241
2030-01-09,384.508869902744,501.2952874632125,615.4467039643556,732.4580750881541,923.0935103987762
2030-01-10,383.72752386620124,501.6273647051787,616.1185988096325,731.988862284646,924.0300163946981
2030-01-11,384.5542603877307,501.44066149127104,615.80462355994,729.2823486008178,924.2432595741843
2030-01-14,383.7404874525006,504.2225526468319,617.3971407408517,731.5310761630702,922.6167875253842
2030-01-15,382.43548924548,502.8377891212333,616.0319053103626,731.9585868802059,931.0481898311888
2030-01-16,384.79344612147196,504.0663647757383,617.2135086432536,732.8913855251818,930.596022501997
2030-01-17,383.0593331739584,504.0155983769851,616.6238232091282,735.6446029178229,928.7254529444647
2030-01-18,382.7160109525953,505.2767978898218,616.3082221019886,737.0126159478915,929.2340317073835
2030-01-21,382.2245045853908,505.6011885735686,616.3117824636042,732.548245448482,936.5645362946864
2030-01-22,385.4105563880453,506.4443650412163,616.9328296178569,734.5328991616394,934.4331122304426
2030-01-23,385.9695212277812,506.5317528213105,617.4978546256125,736.6074393086133,931.1879792387805
2030-01-24,385.5993938601792,507.5497027720225,619.2858786404042,737.8849466104226,935.8813359501065
2030-01-25,386.19826120800957,508.27935697922453,620.7101195602181,737.3846607462169,934.8649587324257
2030-01-28,387.1472412334774,507.2472851024337,622.1629565434347,735.753348538105,931.1343752940553
2030-01-29,387.60477094626447,509.24723645535505,621.6854660680824,737.0154152052039,937.7240590758206
2030-01-30,387.7246616064813,512.1174886819603,621.5530005438723,738.1736354596749,943.0888697387314
2030-01-31,387.26219879851425,512.6786375295728,619.920850011619,741.0224787165698,948.1269584605512
2030-02-01,388.01884754350675,513.7005243301293,619.9757845674585,741.7691025996303,946.6378099673152
2030-02-04,386.3597545287589,512.7295403342295,620.5674080966925,745.0034951574859,952.0976521074737
2030-02-05,388.93357601334543,514.6330157645589,621.5301749268888,746.8633698315413,958.0378622336768
2030-02-06,386.7150532589608,514.9449299953774,622.0228946951505,745.7526832009759,950.3213233761302
2030-02-07,387.78156567733686,514.8090815597689,621.6901902460464,745.230677736728,950.3706638805676
2030-02-08,387.08592050988057,515.2710380901324,622.3248315245833,746.515791365058,961.3690937465474
2030-02-11,385.82251283744995,515.7792605852044,623.5494043593112,746.3932829854484,961.8848306435784
2030-02-12,384.03063901223396,516.2186836093449,623.386127437187,748.0800924329144,961.7773177316005
2030-02-13,383.296860675517,513.834551384225,622.6393248924567,749.7266427647634,962.3735025929393
2030-02-14,383.6303746510311,516.4005972762495,623.774655475496,751.5751266579186,967.0090989992705
2030-02-15,386.8541450786827,516.0609298082566,624.4500855047704,752.1045552340122,967.3235492136425
2030-02-18,387.44398775353517,517.3016311278859,624.8679313228902,754.2579829057843,968.9844972793276
2030-02-19,389.2634791725166,518.5771516155827,626.3764375951174,755.9461558820963,980.9526600314961
2030-02-20,387.47313179309157,517.5954090902228,624.6153879116137,760.6702639683879,980.127535541
2030-02-21,390.4152338662168,518.7563972689516,624.0661232826728,759.4059771504943,981.4594940984596
2030-02-22,389.5125637498968,519.1508958092098,625.3124616633011,761.9319499102655,980.7273809729569
2030-02-25,390.24793977552315,517.3964699731448,625.2729429268642,758.6144427453195,981.9740243013733
2030-02-26,389.2926859604742,517.177420536746,626.9263025839209,761.8096097399676,984.622021075397
2030-02-27,389.7462567319588,518.9500277299667,627.926843817231,761.540599762795,979.7629239068305
2030-02-28,391.0520587199012,519.3541172583757,626.3309463956373,762.2454347194579,982.2456265274769
2030-03-01,393.0638300860371,519.0665566683128,631.3146640674548,762.3815478151614,987.0689022509795
2030-03-04,394.4362242350111,520.9425048106997,630.9873473902919,760.9396825431413,983.9661570376334
2030-03-05,394.86465120635324,522.0052627703187,632.5984429832695,763.5831075816485,978.8853773668625
2030-03-06,394.3570513989933,524.2810202652024,632.4627202349754,764.8880754629304,985.5459592084754
2030-03-07,396.588434695343,525.9246544157553,633.0951695014219,765.8562949942071,987.614352729637
2030-03-08,398.23065797611855,524.7185185356991,634.1410038367246,763.4477900630478,980.1703417174863
2030-03-11,397.07462749681775,523.9642199541014,635.7120092810858,767.5603154632206,981.589378858791
2030-03-12,398.6969200111489,523.9429762119781,635.9561698280236,763.7829804094719,986.8544639034723
2030-03-13,399.4843093895019,525.8219880700794,636.7319020109628,764.05848869675,985.7904500007446
2030-03-14,399.3315379977215,525.2741952263545,640.3838759949473,766.2654487043651,984.6919612189245
2030-03-15,399.397454975853,525.7754473885433,636.7096460174616,767.6210354642259,988.8499179793633
2030-03-18,400.96637877165324,526.9740120557717,638.1249227298824,768.5897905364734,990.0940645772664
2030-03-19,398.24554103064213,526.8231676163189,638.2260168337209,769.0336179512583,989.7232738094157
2030-03-20,399.61560729141036,527.7782814513272,640.9828975209662,768.7142173848047,993.339525536553
2030-03-21,398.2850664405492,529.0234158394273,639.2241599038922,769.0135440589079,991.6352277523569
2030-03-22,398.7430287987609,531.0529571293548,639.5793576788196,769.4969381035413,993.3920315691863
2030-03-25,398.9933819710242,529.1678763564196,640.3659534255419,770.6605511558296,995.0215227626112
2030-03-26,397.06208731063066,528.9963246485936,638.6378920705472,773.3225466757289,994.3245385435138
2030-03-27,400.12510535386116,529.6456604054985,640.0231102993353,777.015053805754,996.7488830940034
2030-03-28,398.56997376573446,529.616041746087,639.6930748822647,776.7376181722007,1000.5270126129097
2030-03-29,399.0584936263542,530.9406393932792,640.2957000402919,775.9226147948724,1004.2927850109771
2030-04-01,399.91133199569686,531.1069107818214,641.9851045035916,775.1888736232154,999.9480234865991
2030-04-02,399.16221383781084,532.1194927578429,640.7242024762584,778.4370951181388,1004.0590594849444
2030-04-03,401.2947232997305,531.5094773904569,640.8465310479635,780.5556825148606,1004.0282790889397
2030-04-04,402.16514316792245,530.997572403571,643.8710054204053,781.3974647908741,1004.4283860614297
2030-04-05,402.65304792919477,530.8692110414207,642.874938239439,784.8314402630209,1004.1270981246627
2030-04-08,405.1707915888576,532.9646710277456,645.9308065895083,786.7682192852255,1008.4909537912097
2030-04-09,402.3605971155714,532.7911624132246,647.131064265049,787.9294849714631,1005.4811269777249
2030-04-10,403.4704507415678,533.8315246984496,647.04183740743,790.8395494591161,1007.6162041068629
2030-04-11,402.9065445015632,534.67983154553,647.761790311414,790.9525566612925,1008.0718907644898
2030-04-12,402.1500823605324,533.8947923456742,647.915141665942,791.7863271068984,1008.7881785855516
2030-04-15,404.4493877677186,534.1954086673388,647.4052665458274,792.4444212086603,1012.6478546255435
2030-04-16,406.787643964927,534.7629504124452,648.3308936620617,794.5352195517063,1013.7770626839382
2030-04-17,407.73472017588307,537.0140425500774,650.1408425638792,802.5599781431931,1014.6852698645648
2030-04-18,407.5537571916167,537.2768620776642,649.3401481601131,802.1706482344005,1015.9127935211908
2030-04-19,409.5520016483965,536.0728755258124,648.2075903698394,802.015878696124,1018.1701378935807
2030-04-22,406.54584159916254,537.0081615155707,649.6941623460211,803.3590205823652,1017.9715753200762
2030-04-23,408.270159222842,540.233053370765,650.0723058652811,803.8130295691176,1021.6319687971722
2030-04-24,406.55047939113786,539.6477742857642,652.4955582964963,801.2073215722543,1026.270368958824
2030-04-25,405.6341914708317,540.2754772079313,651.6825636068618,802.0520745263157,1027.186127743602
2030-04-26,409.3695887295595,539.634100171412,654.6485442729079,805.9891108725545,1027.055577260959
2030-04-29,411.29423681027845,539.9336552809618,656.8678838914092,806.2092703700001,1025.0416978072321
2030-04-30,408.3949473243419,540.1097870799447,656.0977714302865,805.6844124873742,1024.3633202585588
2030-05-01,409.6204496077886,541.8088183969934,657.5512941401666,807.5186184944548,1026.9855507610628
2030-05-02,410.57712627299907,544.0508638235526,657.1744455689704,807.7405250071923,1018.99511636698
2030-05-03,410.4308463467651,542.5747722669195,655.9968326699245,812.9227706174684,1024.273793057326
2030-05-06,411.7487561148619,542.9757380675154,657.3787642809084,811.6409056494535,1030.3781371056793
2030-05-07,411.07345574112134,542.219477891778,657.993484814859,810.6190998901835,1034.2227114869722
2030-05-08,411.9221984262771,542.8469989815658,658.7772485837697,811.075420912005,1030.3250568206845
2030-05-09,412.2945060627751,543.4740862843892,658.7479564758047,813.4472630171579,1031.1808939812045
2030-05-10,411.90823121705193,544.297994275987,661.7960248483693,810.9937887419208,1028.9634255110323
2030-05-13,412.01684246183186,543.140425241706,661.0571216023061,812.8011134274041,1032.430617421652
2030-05-14,412.99923711754144,543.1453488334944,663.2041379829195,814.2222293047587,1027.2393254194765
2030-05-15,412.8186174120123,542.1065409481828,666.4760928198895,816.4012446441964,1030.3724730238744
2030-05-16,413.231867994987,544.0144233576395,666.3292379268944,817.2964692068665,1026.4057903846065
2030-05-17,413.2999031543178,543.7869937894172,665.328346777742,817.9145617903623,1025.487849971496
2030-05-20,413.7681404570289,546.755483104401,667.5548897491192,816.7603509830913,1026.594203511706
2030-05-21,411.4382837761885,545.3651738015449,668.4769189940654,818.2463892232269,1031.1638512486443
2030-05-22,411.53823970222,548.5683082994744,669.8723337787408,817.8294171129821,1037.3167996136349
2030-05-23,413.67604180017406,547.4178629086758,671.3265089517474,822.1087437174863,1039.8979791770214
2030-05-24,413.14719946288886,548.2991242531444,671.0699650685559,823.5350561711598,1043.668526859677
2030-05-27,416.63006368000185,549.3730241430021,670.7290319204299,820.6472355034008,1044.4899853438308
2030-05-28,415.02520604536784,547.2755028258432,671.4570625555903,821.0353576096629,1045.2334215300864
2030-05-29,415.6874126271523,547.6876426367115,670.8814622705547,819.5324562834169,1045.477170542733
2030-05-30,416.3390859473676,550.0637731539357,670.3838285964546,824.5559709312272,1042.4973511763358
2030-05-31,415.67010189181724,549.8892770893679,673.080017991655,824.8044451045556,1042.9696235584597
2030-06-03,415.86579605054635,551.9205400144941,673.6836798181339,824.9506397023265,1044.050362535054
2030-06-04,416.1851363318284,551.8897327609523,674.7489727172667,826.1591306398204,1042.010952485714
2030-06-05,416.55022131955167,551.6243389906518,673.8609299267347,827.6120447507299,1047.3400828967517
2030-06-06,415.3371709576748,551.9796314726797,674.9311806071793,830.2361105755515,1053.2077212123165
2030-06-07,416.60352603136005,551.1792340439505,677.9728562495717,835.1374355345871,1055.8690013454068
2030-06-10,418.6632035897076,553.3445568845345,676.8861471033566,833.8736475386931,1056.5449355201024
2030-06-11,416.40850057288986,553.3040964907126,678.7857849544864,833.4762124342788,1058.1626899102023
2030-06-12,418.58952653391714,555.2113817771731,679.6587233842231,831.9322796595488,1061.1760649958871
2030-06-13,415.9414786639415,553.2319121309117,681.0710098753805,834.7931160563938,1064.1857915136325
2030-06-14,417.60096855243137,553.1619213436022,680.3977099207796,833.5220396726364,1067.2389079189156
2030-06-17,419.3126173578061,557.1625185768291,682.3498730654517,837.5354549578225,1068.1499479909764
2030-06-18,418.01151936047813,555.8483767705172,682.0511840805923,836.7761740475433,1071.844976603234
2030-06-19,418.1466718238375,561.4130784655349,680.9727600476333,839.639428187082,1068.5274041848227
2030-06-20,418.0881545478238,559.5959117293033,681.0238859665342,838.6668890380403,1077.7447698626543
2030-06-21,420.608719469957,558.6846861023265,682.4422006475459,842.3542031934228,1078.9437154937923
2030-06-24,420.9253476977204,562.1137056258351,683.2021599734354,838.1054818126622,1086.1364365470895
2030-06-25,417.92073729709296,560.8684914034448,683.7892950428063,839.739938611679,1073.4703349376414
2030-06-26,418.82991185584086,559.8662957750796,683.2796805857251,840.3258260904638,1075.258004547502
2030-06-27,421.1161278409975,561.1864726884371,683.2017834148517,839.966043416504,1083.2825694544279
2030-06-28,420.932603219725,560.8605821063993,684.6795323629428,840.3898353358861,1082.6802033864885
2030-07-01,421.59982958513683,561.9189182484334,683.3691819259533,845.3741844313555,1086.0484253991792
2030-07-02,423.97601017729,562.2834449680543,684.5772090212191,847.2599302702592,1085.3311064274033
2030-07-03,424.1896862308195,562.0475464302416,683.5215159841337,846.9799718839497,1084.7200331253403
2030-07-04,426.2574991771031,559.655142902289,686.5415470680935,846.901704230924,1087.8859329331613
2030-07-05,424.58371701897113,562.1625640868307,687.5920059176677,850.4794992438632,1090.0155102084477
2030-07-08,425.73459404504575,560.9486873148559,684.907675556242,847.2919025908666,1094.4594096023884
2030-07-09,426.5632821836296,562.1209524831222,688.359139519351,851.6834935277791,1096.0849148284276
2030-07-10,427.43423461893946,562.5877852939832,686.9385068192206,854.5366968028926,1096.3582987094294
2030-07-11,424.58060044726193,563.8622465420913,688.3495580157851,854.8470633737128,1094.14440276322
2030-07-12,424.87510441381437,565.9470570399591,690.6826005414396,854.5666816085194,1095.738649022331
2030-07-15,427.47616866805885,566.0287566556395,693.2167161883744,856.4830861971378,1097.525804117039
2030-07-16,427.21976799211484,564.9645500257192,694.3115389802773,859.9511043362841,1097.286591498662
2030-07-17,426.16413834605794,565.45818634353,694.1150895634955,858.4856630289497,1099.662400467226
2030-07-18,426.1124310910317,564.889814849163,693.9947071701131,863.5015083304921,1108.2623473548642
2030-07-19,428.89147080132255,564.7764679752304,694.826301800684,861.2492817625285,1115.903930684128
2030-07-22,428.0085316783592,566.8121267803554,695.5118067096241,859.3378984472025,1116.3041065655218
2030-07-23,428.08885965065105,566.4918325482375,695.8426763853032,860.8561960144827,1119.6655982531427
2030-07-24,424.95104290306807,565.1123935686621,698.98987479022,861.2225152764009,1125.0068674393501
2030-07-25,426.70383902268844,563.9953558066097,700.7256787945346,862.9260111578355,1124.4462986980345
2030-07-26,428.99582036656517,565.9258960948586,700.6903101519932,863.7012578657798,1127.947208760696
2030-07-29,425.07237442955136,565.2789238354491,700.3633770730833,866.3746656373116,1130.1684224305607
2030-07-30,423.91582980961044,568.1890355783271,703.5381043580799,864.942228598173,1123.3694267918322
2030-07-31,429.9675101995318,566.5486615905613,702.2611142707145,868.0877126294713,1126.9598379312138
2030-08-01,428.43204782042267,568.0508078738441,703.9379033553446,868.4475385028757,1133.9894272804697
2030-08-02,425.1859683425436,568.3335429077401,704.4380132156497,868.8474218796482,1129.6905542931697
2030-08-05,424.1325599713641,569.3517870684695,707.1853469546942,870.6615987960748,1136.643455144232
2030-08-06,423.5513054921861,568.5646026111428,708.6519871605916,871.5986964792319,1134.345088277034
2030-08-07,426.19342040251246,570.147988497865,708.5260124082633,872.5551904978013,1135.1023396574644
2030-08-08,424.3665773006509,571.7309250213009,706.0037409000563,877.1852458963076,1137.308204196822
2030-08-09,424.5398490700983,571.9350093499505,709.6612365637637,875.3556106808819,1149.812835466627
2030-08-12,428.6853163409181,571.4547232197243,707.5742418096237,874.4500150641709,1154.2898259403978
2030-08-13,428.7719017454377,572.2241652957537,708.5106061344059,875.8329791107808,1157.9046191860825
2030-08-14,427.42628902706645,572.8273661741767,712.1560506005537,877.6612679234038,1151.064159864885
2030-08-15,427.218066203917,574.9903563072221,711.7904476813737,877.5779194625293,1154.4844659025678
2030-08-16,427.8677450800899,576.1953092190901,711.9216263162928,880.5477950684752,1149.215896492649
2030-08-19,426.5899632184907,574.3371540819082,711.4386032247041,876.5938517235946,1145.2707580191436
2030-08-20,426.4366266435952,575.9195094180941,710.9293928046683,879.5745696646859,1146.1449198963533
2030-08-21,426.16075114223685,576.2785478303663,711.2353233297099,878.9452404122219,1154.501235271118
2030-08-22,426.941417127002,576.4560873119299,713.7359257264168,877.8789243724623,1159.3241013567651
2030-08-23,432.5490593309031,578.1146607401337,714.8254386623548,879.6211331420633,1154.4550921217399
2030-08-26,433.0699416266131,579.1516901001514,716.1074905100695,879.102331607448,1162.3790114165988
2030-08-27,434.67409910181294,580.5531196299528,716.5601753829411,883.4294663278691,1168.2449154128697
2030-08-28,432.1407832527369,581.4569901845322,715.9584347029934,884.9275251221486,1169.0087481952119
2030-08-29,436.8897167805601,582.1998914065024,718.4779686644665,891.5174720883451,1177.1915986215631
2030-08-30,438.4980896067969,581.5502502206973,717.737618518813,889.1917224157382,1179.1215162836947
2030-09-02,435.89564034178574,582.1238966681759,718.2309815856464,889.6669409141516,1179.5173690962263
2030-09-03,437.9342898819797,582.0188301598564,720.4581668778603,886.505679928381,1174.595762487475
2030-09-04,438.12653437454895,583.316919614843,720.9937811660436,891.3533717589061,1187.0587665344613
2030-09-05,439.93846239585025,584.5805392882071,722.6081823171858,890.8746968560013,1191.1588806206546
2030-09-06,438.0523900312743,586.6069741835342,722.0699478211859,892.3764932092187,1192.1794886678035
2030-09-09,441.0384473338327,586.2942676439075,726.5116620301897,892.5263488952373,1187.9268034944535
2030-09-10,441.0735835913703,586.1172633868107,726.8741198745558,894.7547583697576,1189.0669676869545
2030-09-11,440.08402416638353,588.0564610742917,727.1484000125754,895.5779616163503,1191.4930856769327
2030-09-12,438.2465290692989,587.6802584704734,729.2624033468009,897.0840612038803,1190.7902463634564
2030-09-13,437.883794987776,588.224326784408,728.3870827584427,899.0079407115065,1183.3075882963203
2030-09-16,439.1079187434639,590.5409840842902,729.14125207722,897.0482684702408,1192.659673476164
2030-09-17,440.52606553720625,590.5824365953721,727.391709147046,899.1468240571405,1191.6232674315593
2030-09-18,443.09152852172633,591.2927186137022,730.6768416385357,902.0464819484221,1186.6397197859394
2030-09-19,445.6611284254963,592.3918162729674,731.671466290835,902.5633359789377,1193.3275590627316
2030-09-20,444.26563042570086,594.5479138082603,731.0215477264926,901.8623222242134,1188.4771451680547
2030-09-23,444.4118272018898,594.9854654341423,732.7244513285598,900.2128286317572,1188.7266304408513
2030-09-24,442.3822561047194,593.7842253036797,732.5202467243662,901.1211855091572,1192.5851208640843
2030-09-25,447.6545137160186,593.6154719766198,731.6063049695254,903.5128273623791,1194.2024479341762
2030-09-26,445.88475714146233,596.1865715316188,731.6037358722951,901.7025822077619,1196.7535481824564
2030-09-27,447.36559924247587,595.1999549502874,732.4200522311942,902.2677164975513,1197.2405470630215
2030-09-30,446.1068144055437,596.9217321986923,734.4251761704443,904.6579096761486,1200.5037720051016
2030-10-01,446.49418284367107,596.1632915917342,735.9671780799346,905.966008548189,1207.2486953371001
2030-10-02,446.9616579817223,598.1797026567599,736.75132633052,907.404572391295,1203.2973583446228
2030-10-03,447.22350108014086,597.1445000142701,736.2552740906126,907.3326555971453,1208.7510853467181
2030-10-04,446.77192863491223,601.1133175150936,739.969857137713,908.4788637865271,1222.5580799088323
2030-10-07,446.89892630579806,602.1741805551018,736.7607747517309,908.976031088053,1221.7497140740995
2030-10-08,447.9587898878767,601.3448997374148,739.714069595078,913.0816257381694,1222.8143459217054
2030-10-09,444.6601218305359,599.5798484567784,740.7476056831683,912.5082838170016,1218.6461343013218
2030-10-10,448.3520976654018,600.2828471160813,742.8765021466143,914.4064339975619,1214.9599431670872
2030-10-11,449.028009762241,601.2847639592565,743.6914874664268,916.563981182705,1216.1545426996945
2030-10-14,448.87021257546684,599.1478720623879,741.0161889443405,915.4660696637059,1231.5218882841393
2030-10-15,446.8976889990387,602.8618170061006,744.3107218292561,918.3137747911887,1222.431113324259
2030-10-16,446.6130904900576,602.8525577948765,743.9606969808872,916.6345600244655,1232.3692801856178
2030-10-17,448.6054524756663,602.3469272311693,743.8050135567622,915.6691021390602,1225.4355401072148
2030-10-18,450.64248742050546,604.6318380976007,742.5319907894575,918.7970373577747,1223.0466693557255
2030-10-21,451.77203853537475,605.5357709991835,741.2411778451669,918.8016273203161,1228.2986058133351
2030-10-22,453.0039032995517,604.9199037065025,741.2428603581398,918.9620717898455,1224.1461572283567
2030-10-23,452.6160807940802,604.1172833035686,744.8890109388112,917.4675538225579,1227.3318907884914
2030-10-24,453.07930691712266,608.7712981968909,745.1681130275009,921.1170570623302,1234.63606403372
2030-10-25,453.65375897569714,606.8830861092121,746.4823462676943,923.8926879359225,1234.2821663167501
2030-10-28,454.6761457584823,607.3696966800414,748.9240575191192,924.2481124198831,1242.4302288500087
2030-10-29,454.7672685589182,607.4732153151576,751.6203079927908,926.5463709161764,1245.7607233714218
2030-10-30,454.95141512784926,608.4560395855692,750.7705018798447,925.5500717721341,1241.295217541816
2030-10-31,454.07043841570743,609.5608808318985,752.9041937919967,926.8015877780484,1237.6157358985427
2030-11-01,453.9406937245261,609.9537349144773,754.91630459616,927.9851394259379,1239.7246374572123
2030-11-04,456.8683261324927,609.6516654701106,753.7984053340545,929.2233075306983,1234.6048942252608
2030-11-05,456.93074453080123,609.492999699653,754.379134816727,935.230579671749,1227.538750749081
2030-11-06,459.77069999680305,610.41917016835,754.7314623333538,936.6610193057918,1237.7155116160507
2030-11-07,460.1805659429522,613.4882412222454,756.9626417088426,932.9383935734724,1235.3414628003202
2030-11-08,460.55441130831537,611.6008472336724,756.9342131362783,936.9345578613066,1249.27455517901
2030-11-11,461.6104080888603,612.22561470584,758.5421782387816,943.2447934596544,1250.1062380460505
2030-11-12,461.3645795902763,610.7335009525723,759.4974518054258,946.0056166214431,1243.8560656339084
2030-11-13,454.98212837035317,615.5135676319197,759.0640987014463,941.3551078192253,1248.1627523627046
2030-11-14,456.3141264925169,616.9712975408115,762.4448666576653,945.9184975233571,1251.9264620991353
2030-11-15,454.7781467508434,617.2304298375766,761.5379620677879,946.7247360324668,1251.1768293483249
2030-11-18,455.396062549579,618.6149042414577,760.725362936693,946.4664233713376,1243.8996952532175
2030-11-19,455.4809163319912,619.7330712356493,762.398908465956,947.2658082031186,1255.4702065584363
2030-11-20,457.8603903602971,618.5408563051698,763.4418392694257,950.6977483147175,1259.9338238515793
2030-11-21,459.2915277296344,617.5556044717755,765.05933682755,950.5503702470962,1266.129980545697
2030-11-22,458.2161134774984,621.0793198568321,763.4858406035432,947.5871549744077,1264.6913524147885
2030-11-25,459.23370503327556,621.8890714979916,766.9670711860228,948.7804424189425,1278.3731210899577
2030-11-26,457.46572779213955,621.9441191852721,765.3469690156467,949.129329855689,1270.5383084971209
2030-11-27,457.48153329326504,622.8856281408871,767.4379133616434,953.1823044017684,1280.7888358589978
2030-11-28,458.60332126322993,624.7603441974131,768.5767717060615,951.3939744333916,1279.2676510267374
2030-11-29,459.2137011542771,623.853124664663,771.373166396012,953.2693482318803,1273.665798960226
2030-12-02,457.77042406560525,623.3112921656337,770.6255913127361,954.0615707856546,1271.2388723576817
2030-12-03,458.9436729372777,625.5543625761898,768.7390958180815,952.5444871123924,1275.2711296551042
2030-12-04,460.62805046522004,627.9775928271348,770.7315229575572,955.1923784104278,1276.164384474763
2030-12-05,457.3005448074604,625.1594865552491,772.3985455775064,957.2884783079372,1277.3253077614718
2030-12-06,458.4684599915961,626.5000971164555,773.9066484481918,957.532331851608,1279.3440034446626
2030-12-09,460.8471268131312,625.7225840508387,771.6031827643203,955.9624747087223,1276.8682820543675
2030-12-10,458.9365768045193,624.3239400755418,776.4479231012787,959.894865921088,1284.4713331775022
2030-12-11,460.808099461077,625.6484439939965,773.1570925657046,960.916412294923,1295.4684270114217
2030-12-12,457.42883435456406,626.0138925086994,775.763882311246,959.2414190466709,1289.0198541586926
2030-12-13,460.92640525350464,628.2121162033703,778.2580136800402,960.532466238123,1291.657804478044
2030-12-16,462.0073239893309,629.0025961087986,779.3035507747111,964.9796313247449,1282.1540310208607
2030-12-17,463.4426505370194,631.554866674549,777.9324105904145,963.7046350721093,1281.9353773755527
2030-12-18,459.289141542417,630.161978466382,781.177193965563,961.9863564000171,1281.3320823307372
2030-12-19,459.76066076019936,629.0436222299865,779.8891391788229,965.1579451436216,1282.9734842202295
2030-12-20,459.4893860006207,629.3120040245659,781.2700421321479,965.5272334857498,1293.130277200293
2030-12-23,462.3582735333248,631.1120911398198,781.3400432719028,967.910773783568,1286.112530995685
2030-12-24,460.755290346636,629.4120756121539,784.7189898674548,967.5423396024227,1294.5154461652044
2030-12-25,461.66599980959074,628.3275067949568,786.3802685625049,972.5377437502802,1293.8888111383092
2030-12-26,462.62344701769194,630.8961730462229,785.9636997147993,969.8758378582127,1292.6452029174186
2030-12-27,462.03835426207024,630.5068794781366,789.4305144708876,972.2750791745525,1296.7600491518122
2030-12-30,458.31281144447706,632.3614815481064,787.1068756322691,974.6514524635262,1299.0503667503922
2030-12-31,463.3319169956245,633.069524310926,788.4462003476563,971.2268232511093,1307.1959937164518
2031-01-01,463.98985386068665,634.3695535553472,787.9844988446059,970.1906680745424,1306.5240511020027
2031-01-02,461.3169645395893,634.9490522618846,789.2709933405363,978.3894247198741,1311.9136677308124
2031-01-03,461.91981803722376,632.8756163931588,789.1803456858142,973.9730944701607,1314.9392389228583
2031-01-06,463.73174772562646,634.8257683735833,792.042477684342,969.9022403418379,1311.3191690154613
2031-01-07,464.36715895896185,634.1838670889804,793.4769373987577,971.9284730247966,1311.0650455015195
2031-01-08,465.9100505021038,633.7738169422821,794.9602816636359,973.7352219728375,1307.1653094879862
2031-01-09,467.18786775817495,637.9529842273208,794.3209743799573,981.617853133736,1319.844827512921
2031-01-10,468.0593156077465,638.5841123248443,797.1707276142693,983.6126991071737,1317.7816544913806
2031-01-13,468.03953530436377,638.0546066739743,795.9706353849726,983.3760516940737,1329.6751469611652
2031-01-14,467.4660495568799,636.6852691782387,798.6169841314827,987.318078693326,1337.7750611815757
2031-01-15,467.64480054902066,636.3232467053193,798.2155410265437,982.2894121464697,1327.4853619674232
2031-01-16,469.0944608937669,638.7787308689758,796.934536319613,983.5152835648787,1326.0916864977235
2031-01-17,468.5965964814937,641.0403249009637,795.2046140696852,986.0629910118494,1331.7119506024671
2031-01-20,469.51512650147396,641.8788835335056,796.0100111030895,988.1007757478529,1337.3093243571232
2031-01-21,470.6422625382158,643.235701222175,797.7474159021991,989.4950617749653,1338.4582325769272
2031-01-22,466.49898673531646,644.4445831289889,800.6647639008465,992.722214177898,1340.4297200218703
2031-01-23,465.04103062767706,642.6774319341665,801.9074450376688,992.784013233092,1330.8589291708045
2031-01-24,468.8159749511821,643.9760497888733,800.1271711387095,994.6618474996741,1331.0757285245284
2031-01-27,469.1882801421937,644.3895390787104,800.283766466852,996.7539496239315,1327.8673461308663
2031-01-28,468.55897326291466,645.564541172006,799.2271826948672,998.7651867983686,1334.3119086448369
2031-01-29,471.0818659297018,646.4082741639313,803.3027572953192,995.5745684636419,1331.9778411057164
2031-01-30,470.64438543110947,648.314810940015,801.690936882472,995.2128229260118,1339.1081402921525
2031-01-31,471.2569443585182,649.6777835726396,803.736016111041,996.7880347958825,1347.6548963005957
2031-02-03,473.9759396151665,650.2559373333588,803.0623674796157,997.9682628409371,1346.8425399756986
2031-02-04,473.32474128549256,649.4942380590942,804.6473211332412,998.8109996714031,1343.456537305459
2031-02-05,478.614176691243,653.6803656184693,806.0832247187293,1000.5941736926036,1352.242058001321
2031-02-06,477.1950028565048,650.7654944261941,806.0715151023635,1000.9494368906471,1345.6508485547604
2031-02-07,475.4771458816793,652.6100107045388,806.5858730872624,1003.760552572314,1351.4297554058148
2031-02-10,479.06575766944974,652.8326099918619,810.4745415162195,1002.8404720487235,1350.7005711979123
2031-02-11,476.2866352700587,655.1299017692244,806.6525284030097,1005.1113682627511,1349.5538529193395
2031-02-12,479.6929663292597,655.1131400070763,810.5422299478579,1009.9485096099381,1349.3549914765615
2031-02-13,477.41209843453106,657.508659278207,809.9069078441014,1013.1158877040431,1343.2541013178325
2031-02-14,478.3624054332646,657.9101952704362,812.5089377693604,1013.7914113364043,1348.2315422572403
2031-02-17,479.86381256078164,658.842227227022,812.6390407612719,1015.7442964337481,1354.860565109564
2031-02-18,480.7198067107329,659.0168192751047,811.8656678356266,1017.8881617906517,1349.4075846367236
2031-02-19,479.90857264736644,659.1335767257937,816.0852772980072,1019.4656543417124,1351.5369218844776
2031-02-20,480.3188190459814,658.8557860959938,816.6316175601933,1016.229810550592,1347.5842816943389
2031-02-21,477.1502056706289,659.3464986130831,814.393232087719,1018.0895550361345,1348.8867186378006
2031-02-24,477.3639988195705,658.0305839990567,813.8007695031789,1017.8742503151561,1357.9480682660057
2031-02-25,477.4078167066219,656.1164868087933,815.5912174657101,1019.8725152233483,1360.88495260012
2031-02-26,478.21148804984296,660.4728622531585,813.1567489251889,1015.9678124102775,1362.554434851679
2031-02-27,476.240328431716,664.7377215374024,811.8069808026836,1016.334561880028,1361.6750024827622
2031-02-28,477.8150900372771,662.8136540066303,811.944786741451,1016.8504710712516,1364.177187722478
2031-03-03,476.5512473619716,660.0971777747577,812.6432031952088,1016.3961267971436,1368.7363122621182
2031-03-04,478.94618348246814,660.2407890401987,815.2303781097182,1019.5736991214665,1362.4442823877898
2031-03-05,480.00436010339797,657.8171408229099,815.3997793623247,1024.1644105975906,1365.5832424636621
2031-03-06,481.6594659220759,660.2543948034163,815.5888667040583,1026.5949994859309,1366.841690398601
2031-03-07,481.5684401312371,661.0842023796927,817.3189652773276,1023.5464064098778,1373.2129652713436
2031-03-10,480.8003007411134,664.5732247700363,816.8321824117336,1023.9068525024536,1380.2213842371139
2031-03-11,481.46062031250113,666.592371326081,822.3028573812776,1023.4501324701218,1372.2886028764515
2031-03-12,483.2008111677786,666.7401601752377,823.110406509088,1024.0071336632868,1379.2219815128049
2031-03-13,483.0485857301605,666.7735294112504,821.9239800523044,1025.2168907385933,1378.975934844326
2031-03-14,482.18619718491385,666.5778153731908,824.6962624586802,1033.7900878440964,1385.4255135696146
2031-03-17,485.4819714599227,662.7341672265671,825.4232992520953,1034.2912017844028,1392.9787511843692
2031-03-18,482.6658415833297,662.1071721184546,826.4167296075913,1037.6608182351702,1398.6874242347387
2031-03-19,483.0077924191492,665.240568658861,825.7669746307151,1035.2392130898409,1388.6428916498205
2031-03-20,479.48523174614377,665.251576393455,826.7910191631427,1032.0443018803899,1386.0015556562132
2031-03-21,482.4007171054692,669.2725435870591,828.0687221165033,1034.9657910678884,1385.4157542545647
2031-03-24,482.5969135346115,668.7620250920309,829.2115122714321,1040.3530481454354,1386.5729207582228
2031-03-25,482.76321825783555,668.4860983732505,829.9249535143083,1040.3281415771944,1394.5839734960882
2031-03-26,486.88911056876964,667.1849514607543,830.9663788430428,1038.2956566771174,1396.6143896049527
2031-03-27,486.0764745137297,668.8110670356577,832.7970501000918,1040.690086716927,1405.0998226507072
2031-03-28,484.10002222123916,670.8578979931773,832.0240727717983,1040.2142960097224,1402.5368823822673
