date,p5,p25,p50,p75,p95
2026-05-29,151.1311,151.1311,151.1311,151.1311,151.1311
2026-06-01,149.18042885704875,150.3695607225567,151.28693023323808,152.14078045016868,153.56249610983403
2026-06-02,148.37546235558585,150.382027109565,151.43156242995846,152.6694897723937,154.76464791795956
2026-06-03,147.89996418644114,150.1514920728375,151.5423505709842,153.18534515008596,155.61999657514173
2026-06-04,147.37506956964006,149.99571621421885,151.63668309256582,153.43199290877212,156.4285640508116
2026-06-05,146.69900577701813,149.74734727302456,151.74859533711353,153.842047452452,156.94655832757056
2026-06-08,146.25640088281384,149.6254291658674,151.80984754429187,154.1117930598894,157.56872843172556
2026-06-09,145.9395241306185,149.6196794019211,151.96380414339856,154.36778492532795,158.02566508452185
2026-06-10,145.69208210729465,149.42958264478352,152.0621066464688,154.57422541930424,158.82708695425328
2026-06-11,145.55251732737784,149.47633327733186,152.15649522215682,154.92234006411974,159.66151436357723
2026-06-12,145.4528419242064,149.42327171874715,152.35617757930763,155.11733698190616,159.75870273707514
2026-06-15,144.91646218194984,149.3969823567271,152.45194088554626,155.29769848664023,160.28868687593834
2026-06-16,144.76181688509735,149.21818269893444,152.54816094859478,155.73542748422665,160.6491729910056
2026-06-17,144.83305248749232,149.27718845102106,152.89014600963202,155.90046909234516,161.2006911452751
2026-06-18,145.06331899966497,149.29844824739132,153.02505257007005,156.27737172877818,161.59881300182724
2026-06-19,144.5620919208288,149.42887340320345,153.0828562382847,156.52517360941988,162.16752609154577
2026-06-22,144.4491839769318,149.4956650476781,153.31910495807927,156.78092978133355,162.44880826277
2026-06-23,144.36829336070855,149.47230384668399,153.47488661217713,156.79948318640572,162.9519126095679
2026-06-24,143.92274899594162,149.58708884774563,153.5857390966711,157.40256355166267,163.29514294977122
2026-06-25,143.90347947595785,149.7372528312833,153.59045333917146,157.62051064861657,163.4925790241839
2026-06-26,143.4054024477538,149.6690490472939,153.61188872180117,158.17291177698036,164.45513162105178
2026-06-29,143.31891730982306,149.79738606983642,153.78799480986837,157.9403961652883,165.00691522115937
2026-06-30,143.21889694238908,149.94527882970618,153.89865690174815,158.5884656868329,165.376713243517
2026-07-01,142.88018736942925,149.66632257092863,153.91405848716028,158.81184325826422,165.05297695536814
2026-07-02,143.25741374463513,149.5368288245192,153.99059446616047,158.99115470799958,165.68435123238083
2026-07-03,142.81967202451682,149.43178480501865,154.2652845130744,159.09924882987877,165.91540519678585
2026-07-06,142.77820722562961,149.59443967501124,154.32824922166895,159.3162122073314,166.61190240104293
2026-07-07,142.87375261313866,149.68781726127008,154.51000458526357,159.5419626054358,167.24622900046862
2026-07-08,142.6221970087853,149.7277300010924,154.6221376622036,159.80533694901862,167.56954297948423
2026-07-09,142.35871559944258,149.73561114384216,154.71019756398948,159.84672515087692,167.60047545157207
2026-07-10,142.524198726354,149.9792398938515,154.8614492943792,160.29356031170184,167.92775063156515
2026-07-13,142.52008425522044,149.8477228908896,155.05781386293103,160.2812521147033,168.65841612246544
2026-07-14,142.24678579644663,149.79920241444168,155.0152501483833,160.53086247781943,168.4192625920141
2026-07-15,142.58146682006134,149.77361151005283,155.16001128418196,160.62509884013826,168.5358035778309
2026-07-16,142.49308637793442,149.66609688566368,155.46655083609897,161.01844155794473,169.23407861696484
2026-07-17,142.37826069181193,149.304036142354,155.5820551404113,161.09511941675987,169.4900966340437
2026-07-20,141.8939467750109,149.4241973576497,155.95311886612512,161.20059404375414,169.68126143880855
2026-07-21,141.92935895410628,149.43378672833958,156.00711889887518,161.455220944516,169.74730087602364
2026-07-22,141.488495784456,149.55544646661366,155.83321430556794,161.58800634939556,170.00678615391408
2026-07-23,141.8480455375391,149.6864093826637,156.0466691183834,161.73743238140258,170.12688591276986
2026-07-24,142.26983131513595,149.8328008524359,156.11930561872416,161.98281476986116,170.76317111953256
2026-07-27,142.1061570000539,149.92628529020516,156.34642798044646,162.34738197810873,171.38889174646206
2026-07-28,142.29339526563385,150.1069571313029,156.73704723700735,162.44278272596125,171.99994759703583
2026-07-29,142.16077236223566,150.23133149301214,156.81481948632347,162.35363860569717,172.30433545956672
2026-07-30,142.10301801284672,150.4221313839481,156.82711248751247,163.01252520749466,172.7260202639232
2026-07-31,141.39565162590634,150.4894378948463,157.20150409846354,163.17500285383142,172.57156999244697
2026-08-03,141.41025231876884,150.38852569881342,157.559264362842,163.35593970652855,172.6250367055412
2026-08-04,141.461674145212,150.44076579650994,157.55338053162683,163.49813645092354,172.91497467355404
2026-08-05,141.54832607371083,150.46608794445214,157.46379563358235,163.61276420497796,173.09996245819354
2026-08-06,141.5275672378014,150.56668621942433,157.40354817227652,163.8386961398956,174.24388688167028
2026-08-07,141.04238305460862,150.5242627056646,157.57869339690959,164.3326512861688,173.8446320565138
2026-08-10,140.94333602595577,150.5492615829073,157.7457040160802,164.74829293015023,174.40054736161989
2026-08-11,141.37456452129672,150.84740511111386,157.82622374200668,164.96874117683623,175.14033145537923
2026-08-12,141.0891227881145,150.99765357258963,157.74237061858162,165.24054302429533,175.277547987845
2026-08-13,141.7398750303023,150.83312024215988,157.93478413548547,165.28658399560703,175.84595915391307
2026-08-14,141.41446284507495,150.92859935543962,158.330607893521,165.4032174254848,176.278655122713
2026-08-17,141.9489660313878,151.06781572251288,158.26133393267173,165.7123318626677,175.94680585468853
2026-08-18,141.59240147275054,150.73260586126935,158.25259964794196,165.9260730265495,176.60101721897936
2026-08-19,141.29728630917876,150.68938776375603,158.7259489893674,165.7994634646092,176.88523744491448
2026-08-20,141.2365803817893,150.85453098566765,158.78698786465662,166.2344445655948,177.2266827663628
2026-08-21,141.27478078048142,151.00095893937737,159.0206869459713,166.20103798885722,177.1667492326682
2026-08-24,141.31907522737737,151.36103394349618,159.2164197863665,166.6923439244138,177.77918741380813
2026-08-25,141.7219900455614,151.30606808922025,159.32526830435404,166.70734201122505,177.75972498233722
2026-08-26,142.06982339669628,151.25938348014355,159.55480507134678,167.0726724957947,178.5992949661901
2026-08-27,142.06026048073252,151.12645206634107,159.81067386630593,167.29338147776275,178.53636957302982
2026-08-28,141.9942395619863,151.06710380322255,160.07002793462766,167.5353943854003,179.1675969089592
2026-08-31,141.70287745194773,151.50350139229525,160.07149073537414,167.70675445188158,180.17703675509054
2026-09-01,142.17365297127674,151.5000850801827,159.93659466218367,167.48858123149796,180.17294403376275
2026-09-02,141.7471854925694,151.8129612946738,160.0328945135414,167.6787885198441,180.6980115432662
2026-09-03,141.76697292730708,151.79255731170875,160.26155720298232,168.12927924198323,181.4035229241708
2026-09-04,141.6045419013247,151.62064299996842,160.2759696154183,168.12063618705844,181.65198145216084
2026-09-07,141.53219179893085,152.0056772282813,160.64436778275683,168.1035797629475,182.5789838575685
2026-09-08,141.58679280912784,151.78556733879535,160.56033107819215,168.27638639777197,182.22389285593906
2026-09-09,141.46432396735372,151.95937063384756,161.16467613506524,168.7036142459779,183.02893850974584
2026-09-10,141.29234161176933,152.05166968623635,161.0388388089355,169.259138352638,182.70063171432193
2026-09-11,141.31641168404082,151.84231251373774,160.87373246527798,169.43131715226255,182.7279060626891
2026-09-14,141.08224518671295,151.92319620859118,161.1235974965282,169.53247267783715,183.03320492004642
2026-09-15,140.62182579036042,152.10848930938144,161.52312024708476,169.79206016747193,182.78611717018825
2026-09-16,140.66642572264934,152.29527995178952,161.74011573751912,169.79473217722568,184.3276167642714
2026-09-17,140.86661905090497,151.95099605588993,161.3036001307578,170.25014967888873,184.4272671677265
2026-09-18,141.01897584966773,152.09668402839375,161.58584421705956,170.245079447316,184.56773139894105
2026-09-21,140.824171747107,152.4437205630791,161.38084215618235,169.97067240732105,184.7461985742544
2026-09-22,140.63983346527843,152.65294246442897,162.02531398812636,170.43697228953093,185.07020921348456
2026-09-23,140.67640939444792,152.83588969618881,161.91515510433567,170.90281975447056,184.6949240478993
2026-09-24,140.38304876505245,153.00286018687615,162.25052412037692,171.32015407161725,185.6476419776717
2026-09-25,140.68072612083293,153.01186980473295,162.15387343373953,171.35608090659338,185.99380510024878
2026-09-28,140.62593138753547,152.91825979651273,162.38535608260614,171.77854386285478,186.14382938673475
2026-09-29,140.85263255293907,153.2815195629065,162.48731270620587,172.4046410532099,186.55486733411428
2026-09-30,140.84667140493457,153.37261804999122,162.63609799584384,172.56197169085596,186.7632788442778
2026-10-01,140.44591725102964,153.2767932032196,162.72037153045468,172.7570152875362,186.63327200774413
2026-10-02,140.52400075401607,153.55274654674832,162.4952293842417,173.16585867181078,187.98286503495422
2026-10-05,140.65328149561134,153.48654010407472,163.03049943467346,173.08571343264728,187.82409595609704
2026-10-06,140.56382845572088,153.54006903949053,163.0576293502429,173.14829529495353,188.4261078719968
2026-10-07,141.2668952961869,153.56155755021155,163.01074126978136,173.24908737568907,188.57823044846904
2026-10-08,141.61536240296905,153.6628480292229,163.16829532649905,173.43105967270017,189.2334546238754
2026-10-09,140.96453350382023,153.92522141169513,163.40070089939053,173.31279278919953,188.85785884777033
2026-10-12,141.06881549674816,154.2101683277861,163.79621764007868,173.47372166845057,189.52321721247222
2026-10-13,141.46589003602415,154.1719869319871,163.63885507523975,173.85981968085818,189.46771041416824
2026-10-14,141.45296971140667,154.09033679242344,163.6667390714091,173.88667862044082,189.62968773896412
2026-10-15,140.90400316511762,154.353223631903,163.68783828455082,174.35240109287474,190.54159477978848
2026-10-16,141.49644207088187,154.27003538910068,163.46026693205675,174.6096587752207,190.17043618650476
2026-10-19,141.24074956730908,154.2467818552493,163.98068117115523,174.456346229004,189.710261573401
2026-10-20,141.50777601978842,154.48088536347552,163.94435035989213,174.8959780986549,190.42544266512107
2026-10-21,141.5730233668734,154.33020816023077,164.12452114788022,174.98799832979947,190.5405256899359
2026-10-22,141.13514088079918,154.6783642696086,164.215888371934,174.7698766321165,191.64812862818718
2026-10-23,141.8313134877815,154.80702740288874,164.38130237170665,175.16588845213784,191.4955666921553
2026-10-26,141.38465916767808,154.94417591082095,164.4661428543236,175.17126365442937,191.75289256260092
2026-10-27,141.73268803787457,155.0776446292176,164.65071088559299,175.82356672265894,191.86912066679483
2026-10-28,141.73855612343533,155.29247157742773,164.86479534779613,176.45107663239827,191.86799840519737
2026-10-29,142.2564426265328,155.20600044904842,165.34091009357175,176.39970469197834,192.2318781914289
2026-10-30,141.98966887702835,154.9416307113368,165.3325081624306,176.65090087564118,191.96002986895044
2026-11-02,142.06765421586323,155.28224803513257,165.536262523394,176.57551717186783,191.86126731471884
2026-11-03,142.36080380625918,155.46555636412938,165.1949428394049,176.62738136592955,192.69946287953113
2026-11-04,142.07424357548956,155.60552639435844,165.85078807094237,176.9208638582074,192.92237541655558
2026-11-05,142.65152267110037,155.60668740856127,165.88599200032672,177.3662383043865,193.47139824983992
2026-11-06,142.36559930122993,155.13798142258332,165.94115784031393,177.22716679180022,193.56968587591624
2026-11-09,143.08197798612255,155.19306771291008,166.1593800469886,177.93612790529232,193.99150193168717
2026-11-10,143.03213626927027,155.2152957322103,166.71529609121097,177.67054310934458,195.26787092974254
2026-11-11,143.53685339603314,155.34533800406786,166.81566566567494,178.08816196887918,195.53835114650133
2026-11-12,143.15696171672155,155.32113206096648,166.92965220606962,178.35728841033506,196.09394051039197
2026-11-13,142.91296711718422,155.56382344080336,166.9885239535336,178.43507667942376,195.0575132136753
2026-11-16,142.84269718836904,155.66200229886698,167.0710381252872,178.7200563439319,195.2598297485241
2026-11-17,143.1681293534182,155.4649506839487,167.49002127482106,178.70930940941918,195.96633590668952
2026-11-18,142.4168630615365,155.36557412238403,167.14775262095122,178.89425168673648,195.58536193561824
2026-11-19,142.3511601751186,155.32318847622446,167.6241243534995,179.08360180584737,195.17244360437684
2026-11-20,142.526970915759,155.12893420982726,167.75974005106355,179.54015475276597,195.4692493857387
2026-11-23,142.4994634535436,155.6709604342116,167.7950139056236,179.76155794544474,196.20903391357942
2026-11-24,142.7595076695945,155.6631126518065,167.9182584289661,180.102030943607,196.40780847942145
2026-11-25,142.57523297045802,155.4941186617348,168.08277828592162,180.01419964426367,197.2041448459963
2026-11-26,142.95152602639112,156.1616251370052,168.39436439140118,180.27582086969494,197.69388915979673
2026-11-27,142.95070512904542,156.2071694539045,168.20932999321872,180.22327293864095,197.27811734916997
2026-11-30,142.93594197969156,156.08961950433408,168.59656326023634,180.90945822104413,198.56719696925407
2026-12-01,143.54930617565967,156.08991929055452,168.39295627903005,180.87157179045096,198.24689463278276
2026-12-02,143.22621491093958,156.24091204119128,168.5566386456453,181.04937153857486,198.2924173834826
2026-12-03,142.9245096365573,156.3596296588414,169.196436959155,180.9994366981959,199.22733607932386
2026-12-04,142.12856661095532,156.1567588140472,169.1069811422355,181.21200306737785,199.48378895859747
2026-12-07,142.63280015078809,156.25022322965893,169.22674853073846,181.6196336159461,200.09551356396642
2026-12-08,141.56520788817411,156.6033261246273,169.56635814192987,181.7350686297545,200.00065344441268
2026-12-09,142.40044470267154,157.23330483602422,169.970599116029,181.88400057395756,201.07544461895804
2026-12-10,142.17468859192468,157.2870290931474,170.12148000211724,182.0708563032179,201.14584719518177
2026-12-11,142.29797062080104,157.32283706520852,170.04707764328572,182.0037845161613,200.07503603264786
2026-12-14,142.577935732604,157.34522704306687,170.16160956517285,181.85431092660764,201.20764862292629
2026-12-15,142.15659739511833,157.59538775728402,170.28713578865242,182.18329702906408,202.4246069694691
2026-12-16,142.8260832953208,157.62643295621015,170.27928358880135,182.5905015673015,203.172370845653
2026-12-17,142.4954879629797,157.91076711927303,170.25344594804116,182.63111262144918,202.8836400188884
2026-12-18,142.4456124833926,157.71921282567422,170.2713048333186,183.0149739130444,202.9703100213102
2026-12-21,142.5661074394347,157.96240877996695,170.628767336473,183.11379137933142,202.88835737472948
2026-12-22,143.36493175911568,157.87759438548977,170.31655933187963,183.23583108860672,203.4039879642626
2026-12-23,143.21880216819585,158.16168604948217,170.786357365348,183.47534605598634,203.9222655338288
2026-12-24,143.36672448791137,158.62792711809647,171.05354657332708,183.72253121358108,203.70752734023654
2026-12-25,143.2177823906033,158.25043646140645,171.16457882168635,183.63142053763005,205.1762723401156
2026-12-28,143.2388244167033,158.06273214265156,171.43655933268886,184.0335680730825,205.69835072206573
2026-12-29,143.59470425111033,158.79452183139261,171.41613650507995,184.2789425321613,205.46957788711768
2026-12-30,143.1274891544816,158.62134665373986,171.3057848303432,184.26754686587125,205.83178270049362
2026-12-31,143.30198135357236,158.21124859116782,171.68474452935567,184.3717340161346,206.12176125930955
2027-01-01,143.6728473816169,158.61661998603273,171.72202875871045,184.83236101980697,205.4115631190261
2027-01-04,143.32802759419042,158.94506634581165,171.95609197546327,185.50544004223616,206.1014918791808
2027-01-05,143.1636744914971,158.93998262420305,172.01541556757576,186.1324465492584,205.87728493001117
2027-01-06,143.1311698944465,159.11273412376153,171.94196351479133,185.68442709404417,206.64584456611522
2027-01-07,143.21605287104805,159.17305395204636,172.3478785063951,185.93267030354264,206.40038167269802
2027-01-08,143.52781967376902,159.24758920158607,172.29933442571206,186.03458309976304,206.7276234091643
2027-01-11,142.50104488913166,159.17885991842704,172.5967177175395,186.29375608277104,208.00593395229228
2027-01-12,142.96160990927677,158.75961093055287,172.7237902013929,186.36460055746386,207.64591185246664
2027-01-13,143.53546068483868,159.3261513865794,172.76203041523345,186.7321085762262,208.8351175048533
2027-01-14,142.96476137747422,158.92990407333266,172.95758870444638,187.02449606689464,209.55070134298862
2027-01-15,143.14028352243287,158.6734028528267,172.84684997330382,187.39569069009173,208.95914791471546
2027-01-18,143.23007339680248,158.99637783578675,173.1359025539619,187.42659700620175,209.62185354808207
2027-01-19,142.88010055965498,159.17776537216895,173.48602683892153,187.43155051655137,210.28516792887018
2027-01-20,143.19155559193663,159.3866242698901,173.3814552565762,187.76135299722554,210.403073901571
2027-01-21,143.3211283933624,159.2531270702957,173.42690732280175,188.283969469187,210.82373077387413
2027-01-22,143.20125300305418,159.5059317839142,174.0735590895784,187.79771347281226,211.4147428948936
2027-01-25,143.88173782015187,159.17580745420867,174.0001266319416,188.15162322779372,211.79885872950322
2027-01-26,143.78175159081093,159.67603617990972,173.67535101465,188.9344833863267,212.09999754609646
2027-01-27,143.43898849557138,159.9268388336736,174.18740342832706,188.91640697552808,212.73111131224215
2027-01-28,143.2338774435522,159.64215815117598,173.8865527248351,189.36407324247625,212.75559667567777
2027-01-29,143.92424004677795,160.01368578619312,173.95723476003488,188.97513041591213,213.46905730371915
2027-02-01,143.55729249459048,159.83814600945013,174.0185019682878,189.3502191564762,214.01983743137833
2027-02-02,144.4571276757491,160.14247804240935,174.37144212279523,189.33829500183987,213.01616151751622
2027-02-03,143.7877683889164,160.05479037508542,174.8418202659943,189.4802923272873,214.00710827649144
2027-02-04,143.67451114710516,160.23582957138268,174.87410369206867,189.77963791093896,215.26413476933791
2027-02-05,144.05064268970597,160.35883418861042,175.00125576656478,189.71387390550984,215.03838873980666
2027-02-08,143.99089584170906,160.44443700200347,175.47846512352203,189.63533263711238,215.22316331795056
2027-02-09,144.83645194950785,160.518013332791,175.3188688053313,189.95143611067166,215.15891385324184
2027-02-10,144.32106410453343,160.81975866246495,175.60052545043567,190.35703475424208,216.60312625389835
2027-02-11,144.14847969414294,160.62255243690717,175.69573977370214,190.36573647421835,216.4704305417913
2027-02-12,143.88514951616452,161.2075880114187,175.68677536239392,190.6697185766922,216.94734959025894
2027-02-15,143.8153884006946,161.62222248859533,175.69778725719613,191.02833862900792,216.48171800738024
2027-02-16,143.7968913979109,161.36754602703647,175.8318142124046,191.23587632550095,216.34832150178792
2027-02-17,144.35609829930235,161.2634367540696,175.8994958382513,191.53754645776635,217.6126255931554
2027-02-18,144.0519213107512,161.28171049608935,175.93024973086833,191.80102293564022,217.3072144380546
2027-02-19,144.4294601065599,161.62176958010312,176.25731585696263,192.4401787626434,217.4013634995556
2027-02-22,144.44039903295246,161.31247946208092,176.72924989287077,192.50801506800963,216.5879724202624
2027-02-23,144.0348356909494,161.22939002170045,177.01098763735683,191.72637122457036,217.1894978722834
2027-02-24,143.95570326630988,161.95445901254368,176.6758133647454,192.59426873543742,216.82545634290005
2027-02-25,144.25746345766885,162.00816536424497,177.12232586361364,193.1651876997982,217.3415671263297
2027-02-26,144.87786802664226,161.72873202859176,177.1906772940463,193.23845990281657,218.52054121598238
2027-03-01,144.58187063317035,162.29302048519958,177.60261258174262,193.54135181272483,218.81446454940573
2027-03-02,144.43559686367846,162.07911037212924,177.88163515260692,194.0718621839581,218.77718632233928
2027-03-03,144.48999633340404,162.01415338278187,177.5867718881667,194.37671294752417,218.89750220138657
2027-03-04,145.55095561672871,162.1172114296382,177.9120211302798,194.25482177346075,218.98558370460898
2027-03-05,145.16504176969627,162.06154571767328,177.79391923575918,194.9153073448448,218.45709064396542
2027-03-08,145.60649641960703,162.43621476640016,177.6881661696177,195.37250797844177,219.34369510086663
2027-03-09,145.33022883552823,162.76829686632342,178.2818396479911,195.15889619265664,219.3750306285935
2027-03-10,145.01324348079433,162.5105449908575,178.5529176900216,194.99609270696226,220.06733455829252
2027-03-11,145.28338614550736,162.8676301507478,178.84981567743597,194.5748580632811,220.05319038797813
2027-03-12,144.5079309733928,163.0298215834306,178.72681991676848,194.990298271097,220.70644481039264
2027-03-15,144.8092671836986,162.64216425067372,178.85129704036086,195.25150737578048,219.1564502284581
2027-03-16,145.4251664994064,162.7253387723678,179.01043044876178,195.6032621703088,219.83576022937615
2027-03-17,145.46613353542048,163.37251371530706,179.30345881865045,195.77587944864598,220.45458935453237
2027-03-18,145.60444212754044,163.62528702984932,179.58456314002393,195.94987648208692,220.99629094449747
2027-03-19,145.93874580292484,163.52779548794985,179.47626247009555,196.00536942904392,221.76499747191946
2027-03-22,145.85133632646512,163.54050618119462,180.1362409855558,196.31544078415976,221.55826767311387
2027-03-23,146.37359463837456,163.32531708394382,180.39780779347547,196.15399914068294,222.9868776289248
2027-03-24,146.44941343664644,164.22836493761778,180.28484594104037,196.4023205725872,221.98119698411034
2027-03-25,146.0180327439236,164.11017606576843,180.33374945944573,196.465326860517,222.50250170779896
2027-03-26,146.00659142977545,163.7667532704731,180.19675347465937,196.57830668547012,223.8510254466387
2027-03-29,146.03862637245538,163.8105375058626,179.96029268056145,196.770441229011,223.65781539529465
2027-03-30,146.55892436133868,164.0075092228916,180.01463367192974,197.23570783613343,223.90196701191903
2027-03-31,146.2223468508545,163.69257338683335,180.13057207970763,197.22053972755603,224.202755143489
2027-04-01,146.10789368703914,163.84436101622003,180.50372743571404,197.9203709686867,225.02740839781805
2027-04-02,145.53378652981226,163.9153198056265,180.66223199121984,197.65195947859576,225.29262126841934
2027-04-05,145.6853950807207,164.22062135557223,181.0523843728367,197.89607929128104,225.40093916322516
2027-04-06,145.4840634159003,164.6175624181546,180.9133609148165,198.05824887079586,226.5746717495513
2027-04-07,145.78767541377917,164.76254901107774,180.8372172784413,198.3940832178461,226.7232417609686
2027-04-08,145.36898184616388,164.5795460324871,181.37947745892666,198.25502672890184,226.63369710493674
2027-04-09,145.41698317155715,164.90738521011042,181.60693278802654,198.3101654164829,227.53385446818737
2027-04-12,146.3869917238162,165.04326584246962,181.7170460286177,198.61627949088395,227.94437641673383
2027-04-13,146.26579698656863,165.04297675253417,182.29310134970413,198.5320895901721,228.58714020792624
2027-04-14,146.31005549230122,165.225169107433,182.63108845339974,198.52104634174114,228.62460625686234
2027-04-15,145.39230783774917,164.91501142423857,182.66053986957598,199.4221860938795,228.01887996761633
2027-04-16,145.56306053473193,165.10376606986392,182.7057125289323,199.7650779719089,227.90610774197472
2027-04-19,145.77061944044235,165.4517026045764,183.01278574689454,200.22345458705365,228.8372918393905
2027-04-20,145.63318750089488,165.7821175911105,183.59872345960457,200.75862877553743,228.17926041496656
2027-04-21,145.04113610804671,165.48346119228023,183.62063663968257,200.76387182356567,228.9845286469225
2027-04-22,145.2827984989,165.45796955411635,183.68492169332018,200.2434064985685,229.80422547593184
2027-04-23,145.67072982880103,165.98623187104184,183.26299170417673,201.0325469590461,230.46558903440865
2027-04-26,146.01907734674205,165.90191223561658,183.57968093492022,201.55420846148797,230.58739385222307
2027-04-27,146.0905327030474,165.74934201088254,183.74363026652765,201.83308098925937,230.84686896606203
2027-04-28,145.52972964244384,166.09288081163953,184.10771743260955,201.70793024551097,230.35169078707767
2027-04-29,146.42072392601673,166.56133305495123,183.83886117074474,201.76731161943243,231.63455658523088
2027-04-30,145.89168577106028,166.15458788473603,183.80875785964463,201.9961206979035,230.84129178772884
2027-05-03,145.5924830680303,166.04190518633504,183.91438351595275,202.34752894317913,231.22000371587495
2027-05-04,145.38940844670807,165.8226554966473,184.1264133022782,202.63635426886322,230.91135190035862
2027-05-05,145.97262900861855,166.0358649409653,183.9908466941326,203.28837683720678,232.28347614028644
2027-05-06,145.5920405212132,166.2663457689444,184.41888313146276,203.14003890801303,232.8137179610298
2027-05-07,146.4949867098526,166.27879579248108,184.5252888526647,203.94764348857552,232.2511983947619
2027-05-10,145.71093650303948,166.44425652224916,184.61609623251542,203.482784888855,232.2121565408002
2027-05-11,146.34990284862096,166.78490191379677,184.9620233236077,204.26837955260532,232.45537487636525
2027-05-12,145.94705542718918,167.17201754583292,184.89756078737145,204.27952801524458,233.3827852701069
2027-05-13,146.4029344706609,167.01099778525713,184.76916790570277,204.32805863780584,234.4741231731275
2027-05-14,146.32891061355247,167.02796848523346,184.9659524086863,204.3385804783116,234.18524105309396
2027-05-17,146.66625177669417,167.3934629904094,185.3246407642506,204.4674511471256,235.42526923925374
2027-05-18,146.22680170292622,167.69608086678952,185.47198742675332,204.10846110617237,235.05524590826516
2027-05-19,146.31893120443104,166.98580000012328,185.6438261119868,204.41963917723052,234.9347701364713
2027-05-20,146.5468237985138,167.58709392075494,185.70977069534422,204.58964816181305,235.5042473383266
2027-05-21,146.36456261818984,167.72704838107236,185.79050031375067,204.76417626467887,235.6102224444751
2027-05-24,146.0556959103932,167.30837374841803,185.72790699777204,204.73316607256453,236.97889443307633
2027-05-25,146.34716411965056,167.45286389611763,185.6836600784024,205.08230315011195,236.54854186948606
2027-05-26,145.74353449254917,167.40373778558836,186.52582674218988,205.38903956050802,236.65182509423292
2027-05-27,146.16923846937163,167.77203302176525,186.81306568205736,205.46294115530418,237.1566452072585
2027-05-28,146.74239847877232,167.5088372185518,186.6386699772485,205.9396421038208,237.7097534883404
2027-05-31,146.97801142598294,168.05031408921258,186.90409725585104,206.18969940781926,238.00694419220835
2027-06-01,146.96586534731418,167.99610316485266,187.5202162364581,206.19209585088063,237.80853704378285
2027-06-02,146.81275223972264,168.54003533727285,187.78292956140098,206.54259987530682,237.55443404229024
2027-06-03,146.93547706523637,168.4971512498007,187.69805351035365,205.76033873530946,238.9288363998252
2027-06-04,147.07354736478922,168.4967098589873,187.58945222542621,206.72074714182196,239.1253365886323
2027-06-07,147.25737328191514,168.65947190572408,188.23106373260194,206.53760139824624,238.96522767199355
2027-06-08,147.07829450216747,168.69533053518018,188.6447410265418,206.42532827009427,237.7092598282726
2027-06-09,147.42348729551108,169.08010667333053,188.68697154180427,207.2230183829609,239.0274969680108
2027-06-10,147.1469054116669,168.9268430691623,188.6104440754885,207.53133479147624,239.60106003364294
2027-06-11,146.76867773154856,168.94255278456276,189.25951215853803,207.76320124497477,239.12077062973765
2027-06-14,147.32268567145945,168.96904199092148,189.29904432388614,207.803991479704,239.14713027691099
2027-06-15,147.60249232249978,169.01232504568162,189.3564572351288,208.35815967107962,238.767720345215
2027-06-16,147.5271305225505,169.1597590476182,189.0587922082545,208.80579899378736,239.4846708321953
2027-06-17,147.2414273505762,168.90838384617794,189.4585922754992,208.93689819949606,239.37119814154863
2027-06-18,146.82870487872242,168.94605517908772,189.93765033846265,209.31613821525522,239.7491310710986
2027-06-21,147.676819334557,169.22067145113098,190.50263074164073,209.4520430055933,240.477597264306
2027-06-22,147.73055219726638,169.28384302870518,190.2463063795884,209.89883291675272,241.2430462077565
2027-06-23,148.1306518476798,169.38806864586192,190.0678050962618,209.63655278008076,240.97270414024118
2027-06-24,148.20775009169765,169.3399886841896,190.6128835504717,210.321666576574,242.8822075438924
2027-06-25,148.86131738752115,169.59637882220503,190.23579734217435,210.72071220671654,244.0902373737608
2027-06-28,148.5456410960145,169.8805144072848,190.9296698401918,210.87184051490038,243.63266684384615
2027-06-29,148.97920188003127,169.8780698130602,190.8885407920816,211.45968173967276,243.48646668066348
2027-06-30,147.9487144495416,169.62072556972086,190.9872020289338,211.41153566050593,244.3916816734308
2027-07-01,147.62900794125838,169.70960981952817,191.07191786947996,211.42412853241396,243.430760604945
2027-07-02,148.66061804398618,169.66647585177301,191.40356205133014,211.8896068526368,243.7703615027391
2027-07-05,148.68644358597714,170.07874222294555,191.79186515124616,212.44092593826542,244.16927583406473
2027-07-06,149.10345046838034,170.04017320978383,191.4117775441414,212.79173999552967,244.55287327132356
2027-07-07,149.54474469164253,170.7904955716724,192.16980809330065,212.61008981687795,244.41001566584012
2027-07-08,149.75879791161555,171.0815300219204,192.2957002515305,212.70228039987086,244.79958726838348
2027-07-09,149.1930284865197,170.90537978096887,192.344133645835,212.76544597379595,245.45998795591606
2027-07-12,149.2979254804236,170.89937872512547,192.98112664615147,212.72416187499115,246.5785754537325
2027-07-13,149.47498307192248,171.47002812501836,192.78257591777424,212.88926173691422,245.89389039710142
2027-07-14,150.1107968186848,171.48061140174588,192.92580875632086,212.90199232492256,245.79201349107902
2027-07-15,148.67228277441546,171.52654413391295,193.26508759766483,213.32415593450872,246.46243314716932
2027-07-16,149.01701661994863,172.08591659617355,193.27952625237185,213.33653847901726,247.0253868066758
2027-07-19,149.00027451335313,171.87694425742507,193.21430132773816,213.44726537659835,246.80625677181206
2027-07-20,149.7358628988637,172.12077222779442,193.3266767647226,213.6819545872358,247.50643575070595
2027-07-21,149.38657820687274,172.12557678283886,193.19679105940028,213.96460834456383,245.95778545838002
2027-07-22,149.6696091874231,172.03003052145993,193.28896266109496,213.3691679380326,248.08759312702745
2027-07-23,149.44276201130566,172.42148455109546,193.30470830624617,213.7364474572225,249.29864649847576
2027-07-26,148.73085747901712,172.52735798286423,193.15996357841436,213.8070525022555,249.96553899818213
2027-07-27,149.2331505256594,172.5607142532603,193.4112264958196,214.4543015760864,249.92882383908994
2027-07-28,149.21756634024138,172.78859322617663,193.25848781067924,214.60499514577074,249.62910362190232
2027-07-29,149.74137934520246,173.03006698466942,193.7041583642286,215.19070529778713,250.08315116393976
2027-07-30,149.30273822013254,173.48320164708406,193.24840144577536,214.83486762523182,249.96071927066393
2027-08-02,149.57422450106117,173.7625027725025,193.34995011885061,214.8006889286779,250.16555035225704
2027-08-03,149.68817645236595,173.75016597717917,193.76281541419732,215.25652427319997,249.86487856807446
2027-08-04,149.1886344112506,173.78638004059218,193.75560313622213,215.26297044615836,250.30359313315031
2027-08-05,149.69382949595396,174.12013716339843,193.86399929463462,214.9995975062076,249.3326858410559
2027-08-06,149.77493665484923,174.11791912566713,193.81066949128922,215.6561240190698,249.2513234888473
2027-08-09,149.50720102480213,174.98269092849893,193.78356473563207,216.3107060595961,249.8373921410377
2027-08-10,149.3804333649013,174.9882190040588,194.26733544788055,215.72410034151233,251.36261213947571
2027-08-11,150.09367283198054,174.56762887315122,194.34551472430888,216.28048837895182,250.65671504371542
2027-08-12,149.78960417324257,174.46373772625225,194.58821318320298,216.9164521565081,250.4816835749936
2027-08-13,150.39741302955719,174.41766498908666,194.3508618585962,217.2944568236164,250.51120555751663
2027-08-16,151.2323029197062,174.4751607627611,194.48532975552484,217.48672468754833,251.23412603875337
2027-08-17,150.8737526301687,174.38608739166813,194.74902699467884,218.02345491852842,251.1718356856299
2027-08-18,151.128859978385,174.25895842775546,194.8852465360983,218.0661490713258,251.2521593265982
2027-08-19,150.73954166182665,174.16610347793647,194.9014371276735,218.57840996877596,252.17418104820607
2027-08-20,149.74969538928758,174.41640127061015,194.22059904335782,218.86493899847028,252.41663505426422
2027-08-23,150.53157276800817,174.87391891159936,194.82912048942197,218.7215822806894,251.7845330414209
2027-08-24,150.4414477215545,174.613062884804,194.99426524917627,218.54431453391337,253.4005824732279
2027-08-25,150.50272540064165,175.19092595494644,195.37564240340487,218.8128362253678,253.4052311644481
2027-08-26,150.8509577068003,175.11468535260173,195.87224918065738,219.1336642880917,254.55395301085667
2027-08-27,151.49283152816434,175.5188322510681,195.95812453819485,219.19730930323124,253.99163121526925
2027-08-30,151.68525390187625,175.48757636329756,196.26541448335573,219.1195305967743,253.31883130918814
2027-08-31,151.3513857538213,175.71075618038918,195.42146596973066,219.6078925227382,254.19083945188416
2027-09-01,151.78675726584532,175.63689679558053,195.98750658004246,219.3185234035276,254.723943773837
2027-09-02,151.42025874360667,175.5584651236297,196.01025957630065,220.07687667241134,254.84946337645908
2027-09-03,151.59413673811247,175.523376209914,196.62012227556318,219.9981370662649,254.9172058486595
2027-09-06,150.54696642963808,175.81461381796385,196.40571243613434,220.42306633108413,256.4992282651036
2027-09-07,150.87269011081526,175.85996909540842,196.54424831749884,220.84702768653688,256.288912994284
2027-09-08,150.09026112997498,175.8343238605844,197.11366305114962,221.24898413333727,257.8619733141133
2027-09-09,150.1357296073443,175.70993301250752,197.20047323150766,221.14897046519255,257.9233847474409
2027-09-10,150.09316518224267,176.20188274254875,197.5212789508886,221.08210315236084,258.30113462807583
2027-09-13,150.42307303116928,176.10480772824468,197.60586425652957,221.5407969148925,257.5700762382499
2027-09-14,150.51702496507878,176.3141486556837,197.46648545560407,221.29925751110437,257.66538885211776
2027-09-15,151.04170428910257,176.99503403479292,198.2100836406387,221.82972959676934,258.317463112809
2027-09-16,150.97592171270514,176.54637196358502,198.21694806309188,220.89644632099925,258.40939609194015
2027-09-17,150.50887087325933,177.08838469962086,198.53881900472922,221.5651416415419,258.14960345204616
2027-09-20,150.11650706916242,176.70251721622142,198.64107681712613,222.10894026659753,259.3246591009481
2027-09-21,150.64692273975805,177.07340411316474,198.66468424185723,221.8624674443252,259.9970553377712
2027-09-22,150.1869047523187,177.4740232367701,198.08123155283528,222.4192956863294,260.90602937246126
2027-09-23,150.2319794969028,177.10758097892463,198.4453815924631,222.78388039420992,260.5070881384008
2027-09-24,149.7851974777316,176.14344452702264,198.70313884311622,223.31251533329709,260.90300433790276
2027-09-27,150.5399290514442,176.6372574878885,198.92960853917083,223.40935030104617,261.00018414880395
2027-09-28,150.2307805520704,176.05518152025354,199.45783547758967,223.30229612917395,262.31591274145256
2027-09-29,149.45303935386158,176.8405899611,199.4476549923678,223.09268440296455,261.90629018485953
2027-09-30,149.83375023548845,176.63700144636064,199.68392544662595,223.55533633449295,263.344778450488
2027-10-01,150.19384808914322,176.55589934967708,199.81353240196876,223.81512760017196,264.67479112045373
2027-10-04,150.84177868574082,176.9051963245393,200.03255881865408,224.15915257764667,265.2202617476958
2027-10-05,151.08807867972814,177.29143538406515,200.37701571188472,224.13226120247703,263.72976574167654
2027-10-06,150.1513424454031,177.57874131364588,200.57640319409433,224.89761947335205,264.25507600719163
2027-10-07,150.96337904612434,177.66586564772604,200.59666464830175,225.43734408879484,263.8827117395732
2027-10-08,151.56685331022413,177.44312182097198,200.76800471280143,225.43104718892275,265.6064843746366
2027-10-11,151.8171765503969,177.65300338851955,200.2982356082731,225.40285635542367,264.898048727114
2027-10-12,151.5977087978005,177.46907650074024,200.84333613184828,226.08344768542685,264.527073706712
2027-10-13,151.87985232908764,177.77060324034005,200.4386377627811,226.47147708283507,265.0185426000212
2027-10-14,151.9941956223191,177.836424021235,200.70793179906016,226.11781687521813,266.44921938666533
2027-10-15,152.56915813319526,178.71962211644495,201.08533080053718,226.52088838560474,267.2668414910009
2027-10-18,152.40238871458914,178.6670869863234,201.73498307716056,226.81645768158253,266.355600885074
2027-10-19,152.34666331106024,179.74175958674385,201.7180714208961,227.0257647259806,266.82865009059935
2027-10-20,151.80034515406723,179.38667855878646,201.99901019798625,227.44444396261719,268.0809229187071
2027-10-21,151.38518883703986,179.5418050322859,202.69709951189967,228.3064886771711,268.2602926813838
2027-10-22,151.67921091920073,179.38565101076813,202.32480947384573,228.46281654736603,267.9391852123722
2027-10-25,152.28372679276035,179.82162493378706,202.05870043617784,229.2265266089855,268.2572057596264
2027-10-26,152.3534695103239,179.83011993657226,202.72963027040882,229.7129143084552,268.99939901231954
2027-10-27,152.92836487475194,180.31613910070547,202.53995092346742,229.40553340507506,267.1594448442348
2027-10-28,152.65122796570586,179.87450174045173,203.10788541887825,230.3408633185286,267.9661239996419
2027-10-29,152.83515042251346,179.9683327326413,203.29374420076485,230.57733771941815,266.90744301549023
2027-11-01,152.91448909977106,179.76517348261604,203.301547171579,231.4359406754097,270.05983049460247
2027-11-02,152.7615237657178,179.83202477184247,203.7214092840015,231.3697615988052,268.4618096608911
2027-11-03,152.34266747270783,180.4743887010543,204.52964243636137,230.99597612104924,269.58747239335645
2027-11-04,152.60571632763214,180.4867237140764,204.22898203918638,231.2337591311125,270.23308702651855
2027-11-05,152.81920652744296,180.60905559203857,204.23879095548648,231.12793101167364,271.2710864822486
2027-11-08,152.6634935735475,180.38248599846702,203.95202709497534,231.73994175342452,271.4115236235577
2027-11-09,152.62631851086624,180.3099502257442,204.24516650745414,231.9294339032874,272.67803109909624
2027-11-10,152.45532264158953,181.42145100432094,204.05889368210217,231.9240293660626,272.19814219693507
2027-11-11,152.5138277501404,181.56257765106068,204.676546411483,233.0492081724675,271.7434287937369
2027-11-12,152.85905424090555,181.79512526173227,205.62120906416766,233.10414810829715,272.82849504200664
2027-11-15,153.82369286855177,181.27913210486253,205.10657079918525,233.6209449169118,273.5084016385639
2027-11-16,153.30403453839767,180.97664232466138,205.34279734455242,233.54158054590806,273.03759621669116
2027-11-17,152.97179192935556,182.38681523218497,205.81037273566383,234.16661021469,272.6451337749953
2027-11-18,152.5580894206465,182.03294059549017,206.8116720518915,233.920506027589,273.3232436130134
2027-11-19,152.97035321132884,182.84683918177382,206.35901740235352,234.38403674261303,273.0877005586752
2027-11-22,153.11818230865873,182.97901865854539,206.69320870701765,234.83642820917328,273.11529727999414
2027-11-23,153.504924732802,183.38507421867297,206.96535585044688,235.05449388502234,274.192819961949
2027-11-24,152.51667229777902,183.04709135158964,207.32330142151093,234.42241603494324,273.5869601180195
2027-11-25,152.9967975383427,183.026452375067,207.53831404189387,235.0341711809431,274.548666835447
2027-11-26,152.84342219549475,183.0471916212044,207.29295328162385,234.2368128715753,274.81535218456156
2027-11-29,152.71371578632017,183.20472079201943,207.64071522524273,234.70001777753407,273.47302064485734
2027-11-30,152.67803053362599,183.10800461812914,208.0099286581318,234.15191281103,272.77105078961125
2027-12-01,153.13651454569643,183.33889910467306,208.4586253982584,234.88717468586492,273.81537101790167
2027-12-02,154.0690663907143,183.1255522523458,208.62574763880235,234.8357991544304,273.4089962839383
2027-12-03,154.2260524010381,184.27187868831112,208.5011598863543,235.01607047358334,273.82347737823886
2027-12-06,153.26967105716852,184.06210100549046,208.5692535744323,234.82675379624186,275.1537123608594
2027-12-07,152.72917582010368,184.15048156124962,208.66819397664085,234.98161961099282,275.99960028443064
2027-12-08,153.72570738588476,184.093895823752,208.68893002360227,234.8595205252415,277.9827068174739
2027-12-09,154.18655176947973,184.01854540566137,208.8772438186131,234.70518521183504,277.18350774752986
2027-12-10,153.5531535096764,184.05063670619006,208.53427186283028,235.46951067688693,277.15586624446917
2027-12-13,153.95880847859038,183.91635386459362,208.8567602175168,235.9471222402556,276.6337291665763
2027-12-14,153.60205779772812,184.3860137121131,208.62883917897412,236.80739963337965,278.1877572318759
2027-12-15,153.5782995211605,184.49424742453513,208.40441474117705,237.16578641344762,278.013114890404
2027-12-16,153.90512399303748,184.9716679857263,208.73985323682768,237.1873224095946,278.5293964973451
2027-12-17,154.37903693556223,185.79375571882946,209.619723722814,237.74014111565788,278.1562032714776
2027-12-20,153.93842276962198,185.2604322620995,209.02753175717933,237.3091969188921,278.4580638021993
2027-12-21,154.13453352422238,185.67833077542988,209.40579591558244,238.08285431110582,278.91281429529556
2027-12-22,153.29989543543945,185.2056967318953,209.20914739394235,238.72335457102062,280.54737614302826
2027-12-23,154.05322500652684,185.10122861667915,209.65680362586727,238.70292008451756,282.00077825384255
2027-12-24,154.15498589601,186.1206420172121,209.98098625941464,238.84697855857277,281.09113156032043
2027-12-27,154.59192298356348,186.1349488495488,210.32018230393282,240.00069200622815,280.7666889624748
2027-12-28,153.8409906463888,186.0517116788185,210.89037107471057,239.7320248825878,283.13578848664287
2027-12-29,154.97902682560738,186.41429011435002,211.18825008926558,239.63734707726036,283.16002434615154
2027-12-30,154.6220564656681,186.19581711198518,211.63804870397865,240.1694265452668,282.59344874500744
2027-12-31,154.592844655727,186.22316057893389,211.72700588127194,239.7648124778592,282.84387763920154
2028-01-03,155.5069393065041,185.93122745967355,211.59135209553364,240.12084777676745,283.03042049655
2028-01-04,155.77940547862397,186.1220375615192,211.98712434496065,240.19223267139378,282.45775146746234
2028-01-05,155.42356270134212,186.13142717335438,211.79448809363322,241.1176857197031,282.8800372197377
2028-01-06,155.85038903491832,186.08433521436888,211.85411934820624,241.55843495367077,283.2204253180345
2028-01-07,154.78438070283246,186.50839563856337,211.46721693213118,241.3509782053256,284.7828287126342
2028-01-10,154.483645038604,186.1489239932935,211.25421218601997,240.90427254783415,286.38440319053916
2028-01-11,154.42476336082157,186.75609937187664,212.47209421506454,241.76473768354072,286.38125813306016
2028-01-12,154.27095253767123,186.9922321897165,212.69532599176642,241.90527871301904,285.80479134879323
2028-01-13,155.44553426373287,186.5370225994174,213.07784867482718,241.4264057671644,286.40021204641965
2028-01-14,154.95261339334323,186.66116889967458,213.04351443676364,242.37600877485164,286.4056429079011
2028-01-17,155.3950253179393,187.28829981573193,213.62227339465238,242.52040732406132,287.43085888820303
2028-01-18,155.9822733819,187.2808185454506,213.12836218619992,243.12095922505972,287.94947644371774
2028-01-19,156.63882520342148,186.88295790267642,213.36521501521872,243.6973001566166,287.81672508313807
2028-01-20,156.21409221698485,187.2595709253173,213.55970707455435,243.3256240747177,287.4457353931957
2028-01-21,156.89488001029875,187.2490647536909,213.82556691079196,244.59684022384397,288.4202666680567
2028-01-24,155.34162486841265,187.25726847222566,213.7727498031083,244.54472598758835,288.74975917866806
2028-01-25,156.21044316998984,187.46921015357995,214.21377679368626,244.5892916580154,288.72068473749283
2028-01-26,155.85874864751077,187.8016233463958,215.01015681594998,244.86551383731518,289.0764131549539
2028-01-27,156.1294318839379,187.78614142121535,215.39508027051144,244.61792136559694,289.68002766497324
2028-01-28,155.76958301296332,187.9062994173529,215.7999765926853,243.96644457237142,289.4379248596131
2028-01-31,155.2837907473811,188.16963943029276,215.23868244082408,244.32535190414222,289.3229103196167
2028-02-01,154.11124452126688,188.31710065588905,215.3455106160672,244.25363101431066,290.18985194752906
2028-02-02,155.75254438340698,188.00436712813638,215.48603944212135,245.32375635734726,290.8558445877956
2028-02-03,156.17103244785739,188.7733067191937,215.38780101567022,244.59354776055045,292.7973470091598
2028-02-04,155.45447078024216,188.52741990776036,215.93180052062183,244.2490219738211,291.1560215332477
2028-02-07,155.58926106233795,188.92247030835009,216.29084041293459,244.57462198001588,292.40817418891476
2028-02-08,156.2498797029169,188.97752306471727,215.96768526979048,245.07860962520658,292.78288701694936
2028-02-09,156.23376029053838,189.54561940875647,215.90749228260057,246.89841549226517,293.99900902018754
2028-02-10,156.96956713336252,189.5816851892227,215.85260498808287,246.44156500458914,292.9884392190892
2028-02-11,155.95564457763754,189.3889469543051,216.6714230173993,247.22612213702578,293.7288553695962
2028-02-14,156.57023072094717,189.07783568674682,217.2366210064848,247.02620162652934,293.6128435564555
2028-02-15,156.48999113903724,189.43616878350596,216.89016808026776,246.9246884532012,295.38647406627365
2028-02-16,156.42683356283308,189.1466401102264,216.91375122588232,247.24746790563177,296.47831011752754
2028-02-17,156.84022354540213,189.0944387490146,216.79000015914028,247.20112232510323,294.27515914464186
2028-02-18,157.02308823891562,189.4611534251374,217.3809246246841,247.25040365576393,294.12708026365704
2028-02-21,156.5095947363548,189.83180722443277,216.98089555479368,246.6272830728903,296.9103345238123
2028-02-22,157.1382987918784,189.6610789700015,217.3706308107033,246.45776110701053,295.91486401333094
2028-02-23,156.66975454646635,189.96633387055257,217.46475105848023,246.63121600066285,295.9080532901903
2028-02-24,158.3254200885265,189.58189821825712,217.48455279338344,247.5897560203193,295.9241135710532
2028-02-25,157.52407075878733,190.02979822874914,218.26440374351597,247.41088734740111,296.3899556940587
2028-02-28,157.63312610296154,190.42898154260396,218.24309392437007,248.2464614910842,296.3099212267987
2028-02-29,156.913832915894,190.5625155000103,218.44875175803614,247.91094848657656,296.1274549865032
2028-03-01,156.26719715656733,190.56073723794555,218.0504391572992,248.93296074906516,296.6753744089805
2028-03-02,156.42638492258664,190.67037758540118,218.74894988456504,249.07918202625189,296.5417525167385
2028-03-03,157.2717950533115,190.37536889720275,218.87187996135884,250.15421777772758,297.5024523982453
2028-03-06,157.8427042411234,190.1559352750678,218.8248054049622,250.00672290171258,297.9237511901214
2028-03-07,157.69604745008877,190.43254674769625,218.50094382002152,249.46959931861338,298.97956276940386
2028-03-08,156.89194648615216,190.81871099457135,219.1533658479957,250.1691665961084,298.2875388283461
2028-03-09,157.62883051698176,190.78765720135598,219.0416875966441,249.65537862439652,298.55350171703685
2028-03-10,157.8659159014228,190.9708722089653,219.63167715049474,250.90968096530807,296.968923980854
2028-03-13,158.49878286138545,191.33481407939357,219.5696536626894,250.74414593677236,299.05768139381627
2028-03-14,158.09021888481806,191.395500566935,219.9787471064775,250.88006820912523,300.5028846495875
2028-03-15,157.38547493291168,191.77319391780182,220.313896862122,252.3588251146386,300.0119608919146
2028-03-16,157.81324176422183,191.76591607336536,221.08215424902195,251.5524405566906,300.4843943476886
2028-03-17,156.9992179261696,191.54176068157972,220.5832855495262,251.18987989382487,300.4752012999312
2028-03-20,158.36984454555753,191.60459203644285,220.90011057319106,251.85200080633584,301.9625067110924
2028-03-21,158.24248234775447,191.48246219673834,220.93876825128297,252.4016199571802,302.244525492439
2028-03-22,157.63241694845283,192.21374039914255,220.79020871684676,252.31675639170103,301.5414781992273
2028-03-23,157.89800027844782,192.55128200274942,220.3799024886162,252.9539572029096,302.56593871121055
2028-03-24,157.89046262002643,192.59940408927815,220.53808833596364,251.91359700471023,301.0282087382128
2028-03-27,157.1550338062049,192.74939622092444,220.59716172450504,252.7143500728267,302.98402585507796
2028-03-28,157.94149202633685,192.6747524559967,220.6102626917549,253.1101052727276,301.7794738676418
2028-03-29,159.11815771864016,191.91663730275872,220.61845420993154,253.07838848125698,302.4100131713289
2028-03-30,159.35423145499064,192.5456054804552,220.76043580450616,253.29631374407097,302.4707303476184
2028-03-31,159.18757075931552,193.11626681021284,222.07583673598037,253.7418021345044,304.49279939261174
2028-04-03,159.0180843009116,193.08138705648122,222.14615842814527,254.16305776786183,302.53782297446094
2028-04-04,159.07534466235913,193.39065403726286,222.1512708017143,254.46876785594992,305.4859202428274
2028-04-05,159.35741116914093,193.67332587939111,222.6308247589406,254.93854188381118,305.22969017945366
2028-04-06,159.4776334433502,193.54721717950426,222.2747163888022,253.90631844224504,305.2826881940952
2028-04-07,159.5984473453115,194.32758705949448,222.1923583207779,254.17994231231353,304.59978378772166
2028-04-10,159.9928108188097,194.71398974992712,222.7464028723287,253.97484256879466,304.71977152466496
2028-04-11,160.18060511092065,194.51853695327225,222.13329140593697,254.93787005383393,304.8734856984038
2028-04-12,160.6282992023539,194.08373833882206,222.4855574608767,255.14710643501277,306.17598045955134
2028-04-13,159.72589016534803,194.53870919603963,222.58180143863103,255.5924678946568,305.8505438098213
2028-04-14,160.3373961076069,194.62606365514176,223.4510958772662,255.4131617468313,306.19138959703764
2028-04-17,160.80928531154754,195.01215222432836,223.45943912418932,256.173058155171,306.40143174872
2028-04-18,161.12373941098474,195.12290894798218,223.553431572761,256.61536808222894,307.1778833413106
2028-04-19,160.95886407590442,194.17734278856548,223.2910345041376,256.8330894346716,307.1998019981842
2028-04-20,161.27541099186288,195.3038318402264,223.56053495033026,256.8766681791044,306.4300253266978
2028-04-21,160.95070725992457,195.80777599715995,223.79414233854527,257.26552805771456,308.1745221079122
2028-04-24,161.81692797746493,195.4931197524179,224.3377266913194,257.52982064924305,308.7109052217171
2028-04-25,162.36194896992424,195.54499985477315,224.7472126114115,257.1098184754988,309.7535964713334
2028-04-26,161.90290855491185,195.33932975423667,225.30540954465152,257.567899193166,308.1904070150844
2028-04-27,161.56904758249902,195.32747249534071,225.3692889405246,258.45189784341034,310.6410423449678
2028-04-28,161.41446213871788,195.40475771842787,225.42899306573457,258.63570775425694,310.3360534778322
2028-05-01,161.6683240042263,196.1947710270479,225.68111355841393,258.9597242724807,310.84226362645774
2028-05-02,161.93579044032668,195.49317954307256,225.3358187747412,259.1526443817715,311.682869671808
2028-05-03,162.2700429932047,195.83373277059502,225.6671206994959,259.52406057149227,310.68785791780925
2028-05-04,161.32867678672756,196.60332990441154,225.19954230129977,260.2010186621534,311.00312168164095
2028-05-05,162.13294541263775,196.92880092163833,225.48034865389184,258.52849009085855,312.2324317939739
2028-05-08,162.65787769855174,196.72952470320195,226.08695851415715,259.87108565296785,311.66539448793856
2028-05-09,161.8491609052687,197.01908282966042,226.50815195225948,259.5020052602624,312.1194427212042
2028-05-10,162.29342999735937,197.12083649484106,227.16459420285696,259.5450813932769,313.0565400153639
2028-05-11,161.98719177065567,196.38751124887568,227.22654551205068,259.6296598199091,312.45100882009444
2028-05-12,161.87221647035085,196.23892639251767,227.71420688690284,259.73481346340014,314.18513842332334
2028-05-15,162.77849374280788,196.7241721049707,227.903980346389,259.5431099674584,314.3109100259811
2028-05-16,163.02202075368203,196.7805248531336,227.63835106678596,260.6083043272619,314.95065890841175
2028-05-17,161.85178683936033,196.62816837511954,228.68774317065555,260.585052762284,316.1153228924562
2028-05-18,162.59316636593297,196.66847436691606,228.48626077998364,261.0093844926136,316.7938693769166
2028-05-19,162.72636360489673,196.5197934877663,227.49555229529938,261.223644390834,315.6897174215149
2028-05-22,163.0511672884996,197.19070806984863,227.9294799313401,261.32289702057426,315.0094239395161
2028-05-23,163.05320910833015,197.14387749163686,228.25844199501995,261.7250380641218,316.0775182309426
2028-05-24,163.05962240310473,196.99315137871906,228.54516673572414,263.00496328222073,315.0932043698111
2028-05-25,162.91448079010607,197.34989421030718,227.78800553908516,262.96207784811395,314.21439573841985
2028-05-26,163.00270962748542,197.49631553306352,228.45844523217903,262.4953782247774,314.4550748716585
2028-05-29,162.35975875673097,197.9221514928162,228.3131404848079,263.4138488703618,316.66526664132004
2028-05-30,162.00880335878807,198.53390539436003,228.24130225793118,262.6412423727719,317.6504512650793
2028-05-31,162.5435214712336,198.0677902981332,228.33491719190454,264.00871535231556,318.8296789659413
2028-06-01,161.5001955016989,197.81677109451934,228.5221704465061,264.16744328315326,320.0166120681932
2028-06-02,161.07896080364426,197.77678902094314,228.7141886497162,264.87108879430616,320.5473683474775
2028-06-05,161.69524523665854,198.16396733000647,229.18535738436174,264.4540677242474,321.27948338572253
2028-06-06,161.98955950870925,198.8567003681214,228.77134066315654,264.9699524511824,321.74044825253355
2028-06-07,161.7746030636928,198.49792622843114,229.7394343374233,266.7212387244242,321.29132805268534
2028-06-08,162.97753395521167,197.47772101656312,229.69120598740813,265.84050126805937,321.63401824255027
2028-06-09,162.15353976408815,198.44762498909822,230.37820222201026,267.12345687815406,321.8515860372529
2028-06-12,160.6282592226683,198.38805577719575,229.8809596347808,267.2597095204619,321.61243688576735
2028-06-13,161.76808335437585,198.5515408807636,230.4494916797655,266.96544730241385,324.34034527577967
2028-06-14,161.59489040798462,199.8914728249749,230.55547688726966,265.80219173795354,323.00584428567595
2028-06-15,162.55536011788755,199.45007635748,230.67314219127405,266.2828733067264,323.0273916020909
2028-06-16,162.894977735816,199.2921366906148,230.58219779948428,266.60992079627147,323.3683982163227
2028-06-19,162.33296552729934,199.7238705451052,231.45510501368415,266.57038845302765,323.8327749543671
2028-06-20,162.52776409131948,199.4016653503805,231.28516223105223,266.4651241468291,322.9451478128772
2028-06-21,163.89633204612304,198.83357409629934,231.669350298141,267.48918474715776,323.4816945223195
2028-06-22,163.2444120769202,199.54841841666172,231.83526188048438,267.5016138671581,324.7881792557806
2028-06-23,162.42525813077302,200.12112729985483,232.14515092931202,267.5545370127397,324.0048560147592
2028-06-26,161.74170568896128,200.2770100654277,232.1185714712694,267.9530115051379,325.44857682587553
2028-06-27,161.88275236281288,200.39388078632675,232.2396039685423,268.56047639047847,326.75236921307084
2028-06-28,162.3901264534217,200.3875100840434,232.71035784356718,268.9846201803158,326.318557305748
2028-06-29,162.80475775199918,200.20379498385878,232.68398003631344,269.86254121053855,327.503265282814
2028-06-30,162.7167469007434,200.4756644665299,233.00088029362328,270.0985730569941,327.6462786920151
2028-07-03,163.72173773207697,200.6308674346987,233.32205672151628,270.2976504909758,329.55626004603596
2028-07-04,163.86717400186527,200.58592435354586,233.02138284189243,270.08700606656134,328.96517768379175
2028-07-05,163.9320569455397,200.22613764957435,232.9642684425325,269.5861088728819,329.72068640813313
2028-07-06,163.81191373357137,200.47095878017046,233.72776980520308,269.88095690429617,330.04104192104484
2028-07-07,163.5599427010278,200.8008544374258,233.3273049964874,270.9450302670002,330.76756199098105
2028-07-10,163.0648117238632,201.12083639197766,233.3459180177494,270.55419003193674,330.14822709020234
2028-07-11,163.11207766729893,200.7569748807855,233.83457835658263,270.90918696552046,332.6455737575409
2028-07-12,162.63409051469338,201.23742538360136,234.6350972874353,271.9027132271972,333.11758035188217
2028-07-13,162.58499866146948,201.29814544475806,234.06565322083088,272.537585696809,335.4683514918347
2028-07-14,163.47047918743604,201.03989515923706,234.61984235593013,273.16566971318343,333.77983396936406
2028-07-17,162.73123000994437,202.18721479424704,234.3266522966022,272.7275169634195,333.95431411684325
2028-07-18,163.13245935222648,202.2619917446436,234.22104702979786,272.22659860623764,332.62090136565627
2028-07-19,163.44567843727185,201.9068219231782,234.33372857932636,273.4271319587374,333.7080632173471
2028-07-20,164.52267568441755,202.0627889980894,235.35093861979573,273.54579312311245,333.0937157031285
2028-07-21,165.79273782428373,202.04361233519356,234.73301516797952,274.1351598753467,332.26085731955266
2028-07-24,164.5595838054153,202.58074156301444,235.53695821010098,274.6544206627427,333.9088157595327
2028-07-25,164.27047694196483,202.58960114219587,234.71776613108494,274.33819983146253,334.7323621843302
2028-07-26,164.55599400219742,202.2912442050029,235.12333654733266,273.7328145012993,334.73606042790857
2028-07-27,165.61548810359224,202.48285132517526,235.6331930458114,273.49816468267966,336.1849742149993
2028-07-28,165.14322566626038,202.7008557580861,236.09759211194313,274.03253558992714,335.2331182331976
2028-07-31,165.80834208143406,203.18431681692584,236.44009960937592,274.5258815262378,335.877834760246
2028-08-01,166.07375828757108,203.00693811552154,237.46298702555137,274.7350990252072,336.7548607746925
2028-08-02,166.15510238809978,203.22048704184115,237.61140834427619,274.81656920115523,336.05766260307246
2028-08-03,166.76837213959607,203.57276301062714,237.5849162440253,275.61948282043113,338.5124744260841
2028-08-04,166.77340298142826,203.6433492194517,238.4183823177474,275.6978009011205,338.2315418080966
2028-08-07,167.1152876744049,204.12829398261005,238.12785241409426,275.50842694041387,339.3199209081315
2028-08-08,167.0356687430236,204.40975197557458,238.4010630783136,275.99349249369044,340.50724901839635
2028-08-09,166.34876519593251,204.74286064631468,237.93758168892518,275.93776250208697,340.0455298548144
2028-08-10,166.31895994198575,204.41409955726934,238.27164135263575,276.13831473926666,339.98807924862376
2028-08-11,166.3774784867806,204.67952723073833,239.00208452943596,277.0483294931315,340.84986546821153
2028-08-14,166.66416334283903,204.71627146529445,238.47260027224425,277.34749624382187,340.5028731289513
2028-08-15,166.45437898100138,204.96624254505835,238.34990096462133,277.5669425904624,339.84348159804676
2028-08-16,167.19690805273802,206.0364563208843,239.74953148942996,277.83457283357257,339.69869330225896
2028-08-17,167.31207693074447,206.40193860001193,239.7481122403169,277.8409838217217,342.66501240418376
2028-08-18,167.36083137678168,205.5909322418514,239.76041732187878,277.1696999055339,339.68976159876985
2028-08-21,167.19312605663978,205.1696549228981,239.66244086130217,277.1298489880098,342.39699154761126
2028-08-22,168.41067474416246,204.61808561683063,240.13417291896164,278.23504525367173,343.78861087204245
2028-08-23,167.23657355612562,205.22430449486393,239.86095594354046,277.9516009985687,343.93464422760235
2028-08-24,167.28655767449732,205.52976589695982,240.6975666258238,277.72001857539476,346.0686869639778
2028-08-25,167.11577570477886,205.51125058943123,240.7603208040857,278.02998388338335,345.63251685695104
2028-08-28,167.67503312123128,206.39846217826917,240.56373488312502,278.6905087649667,345.51951053243306
2028-08-29,167.5042126861226,207.097210527709,239.87486025839505,277.8594393752937,345.4669193151942
2028-08-30,167.88246940058266,206.79950032705153,240.33074138454253,278.2198790612399,345.54437498981605
2028-08-31,167.28582562234766,206.88782139489598,240.72180671517015,277.95249900050396,346.9140138835208
2028-09-01,168.90771301106935,207.28723249486615,241.05726740957363,277.9034328530197,346.09442142161726
2028-09-04,168.3926891748918,207.38856270127127,240.90377879580484,279.2041505296856,347.0442121485887
2028-09-05,168.59351032200513,207.06807335183453,241.12394269504006,278.23679817410186,345.5890384450394
2028-09-06,170.1556464650593,207.98106042871626,241.18104443188366,279.0485360338199,346.0181268752676
2028-09-07,169.3425990235539,207.3737191955849,241.79750017944843,279.42010054798334,348.2193768690232
2028-09-08,169.8789744927365,208.48200992873228,241.2669943740338,280.35901161931093,347.44074259425344
2028-09-11,169.56538337214505,208.63025152372535,241.57110742125053,280.83834145914597,348.4238647840063
2028-09-12,170.37227814132314,208.17615828739724,241.6553123691734,281.06636559752474,347.0041977282483
2028-09-13,171.56641852809108,208.8682468878808,241.7917658510958,282.0342576722462,349.95499071500893
2028-09-14,171.11854011743947,208.17970692049153,241.8348740760244,281.607827022445,348.6946848548742
2028-09-15,170.95652020212532,208.30364627343906,241.82041293834078,281.41106987326475,351.73899623021094
2028-09-18,170.54558267227483,208.21803183623365,243.17365066041953,283.2319640873235,349.58225296074653
2028-09-19,170.4427260044233,208.09937068366557,243.35494846171582,282.83809838750096,349.8708484768343
2028-09-20,169.6955554589297,208.8273923242164,243.8708954298595,283.03338753982865,350.41293127901565
2028-09-21,170.16915420891996,208.53585144967863,244.28734185550144,283.3702534012918,351.06262132689363
2028-09-22,170.67839990295096,209.0863686195405,243.71695221805328,283.6370608516736,350.7451005328411
2028-09-25,170.77616213033696,209.55792384869997,243.97011402546622,284.07060663515756,352.4545280517311
2028-09-26,170.73512854885473,209.57166086735103,244.07322776495425,284.49197374135764,352.49314819598226
2028-09-27,171.8193693918968,209.3056015773007,244.47324106920584,284.7821002687824,352.60748011437056
2028-09-28,171.28929131793336,209.34227651680823,244.14955147448205,284.74676020392366,352.82685024644354
2028-09-29,172.0472275789815,209.59114002591897,244.2744493402653,285.2027311311679,354.67636975650214
2028-10-02,170.88090339344652,209.78021619114477,244.36247113026155,285.9324458763391,353.25389310305866
2028-10-03,171.5094781197897,210.10679365480613,245.76761034067795,284.4667812587925,355.59719748813274
2028-10-04,170.96423883285314,210.9146924985401,246.23986585818173,285.4245243612246,354.7722804832476
2028-10-05,171.14203726107112,211.04524719006506,246.9370654780477,285.5245930514132,355.97660996777563
2028-10-06,171.009159786315,210.81424539814176,246.25802889435687,285.68417129645576,355.4964224068442
2028-10-09,171.17172043648793,211.443536861204,246.36629810355103,286.20556491765615,355.4299944114725
2028-10-10,171.7468441991407,211.07046724991307,247.04127433310265,286.70142245484,354.52011734962764
2028-10-11,171.50631452951694,210.50399750553754,247.0781175965827,286.99192930242305,354.66122455600294
2028-10-12,171.67106124030164,210.54253469466784,247.3534507934109,286.95431959011705,355.3065391382055
2028-10-13,172.2044796101127,210.4713942376507,247.23177131098282,286.9192789003495,355.27428820359296
2028-10-16,171.74654921076092,211.10491694274322,247.1219328811946,287.08195754830206,358.3742134914422
2028-10-17,172.37755623016884,211.43423913967263,247.7725817807217,286.8025307350897,357.10209550110824
2028-10-18,172.03316364136393,211.64772407256373,247.74721864998233,287.38050642118316,359.43300444424136
2028-10-19,171.3397114955485,211.7535669851918,247.91105081823767,289.0585946292341,358.6050827061438
2028-10-20,171.23885203631028,212.9061105243604,248.1505633800287,288.91852363650514,358.1462504774188
2028-10-23,171.10958027619338,212.58191321766907,247.66198025840737,289.140386138184,356.4685862753861
2028-10-24,171.45237462652847,212.18154917405232,247.34379936741468,288.43017101459003,357.56351764284267
2028-10-25,172.2123329188693,212.36307749392364,247.88159313370397,289.5472640437155,357.799828540789
2028-10-26,171.97278346560856,212.57297641961736,247.76312689549556,289.57295957226165,358.1268279611192
2028-10-27,171.88024705008476,213.24915440418636,247.4166151526274,290.618718297375,358.6811276512185
2028-10-30,173.47542622066194,213.62062071711833,247.7616528297153,290.49269766692856,358.9955276173465
2028-10-31,172.7354380669743,213.9130652993896,248.78503428291157,291.1870811101179,360.66545771515734
2028-11-01,172.1904252331854,214.28261804924546,249.01918216037095,290.8777438543005,360.34203729174806
2028-11-02,172.6569906143006,214.0381190709443,249.53261626665002,291.27064722668166,360.9979779100512
2028-11-03,173.71527389288997,214.3112490068752,250.2879443380533,291.56600130098764,361.0797933303849
2028-11-06,174.0693135564919,214.53846932651325,251.12658326553884,291.73422882129637,362.3702116655346
2028-11-07,173.29016422965688,213.9874483257002,250.84833693193625,292.48727219505895,362.82153410733997
2028-11-08,171.95761239190625,213.17541481935,251.44862177538704,292.17432006834605,361.8528974885927
2028-11-09,171.97648443913369,213.73036834970875,251.73287712604764,292.5461324115902,361.76916897073687
2028-11-10,172.74012820170998,214.29511415205468,251.57421874712128,292.8214481913058,363.272584451943
2028-11-13,173.80146988342452,214.83449373368347,251.3798920137599,292.45354999744404,365.9879883075769
2028-11-14,173.50929062323618,214.97326890548302,252.52897082992874,293.06791708540385,365.99086112894236
2028-11-15,172.802650855392,215.67033556008417,252.59135478045147,293.52634023386565,365.30073284267587
2028-11-16,173.84848300873338,215.4383198564509,253.35961572417816,294.09205706775435,364.40848714920634
2028-11-17,172.58748128186286,215.60450494707015,253.5952982005374,292.822016634665,364.9099610774506
2028-11-20,173.74131717469072,216.01428532397793,253.54134448761585,293.59089917283933,364.2249878274125
2028-11-21,173.39593334379646,215.85443101244468,253.63298097569628,293.669213334845,364.0132587593868
2028-11-22,173.12195972125437,216.5268720453015,253.8875594785065,294.7221917155658,363.7995492280204
2028-11-23,173.5429644497246,215.7639866268097,253.88413561854838,295.13836475275025,363.207049407302
2028-11-24,173.22430583189853,216.64810327273236,254.4777788993555,296.3866534625476,363.8112273933402
2028-11-27,174.1148943905897,215.94303294450805,254.3352124387933,295.6946844309774,366.2893272766292
2028-11-28,174.16175334500858,216.55671882989222,253.9059048273948,295.4243741609388,365.3156753390822
2028-11-29,173.25981728653863,216.51046864079507,255.200290864133,296.19195467750944,367.2764293280548
2028-11-30,173.1393771953977,216.5647698991654,254.9037556113043,296.2810348301721,368.9374104965961
2028-12-01,174.29385021391866,216.7268222584235,254.97787012370213,296.84887701887106,370.81038290543825
2028-12-04,174.2316378438676,217.47918238362507,254.62495866626875,296.04501351000374,370.5187749805614
2028-12-05,174.57009187893885,218.31289781216032,254.28698247215584,296.71127172285185,369.01579868603324
2028-12-06,174.16841987782792,217.46626008797662,255.43652839555648,296.7119228106096,369.83359957046804
2028-12-07,173.95077546891727,218.15023496600267,254.49251405845132,297.5447161560147,371.0609806000196
2028-12-08,174.8985155001236,218.27746169372367,255.27073303334402,298.09592782455843,371.532970553063
2028-12-11,175.56322079460767,218.16628794409863,255.18145748146742,298.25021949924076,371.513212531865
2028-12-12,176.7601252950595,218.9756304088304,255.7377027493685,298.86332531772536,371.0905871137323
2028-12-13,175.37639062393484,219.22985930536655,256.0638422384634,299.19028024244756,370.0969021345914
2028-12-14,174.49347261926167,219.21727762374263,256.1598400317466,299.94959536358897,371.65590489410454
2028-12-15,173.91468794280402,218.86770264011696,256.4163758654935,299.180009500722,369.8703555125205
2028-12-18,173.7815811250219,218.15341705342163,256.8646829209439,299.6736861037316,370.2682173473472
2028-12-19,174.39245373960966,218.15185513476797,256.98081734167044,299.19798675843214,370.08675383549115
2028-12-20,174.62940023905426,218.5772517336108,257.3038992997831,300.10657588860056,371.99690251794107
2028-12-21,175.27824480624525,218.98018044162782,258.20723862383704,300.51342446584624,373.5694691099002
2028-12-22,175.44974717689226,218.47497516262774,258.2279474865956,301.5609276713419,374.1723538515588
2028-12-25,175.6059065291453,218.45500860611494,257.8137967819499,300.84631073810095,373.54223587645504
2028-12-26,176.28493216747478,218.4014698943269,257.70492346883947,301.9030194007803,375.3878321540928
2028-12-27,174.89725545149275,219.5992431685121,258.39713668165405,301.76140617097644,374.685597714785
2028-12-28,175.8319162039498,220.3643524176688,258.1033860609949,302.2122944168106,373.7328462451828
2028-12-29,175.70151618396432,220.6538717061335,258.5642840247275,302.2491702956457,374.02590907567446
2029-01-01,175.88924858778194,220.67577884303105,258.19329852924415,302.94168278697464,371.3175974481297
2029-01-02,176.416080661864,220.9661910556562,259.2177158301231,303.1070165157328,371.0798449283484
2029-01-03,176.11494990256494,221.45285752950858,260.28318335000927,303.6031741374556,372.8983212221616
2029-01-04,176.406737964833,220.96624524914097,260.23129451481157,304.81960019464066,374.91858881558613
2029-01-05,176.04245085024533,220.32172149336208,259.97097773769786,304.9046196820602,373.2694889800426
2029-01-08,177.4734618095578,220.95987271023603,260.19306505645113,304.3039585598892,374.71912890787144
2029-01-09,177.68960884549188,221.6094904049445,260.84838903894735,304.7795786496586,375.8165204378998
2029-01-10,177.57191290469999,221.66617191339827,260.94238212958504,304.4945742555327,376.382967041918
2029-01-11,177.23479147760693,221.59554904296618,261.7407278417886,304.91090647992615,375.44229436328277
2029-01-12,177.45508458237208,222.4103720191048,261.9919573833514,305.1810303318667,377.66848683662425
2029-01-15,176.39002890215525,222.10856205860367,261.8946542319094,305.48000722061244,377.7876789844753
2029-01-16,177.29549867409898,222.29822590581497,262.4318434398616,306.7514378241006,378.30416554601914
2029-01-17,177.33812941441897,223.0274217452181,262.2327079588698,305.8502351672466,376.2315483325638
2029-01-18,177.81474137687957,222.97853923498508,262.4523631131236,307.1104805116279,376.4669636213869
2029-01-19,177.9496543372802,223.22309527045965,262.44162119669386,308.13617146779194,377.83484018833246
2029-01-22,177.8426475487519,223.2788035496394,262.77273407241114,307.8904306099879,379.35890255819294
2029-01-23,178.08023246163225,223.60871517117243,262.5207920197495,308.6010984197027,379.547744859405
2029-01-24,177.8200428581581,223.63753666319914,263.50597564253667,308.8025337528558,380.34587649370144
2029-01-25,178.8979524021225,223.9772027321481,264.15396358994815,309.4919189259967,380.62052571306555
2029-01-26,179.01189212619965,223.4510238379625,264.7886714150442,308.75505378579345,379.96821527371714
2029-01-29,179.645735784381,224.26813687579244,264.29124989066946,309.58413234124373,381.00407973610265
2029-01-30,180.09074410595133,224.51796533643312,265.0241488727692,309.417456035917,382.0529698276323
2029-01-31,180.37481858054733,224.31705102208397,264.37668549386035,309.91506238675277,385.43083578267675
2029-02-01,180.96300573755522,225.2186788788888,264.7294687696136,309.6085148187483,383.32758325989573
2029-02-02,180.04008182929525,225.0855915396787,264.1363902162826,309.3628188758162,384.53705171595124
2029-02-05,179.90770335114036,226.17995847273977,264.7437841218747,310.0459690371468,383.4194326856252
2029-02-06,180.73488790466155,225.67997171012425,264.50236031803126,309.33939056680305,386.45436910982147
2029-02-07,180.92911188883383,226.12392205413698,265.5327937229566,310.20326823643444,385.55954465832775
2029-02-08,180.0781518133103,226.34044476752177,265.0298943820858,310.63268443746927,384.4343720341469
2029-02-09,180.54134392511267,226.10669729795876,267.1325822458747,310.97152432769957,385.1781655260801
2029-02-12,181.09195142356617,226.64904557026176,266.83509881778576,310.8343076252637,386.0055679702738
2029-02-13,180.31719292793304,226.3561574003599,267.72590522062933,310.94027414089936,386.28517526666263
2029-02-14,179.9675055913191,226.6729029195955,267.7307989947376,311.61828744006544,387.2513808462681
2029-02-15,180.36292971512256,226.72724319587897,268.5781492123583,312.5147292605605,386.91148665450174
2029-02-16,179.73493849453502,226.75873002233533,269.06286220929184,312.4285682009628,388.63438559110625
2029-02-19,180.17495743139128,226.80157504741044,268.7883999613548,312.75025064591534,388.1693692473865
2029-02-20,180.4972478001553,226.5794246114565,269.087041135654,312.7726424109434,391.2887211249761
2029-02-21,180.82291160152724,227.17066557844828,269.16439193002407,312.26947894620133,389.83452304896963
2029-02-22,180.41702147315405,227.0566533117464,269.07947216774176,312.79681683665046,391.7294095097551
2029-02-23,180.83765503803667,228.43758523653892,268.89255316521974,313.50538495812407,392.01113127904307
2029-02-26,181.3494147492032,227.5265624743228,268.809919058299,313.31791738421646,391.13527505345013
2029-02-27,181.3482231970646,227.65896865724739,269.5839188999067,313.39560502298406,394.70562741467444
2029-02-28,181.18433377121858,228.19382010933128,270.1284995752653,314.0804844336849,393.69087433783153
2029-03-01,180.42444812318348,228.26483648336335,270.33412208431696,315.0107262023839,395.70021566665383
2029-03-02,180.79123552542165,227.9695992341387,270.2611532076075,315.1826943379211,394.7928072478983
2029-03-05,180.56779300795762,228.16223916879417,270.9106520307863,314.89657496112454,396.3557590726709
2029-03-06,181.7408563488878,228.1186265783088,270.70661427431827,315.5694435222465,396.90914301139173
2029-03-07,180.4886703865702,227.78772144731008,270.7099319739467,316.54098270519097,394.78378158338126
2029-03-08,180.5255486340272,228.24721654910627,270.9216268095845,316.3313413803139,396.95232670895825
2029-03-09,180.51001186518604,228.39896909298147,270.2023597022295,315.9744758267561,398.04242933023806
2029-03-12,180.90432333653675,228.78904210629338,270.39895489446985,316.91796022615597,398.339761914296
2029-03-13,180.9523742131538,229.64263811196105,270.56177581653986,316.0938957442822,398.5019310591418
2029-03-14,181.50660307563948,229.64832785112083,271.0694741827356,316.3296382934087,399.0272752901033
2029-03-15,182.6561729201493,229.82212497658983,270.64929166975526,317.710351129518,399.35130212960536
2029-03-16,180.92596710028988,229.27372159999675,271.1464815179568,318.1915768473042,400.4768970876422
2029-03-19,181.01914524431763,229.37912737526827,270.51976040573066,318.7282199947913,397.9492799424992
2029-03-20,181.49422563624472,230.38272008770323,270.26451478347957,319.0369626340717,401.53489929562323
2029-03-21,181.71288485920294,231.09910108028075,270.38347142821397,320.18907779571,400.7820423198574
2029-03-22,181.59946457768692,231.27383208273488,269.6762819744778,320.5958679497992,402.93365088575183
2029-03-23,180.97973729694726,230.94895825014163,269.3801671437062,321.0820106136653,402.87641930366544
2029-03-26,181.67592876306216,230.55305189499154,269.1355609082598,319.4513777919059,404.05012210991225
2029-03-27,182.52059115882764,230.6221899846751,270.5476210160457,319.99237305328074,405.30098550083915
2029-03-28,181.15776253057123,230.96178639106796,270.78646069431926,320.75632386364174,403.4599473651683
2029-03-29,181.09276180946637,231.09375928888366,270.517120298869,321.70283028633804,404.12479801587506
2029-03-30,181.2927308749998,230.66157279308794,271.07940391652613,321.6931431878237,405.23763079397537
2029-04-02,182.2383084339344,231.32010542202852,271.51015913105914,322.63739549002446,405.7121767648008
2029-04-03,181.83545730277095,231.50893277834714,272.39933406243154,322.2411115732691,405.7150403094894
2029-04-04,181.90693848345057,230.83771524428053,273.1451686758744,322.69721484824015,404.182323152872
2029-04-05,181.68853014881032,231.4914500013188,273.339410504182,323.5625969086436,404.9114100716924
2029-04-06,181.44988383791042,232.140300043308,273.91536072669317,323.45452027861154,406.5501525139523
2029-04-09,181.12056172242916,231.99313757347971,275.0968380859076,323.66634480351433,406.73838084608855
2029-04-10,181.53325569526737,231.74617891858912,274.6552387529958,323.27794115301435,406.3337121898373
2029-04-11,181.61012012805872,230.57185461196337,275.61275957321027,323.48141132380306,404.97840965088676
2029-04-12,182.00185523318768,231.35727504982844,275.18403001459956,324.08121920775807,406.8434291530746
2029-04-13,182.70892374631288,231.4510515678341,276.9424729996588,324.4750757865029,405.30980351817885
2029-04-16,182.01260974200687,231.64643188760294,276.3770377824833,324.2379873053875,407.0180101200885
2029-04-17,182.67532339138145,231.14355320925083,276.0934485546502,324.2446244796366,408.3971304487178
2029-04-18,183.2834181120726,231.6074937497697,277.0442831264513,325.0738439629964,410.80649460594583
2029-04-19,183.6863460095032,232.14706652334385,277.79025450203335,324.8005451700207,409.8855435665083
2029-04-20,183.86504331803326,231.94620225982186,277.82403234219225,324.743331144457,410.08213891434235
2029-04-23,183.6126216711396,232.26929256819295,277.839406787865,326.57634017040607,411.5422495367113
2029-04-24,183.82167431674486,232.21253518044807,277.76691541170123,327.1829660186098,411.2825329171458
2029-04-25,183.89466081168334,232.27907935254083,277.72061313003996,326.8168762772989,412.1251576546596
2029-04-26,184.5084040292018,232.7506635571001,277.39797241694885,327.16260335166726,413.0532995094036
2029-04-27,184.59107128509768,232.39790365764645,277.8982040406542,326.0659521778872,413.18143262393755
2029-04-30,184.5744356848376,232.89555202030837,277.72688316931476,327.1689002505568,412.80919669848373
2029-05-01,184.90019275696707,233.20739399905764,278.2546482074365,328.49100625097196,413.7133210542346
2029-05-02,184.9741922415853,233.43172554683053,277.2153908363926,327.9658933255944,414.1061267186129
2029-05-03,184.2731704356781,233.7509390475658,277.4582449223052,328.0101960505326,418.7438308603703
2029-05-04,185.03718296509004,232.79937593709693,278.59063032779954,328.9784301124939,417.06113249220596
2029-05-07,184.7938003869093,233.1654898183423,278.4183343339853,329.8011175611323,414.7618390540244
2029-05-08,184.11052872257426,233.80789818097884,278.52406667641935,329.2208285703903,417.82700442135615
2029-05-09,185.0663628347173,234.26801114664278,278.944550529631,329.1215024540795,418.8340805136704
2029-05-10,185.3833703109458,234.1899438032528,279.2185936237095,329.6182072276539,416.55072484728913
2029-05-11,187.04333024443793,234.17055315169574,279.8845422124055,330.0048658218495,420.97349456673203
2029-05-14,185.71574655103933,234.2429216537439,279.3662263684116,330.77045644152145,419.9404679081039
2029-05-15,187.99108081321214,234.2869006348708,278.9376856271565,332.248691361772,420.0433892579718
2029-05-16,186.54329753832332,235.06677875567345,279.231384650001,332.6914897801101,423.116221465862
2029-05-17,186.40020436524742,234.53850123337378,279.86984004934243,331.9376546307763,423.37056770996975
2029-05-18,186.4939730268901,234.58482735259858,279.87674526731126,333.80488505041376,421.0340661243464
2029-05-21,186.97136845022703,234.43120825509212,279.3956417003367,333.73471670753884,421.62177942680665
2029-05-22,186.54148063297077,235.30508982462433,279.76782737011706,334.23299011592997,424.48596821313384
2029-05-23,186.9358966189514,235.55237122194873,280.2261313709098,334.47988625124805,425.1096383430484
2029-05-24,186.93775314841477,235.44765187411895,280.0202103654004,335.1150989276139,423.14479115738226
2029-05-25,185.9097642694385,234.57165015988514,280.1900951699931,335.05961249039484,427.67667641595875
2029-05-28,186.13707142117175,235.31911887340905,280.24692708751536,336.0208472262082,425.5866902733539
2029-05-29,186.81516438405208,235.58281545440101,281.0121302753385,337.107787555702,425.38801400531725
2029-05-30,186.83713665997664,235.50922829259616,280.9092486122054,335.4533283340979,425.0417157147157
2029-05-31,187.13615940732416,235.73331722966634,281.63364463252043,336.8488210561119,424.777884341067
2029-06-01,187.5327418697578,237.2839245435536,282.03737482392717,337.7839571051001,428.65164653367106
2029-06-04,187.5471191948569,236.84992083380877,282.10138685476846,337.6796541569248,429.1983079028843
2029-06-05,187.5863913023403,237.64364140719942,282.535117392738,337.77422427501676,429.24975486198355
2029-06-06,186.93291904268577,238.692738481517,283.2332890336591,337.5294188520463,430.76463201508534
2029-06-07,187.73556569533338,238.23995638892734,284.0222074272064,337.66623701413585,431.04208809378963
2029-06-08,187.29844753875395,238.40619510360668,285.3195397760544,336.98345305467194,430.86612055185356
2029-06-11,187.53782605604175,238.33234031410998,284.5858055553239,338.93329660101085,432.0945965990099
2029-06-12,188.19499232522054,238.19731142380954,285.34484748000136,338.5323668407783,433.59260845662146
2029-06-13,187.61303987355763,238.2518907699882,285.06733442393113,338.23487867338554,436.0755789787278
2029-06-14,187.77170229771085,239.03818979891292,284.49804631960444,337.75711217316245,434.90947744864906
2029-06-15,187.17702477070634,239.1980053556851,285.4017734627057,339.16412184033726,435.0261330390437
2029-06-18,188.04990228229434,239.5096198888313,286.3593188572901,339.2318366230601,435.1870800558154
2029-06-19,188.0658046462142,239.69263971036463,285.88191748895747,338.48879055230066,435.15309346808806
2029-06-20,187.33341566146427,240.115153616685,285.8394963593984,338.4486117730916,435.2424667535309
2029-06-21,188.2498250357687,240.36926763786,285.755699684951,339.7595925505043,436.5449638019062
2029-06-22,187.6313512450312,241.03123703485522,285.4568247807581,338.9863352622546,438.15738114984896
2029-06-25,189.1746703140963,240.3632590422431,287.0628384425808,339.00675201631145,439.20186588011063
2029-06-26,188.94681375735811,240.52404400058583,286.7093034216207,339.18943309241206,439.01086479420894
2029-06-27,189.10220092408605,240.05210071763042,286.53611687406817,340.6390739947867,440.2483929654681
2029-06-28,188.19427574936026,240.534867939908,286.49642822017074,340.25030301102066,437.9559831187176
2029-06-29,189.40203773047656,241.26554975931242,286.3818772993932,340.7659536348606,438.14614423148794
2029-07-02,187.3731270495375,241.61629075218403,286.9446352906159,342.1092963401676,438.66411744016796
2029-07-03,188.526586865344,241.22166099229858,287.99096738926323,342.39099323800224,439.1478238551666
2029-07-04,187.08422966249358,241.8422208049936,288.17599161002454,342.2604911196072,440.95170840340427
2029-07-05,189.07239054242942,241.8678636852913,287.2189153198347,343.8888177878837,438.55844862994763
2029-07-06,189.08441456089201,241.70004420959654,288.416552085468,344.08580993315024,439.2659522417748
2029-07-09,189.20114757174449,242.72180613595265,288.5656579950813,343.5090840245657,440.34937540428774
2029-07-10,188.7382317561276,241.71035705057596,287.5244599667827,344.15856947269305,439.7589606811664
2029-07-11,188.40500759450833,241.80872980187712,287.6675683358102,344.1672359726582,439.77676352394155
2029-07-12,188.2765725670079,241.69196040192963,288.15657558603044,344.703286400877,441.1060549064501
2029-07-13,188.48454164551583,242.8113948347059,287.82975635272714,344.52417806018724,445.0379336529587
2029-07-16,189.32927986758946,243.00630968501721,288.3499596889053,344.6395431592633,442.5573428289347
2029-07-17,189.99427640458495,242.9917698741106,288.243319905415,343.8746013405174,443.4214990064693
2029-07-18,189.82703440390915,243.52632222514447,289.32208582636304,344.12718741501584,442.12139885438074
2029-07-19,189.75821036138075,242.88139694254284,289.15440254132324,345.66283458248205,441.5332770655796
2029-07-20,190.28752259552826,243.24115835572505,289.60315169215176,345.81548150495206,441.0709386947738
2029-07-23,190.8799096639507,243.00586269279682,290.8510261709141,346.5168468025208,441.5465537811664
2029-07-24,191.18300931296687,243.74340580683415,289.84722737309767,346.31249473865034,441.24069128330353
2029-07-25,189.95682737468923,244.90930143128864,289.8634463798321,346.9795332072417,443.58405647860786
2029-07-26,190.63428941177054,245.14002162089602,290.4084834320641,347.8740209589576,445.0197391645908
2029-07-27,191.08990346576027,245.34229630180937,291.60040024778687,348.92067581228076,447.05063732606027
2029-07-30,190.45224889957396,244.71312283590171,291.14983900860756,349.509989315418,444.6678610510709
2029-07-31,191.46059321705567,245.4525906817735,291.7667577794656,350.4231979235599,445.9706028851431
2029-08-01,192.43529158394662,244.92968496433932,292.7665194973431,350.768554742913,447.39611452879694
2029-08-02,193.32976023264615,245.28138074852853,293.8644011071688,352.1088556708121,447.08715866477
2029-08-03,191.72902631735602,245.82050223115968,292.92257756464767,351.88377528335286,449.66583862950876
2029-08-06,192.1265024349366,245.1629101444857,293.0699920212811,351.633492225875,449.91140792506553
2029-08-07,192.5916514044824,246.08557605428499,293.8825274661377,351.7208773615154,448.32285019875854
2029-08-08,192.81839051999694,246.49192436077888,293.31116261636913,351.6863335698154,449.9971321435534
2029-08-09,191.97201718485735,246.35982834725897,293.7062009960065,352.18372269094186,449.717166437425
2029-08-10,192.83739220008076,246.42036718639258,293.4962941361994,352.3146938753374,449.6092172254163
2029-08-13,192.33440048985906,246.3341103227072,294.2549520105951,352.9248020492075,451.1673830868782
2029-08-14,191.3666747636967,247.68876851065517,293.88697227207865,353.9491051357571,451.7849235544794
2029-08-15,190.30548528265868,246.66169075329537,293.8548655276071,354.75936017957724,453.2989888456299
2029-08-16,190.78845905768273,246.8850350397905,293.7248946065341,354.41922054065185,452.3876935326557
2029-08-17,190.05368920228042,247.3221164750882,296.1145084325499,354.38494513594435,452.16806909805473
2029-08-20,190.34076750065333,246.9000536116973,297.0170420385445,355.5735518061716,454.18627408758084
2029-08-21,191.56759488343093,247.41178235184174,297.0849688744159,355.0475399788893,451.5465944256347
2029-08-22,190.25332746490847,247.68526719607812,296.360383346351,353.6967944411395,453.9548273976049
2029-08-23,191.67391226537563,248.98114233318742,296.58236482652546,354.8151343746007,453.835197327851
2029-08-24,191.3183925595385,249.23107070673518,296.95641927549366,355.3482630582681,455.4463919877846
2029-08-27,189.04478412269063,249.52971709647306,296.63970020982765,355.21531065423983,455.7192657701701
2029-08-28,190.41668667214051,249.77877761346952,296.92546411743615,355.12889136150613,455.15620961392426
2029-08-29,189.17725676309578,249.6326416010508,296.9410760567827,356.2174520729066,455.3565164302581
2029-08-30,189.22523803734157,249.22959571652115,296.1078817953428,355.77027710977666,455.1957399877002
2029-08-31,190.41641975820895,249.512083916452,297.19014850119186,355.9941003782174,455.1734055115498
2029-09-03,189.64906519354787,249.40439277576246,297.2363736155455,356.5614919343876,454.26358276224727
2029-09-04,190.93158350140095,250.3350681114915,298.5223736282401,356.6591061778701,457.23735829614145
2029-09-05,191.5248204189879,249.31154261438363,299.7872998590343,356.40324589070565,455.54445717597673
2029-09-06,191.57268233624546,248.90307537817898,298.1204400795216,357.2802347103758,458.7298283342987
2029-09-07,192.47032652561714,250.05306553135355,298.56612024319224,357.796841153766,457.42153138447554
2029-09-10,192.6072375159375,250.17818186984385,298.06134536391585,357.9472188682243,458.4569636847045
2029-09-11,193.2308150617906,249.9473731002797,298.832132768719,358.58770827993135,458.57137771929433
2029-09-12,192.49635473247378,249.44427505287734,298.2352728040246,357.49726677557663,458.72843051309036
2029-09-13,192.88490636322376,249.8773693928381,298.5473820938396,357.6806072707043,457.5174830246142
2029-09-14,193.6033159794181,251.1601690101314,298.68696112667647,358.27541918701235,459.6752501862965
2029-09-17,192.22612633485633,251.07581717393919,298.755343130631,358.3509133090606,459.4412902910303
2029-09-18,192.4440969759434,251.39730730863585,298.2912586920603,358.49708929800556,460.7303968406829
2029-09-19,194.10062677874038,251.20676657528892,299.0029502164411,358.9004976218952,462.75518043502035
2029-09-20,194.1374265988184,251.46634960500808,299.11654764658493,359.15439585949,463.3540943199864
2029-09-21,192.9397946706306,251.60471054162545,299.6636271895523,359.6483982936573,463.98648456324946
2029-09-24,193.30448703007067,251.82319600962347,300.70513252622766,361.3576182960253,464.9638982074353
2029-09-25,193.35113062369513,252.27503492074982,300.83502868807216,360.5393222443731,466.52087949599866
2029-09-26,193.33380603294617,253.11663182284025,300.8593554996661,360.50603415167086,465.35858438407223
2029-09-27,193.37963903252597,252.23524768510435,300.1062576238004,360.69254475035507,464.4792097047675
2029-09-28,193.5467704046288,254.71021368661013,301.02817916609547,360.63153212782515,465.92109131241057
2029-10-01,193.2686445709147,254.38864405487084,301.7950767064864,361.49678536293703,467.1836211399307
2029-10-02,193.83396588300658,255.3770470214699,302.8371523982488,361.77431512155243,467.18314454752397
2029-10-03,194.23763629492115,254.1262135427291,302.5320947962768,361.6293034629003,469.96972650718743
2029-10-04,194.61423215542675,255.018983823659,303.62544741861825,364.06253745423624,471.5102639120298
2029-10-05,194.10660885817626,254.11738629145555,303.2371634254745,362.5672407288248,471.63924421759515
2029-10-08,195.2839903587282,255.1506359009527,304.40000381316554,364.3968533759666,476.68896836702453
2029-10-09,196.1759260653745,255.33041409866416,304.9695382379307,364.98225436637716,472.17590081791076
2029-10-10,195.999725580616,255.0804315916148,304.22690481378885,364.88343746952455,469.1867051148977
2029-10-11,197.3342830097024,255.25364380654543,305.62846001365335,365.43631853360256,470.6526224551081
2029-10-12,197.345787763913,254.98934631604624,305.96978950249417,365.479190903474,470.01893006393954
2029-10-15,197.29655054179045,255.54303634157205,305.44504501871813,366.98149219380764,467.49138323728107
2029-10-16,197.6751313378983,254.83545546851923,306.62179780385975,365.5394596279544,466.775760979461
2029-10-17,197.90130469073296,255.91805330958604,306.192271270648,365.38957434781963,466.75076208113444
2029-10-18,197.0271972792379,255.0294675170499,307.7733639205155,366.9469556119576,469.2223576626003
2029-10-19,198.01601566129258,256.20096756091004,307.887166049587,367.369121143975,470.1319185191661
2029-10-22,198.85884478777393,255.93205737630558,306.6540108176757,367.41552831127564,470.0973153789355
2029-10-23,198.6076135851601,255.03974575234247,306.60963964353675,367.5496648695558,470.63590707274943
2029-10-24,197.5386778567906,255.0072027053984,307.4036580687843,368.11655548421356,470.87835103694545
2029-10-25,197.89935081927152,255.9908850812114,308.04121272223864,368.57915148876606,468.9334046040969
2029-10-26,197.66311160574824,256.0600548558431,308.7960071479906,368.3602604796873,469.6442192140004
2029-10-29,197.0540638690561,255.36091834857572,309.5147610882128,367.4344285556755,470.3260631905225
2029-10-30,196.44532214107684,256.08933447530626,308.34845281850494,368.8442219002076,473.18024808567384
2029-10-31,197.77480193956592,256.7289438147164,309.75023171215287,368.0974782905157,474.46003292887303
2029-11-01,196.79981235419356,256.50493313959777,310.7390786846953,368.84703721135025,477.162166002442
2029-11-02,197.6074799624194,257.3801790993005,312.30028360822007,369.5348638920092,477.04011960655896
2029-11-05,197.60402461231467,257.69770218438276,311.12535676388984,370.3226201701838,479.47467135760644
2029-11-06,197.79649852580604,257.7022427874775,311.44502998265165,370.7582048631907,478.4791991963615
2029-11-07,197.491483902637,256.7403543308417,312.2074846770686,371.2018487586207,477.7932440390359
2029-11-08,197.96217120226794,257.6970498363638,312.4202109422349,371.7285135692177,481.86901449416564
2029-11-09,196.5967336207737,257.73865444791517,312.15106474523003,371.957959788698,478.7814244445044
2029-11-12,196.47432940709533,259.08406734969134,313.0023188665639,373.0032018121692,477.15614046608266
2029-11-13,197.4453892121381,258.8282605533674,313.11037534861873,373.85356910607226,477.0423683914377
2029-11-14,197.0234766941393,259.4837694470788,314.11563924839595,374.3552292904997,476.7703755466424
2029-11-15,197.02265226425695,259.08909288131343,313.94323965008044,373.865726262365,477.1983994804414
2029-11-16,197.2316834090351,259.5682614132345,313.75079987499475,373.9010739295745,476.44452452064087
2029-11-19,196.4809999174983,260.10014100584806,314.2466393392595,373.3041692545457,477.2652296312557
2029-11-20,198.27733906206103,260.5008715133106,313.67383259556215,372.62701270977243,475.31884679697464
2029-11-21,197.68340431742925,261.22717945504945,314.0153799871141,373.0396699703141,477.41836057079297
2029-11-22,198.1056396227637,261.39744440636656,314.2984347800855,375.9457669866416,474.8825914932229
2029-11-23,197.9960091511039,260.9147264572318,314.1455458791181,375.618082577482,474.5611729958276
2029-11-26,198.52801936036195,260.2578480506959,314.56423113642285,374.56898941225876,475.1239187320532
2029-11-27,198.59281394502992,261.1323278125417,314.39339394611864,374.55294166884624,477.4431301111615
2029-11-28,200.15590766916432,260.69784440925343,314.91045666205105,375.02744606476256,477.18183060010085
2029-11-29,199.4079899620822,261.3214407530685,316.5435468101998,373.24830885541564,479.30952497065704
2029-11-30,200.31325394037054,261.08093650365885,317.0413118361229,373.9312843746147,475.6802674737528
2029-12-03,201.17824082873798,261.1184887845276,316.39679777636366,373.03717547072836,480.24258566085405
2029-12-04,201.0027885052294,260.5358574596222,316.12061901476073,373.8107013342126,480.08276369052135
2029-12-05,200.19321785380458,261.5870334904692,317.88596710732537,375.167535942218,480.7879090954833
2029-12-06,200.90933170743756,262.0902943440796,316.7725427546727,374.55805843099665,475.63035889688115
2029-12-07,200.91381369840104,263.10745514549603,315.53811340450284,375.5262181641033,479.4297246645446
2029-12-10,199.9298293447361,262.5904307845642,316.75164098250843,376.7543520973423,477.95858962420186
2029-12-11,199.79052079778785,262.76529384377415,316.8577197993882,376.1053727568931,475.86414725670306
2029-12-12,198.30735768826963,262.9755553308365,316.8776211290217,376.81588358649765,478.9197572800289
2029-12-13,199.6806425732027,262.73279197587374,316.53010205738565,376.96546617081356,478.02774305112314
2029-12-14,199.6540646271562,263.5993058287981,318.64159671399057,376.7791746147316,479.9108976185928
2029-12-17,201.05372486261885,262.77508471631046,320.5297826216805,377.64906663548663,479.8908003171349
2029-12-18,199.95804624913737,263.08065959129055,319.6966503462834,377.9549772682368,480.2889429976578
2029-12-19,200.6543644322097,262.59765161657657,319.313863941273,377.9056219989317,479.4585671864881
2029-12-20,200.50411289920774,262.12781731082623,321.0044129467776,379.8657501540587,479.16331402731913
2029-12-21,200.9733478682119,262.34712237473906,320.72449448502806,380.4057590070819,477.450633400711
2029-12-24,202.56477949948186,262.86990042268394,320.44759416659787,381.68265875041567,479.4958254922305
2029-12-25,202.3230177814981,262.8088337830711,320.4940071237037,382.05715259578153,480.75027267148937
2029-12-26,202.73001154284708,262.8593936586734,321.3418000765304,383.6097361563725,482.5190049468784
2029-12-27,201.9088449757874,262.9598254334212,320.3209675171665,384.61562182221456,481.4919403380053
2029-12-28,200.83261011378798,262.64353921428443,321.45685976878053,385.58309060395095,483.3501474786358
2029-12-31,201.53270078727846,263.78375188505254,322.41024914286527,384.5628024333307,485.5832672226435
2030-01-01,200.91994453493712,263.23085129985395,322.5856201798319,385.3087343795262,484.77682950742036
2030-01-02,200.71191955850568,263.55517345695796,322.8348472024658,384.225092186886,485.1941423035418
2030-01-03,200.80570379206864,263.4417111077283,322.9656440621369,383.66096760242425,485.8711837893386
2030-01-04,201.8060194041371,264.0597081772734,322.7269771145758,384.62753253154085,485.9551345911486
2030-01-07,201.4754690077021,263.69679587574626,324.1102653469781,386.178511331257,490.10992273434226
2030-01-08,201.3328618516064,264.50961604451925,324.37265137298414,384.4159247791249,490.70267070671014
2030-01-09,201.81320092544786,263.91950080590203,324.78851353643313,387.31905021165153,489.43591356452333
2030-01-10,201.3493544544513,264.03210476834005,325.0680937137551,386.9738872787402,489.81901694512806
2030-01-11,201.73909803723552,263.868479513178,324.8214727261442,385.43271526335525,489.814168909753
2030-01-14,201.2582686557401,265.28482060649446,325.5919960744113,386.54091334864694,488.8232602308215
2030-01-15,200.51712949433565,264.4834648822531,324.7846515933189,386.67532849361544,493.2223781674906
2030-01-16,201.71872769908035,265.07266333144986,325.3356696943223,387.07961915526585,492.86012990929714
2030-01-17,200.75029461713925,264.98117232379514,324.9421685226938,388.4560885875386,491.73830589271364
2030-01-18,200.5194888530714,265.5872960224757,324.69491244193955,389.0921560668509,491.89100656967736
2030-01-21,200.21026596364493,265.69512209653305,324.6178122215098,386.6139645029972,495.69592322875656
2030-01-22,201.84942594501007,266.07860195277135,324.86965746671854,387.57923027747944,494.43444427644636
2030-01-23,202.09638260620906,266.0602976800479,325.0915291492992,388.592006082425,492.57763059108004
2030-01-24,201.85121544037978,266.53632398681566,325.96446052464387,389.1790523240668,494.9686885486146
2030-01-25,202.1191542741617,266.8589977309399,326.6433229479997,388.81751116364137,494.30463128932274
2030-01-28,202.57227323516017,266.24607076113386,327.33707549165445,387.8529900880179,492.18952682537
2030-01-29,202.7651043133545,267.2429659749519,327.0033669376885,388.43147800063093,495.59267080740267
2030-01-30,202.7792010640323,268.7013299894183,326.8533415644397,388.954322713216,498.3396744707169
2030-01-31,202.4852590145679,268.93372398937566,325.90580726886935,390.37784503506396,500.91089264662264
2030-02-01,202.83610860331632,269.41042582200083,325.855723340586,390.6806590926804,499.9933698207122
2030-02-04,201.90965821308154,268.8298767201448,326.0909255714921,392.30848505431754,502.7882895128888
2030-02-05,203.22090828101997,269.77382476311084,326.52323788312265,393.20354333421324,505.83858679638524
2030-02-06,201.99915979430762,269.8735520567043,326.7055860129705,392.51650740750057,501.5952259952689
2030-02-07,202.5134297903852,269.73588948975,326.44937045986774,392.143141862575,501.4995244037287
2030-02-08,202.09675174236878,269.91505630578376,326.70697772227527,392.7316424514319,507.2474583870134
2030-02-11,201.3804918072865,270.1186288998455,327.2776632612379,392.57091130736296,507.3992520321609
2030-02-12,200.38564532222085,270.2856496796367,327.11136782810235,393.372662418809,507.2184467337957
2030-02-13,199.94967149087677,268.95746546127714,326.6354693148482,394.1526140979265,507.41302323107953
2030-02-14,200.0769783096562,270.25045250513085,327.1583531637822,395.03955291092586,509.7614886594447
2030-02-15,201.72876228381162,270.004925064858,327.43702795156264,395.22487423843785,509.80514215112856
2030-02-18,201.99075220331133,270.59574937940965,327.57895014756343,396.27317804746315,510.5663748395153
2030-02-19,202.90096859762588,271.20471009952826,328.2990457682097,397.0737717273572,516.820255371898
2030-02-20,201.90783881504916,270.61946797675967,327.2857107209562,399.4868153528263,516.2548614071278
2030-02-21,203.40926664414206,271.1675297080893,326.9150172077276,398.71812364652857,516.8387970571695
2030-02-22,202.8841540203007,271.3101099148859,327.4957820968208,399.96241834661646,516.323144327704
2030-02-25,203.2221727107521,270.3168519849149,327.3951718136592,398.1039386590252,516.8612912122277
2030-02-26,202.66964488731531,270.1353439431094,328.1910535042347,399.7028900209703,518.1451400985156
2030-02-27,202.85914883163434,271.00601848174404,328.6409261589059,399.46290027421924,515.4331137641127
2030-02-28,203.4971720204646,271.15350189550367,327.7162569022525,399.7396256118781,516.628641273276
2030-03-01,204.50646029843404,270.93569392721696,330.2738579045927,399.71456094585034,519.0686718187197
2030-03-04,205.1788565279798,271.860085911778,330.02032559235874,398.8527810406567,517.2922745669883
2030-03-05,205.35432591812696,272.35485123080855,330.7922398253649,400.15705540558594,514.4651569503552
2030-03-06,205.03738882339698,273.4894552235389,330.6399839040184,400.7513315990825,517.8803518257064
2030-03-07,206.16085848888463,274.29005097912506,330.893924482698,401.1668706628431,518.8535844368475
2030-03-08,206.97408856231908,273.5871453277503,331.3662420316043,399.79337310156495,514.77238147232
2030-03-11,206.3161002662841,273.1228358731581,332.1158604098175,401.87419530088823,515.4008553687329
2030-03-12,207.11841116214003,273.0451878734645,332.1640611887202,399.7763366738756,518.0714241691752
2030-03-13,207.4817035640952,273.96910193219145,332.49301468911085,399.8249132752819,517.3804704818488
2030-03-14,207.35097941035534,273.6137933405415,334.3408237310674,400.8956362336947,516.6715296589513
2030-03-15,207.33514799732907,273.8112873911813,332.3194946638251,401.51536902243004,518.7523164042328
2030-03-18,208.10841876923297,274.3759408942097,332.985714030892,401.9301518465243,519.2861938417741
2030-03-19,206.62966445715554,274.22975666590276,332.95804489986824,402.06709393154676,518.9631751498863
2030-03-20,207.29832785959184,274.6658505734299,334.3316297613815,401.800389453172,520.7546458038677
2030-03-21,206.5498676065208,275.2543745299448,333.32255673482564,401.86086292505615,519.7243540271102
2030-03-22,206.73980788237665,276.25538930943446,333.4287778842307,402.01856287633757,520.529112642701
2030-03-25,206.82078463798652,275.1964518080206,333.7623817170935,402.5355752065931,521.2660004440472
2030-03-26,205.75804191131476,275.0392699461995,332.77030258006874,403.8438634011495,520.769907253892
2030-03-27,207.31331338272133,275.3137912456004,333.41932075313696,405.6958298598646,521.927358413958
2030-03-28,206.4480111131996,275.23123790524744,333.1643200490812,405.450627828895,523.8011928894382
2030-03-29,206.65369248597892,275.86045952668314,333.40068385216705,404.9217366252037,525.6676319772367
2030-04-01,207.05007225046285,275.8807131040912,334.2092259150514,404.4359706366006,523.2398679868498
2030-04-02,206.60745562234607,276.3455434037341,333.4640678673676,406.0515150961123,525.2881827274691
2030-04-03,207.6735331877627,275.9579199426046,333.4473251490246,407.07037943203704,525.144096169502
2030-04-04,208.0785753066101,275.62199088996346,334.9577936121677,407.41532462104664,525.2279747076121
2030-04-05,208.28325054144148,275.48754659976936,334.35224805324003,409.1270029602676,524.9408551001206
2030-04-08,209.54976490587748,276.52028982507227,335.87829553868573,410.0485569534128,527.1204194058081
2030-04-09,208.02895768611126,276.36197273352707,336.4277833182615,410.56089160469986,525.4011758728615
2030-04-10,208.55867955393288,276.8405015503477,336.29901877798534,411.9945593955382,526.4016711627079
2030-04-11,208.2131449535194,277.2180642021725,336.59563905651237,411.9538654557199,526.5143608181492
2030-04-12,207.76713576017497,276.73898255583583,336.5943392879303,412.2928173998188,526.7646265425777
2030-04-15,208.91801285103446,276.82924171484075,336.2445588444257,412.53907463905665,528.6747922899951
2030-04-16,210.08874653133188,277.05933728840137,336.6489534868948,413.5395145780634,529.1423851307169
2030-04-17,210.53231151364645,278.1714704042084,337.5175562664431,417.6632398006242,529.4930640050542
2030-04-18,210.38659093073133,278.2414765239629,337.0150413955592,417.35671427824315,530.0120674849256
2030-04-19,211.3786619377038,277.5432051502436,336.33857547547825,417.17373511564165,531.0741689305256
2030-04-22,209.75816109987537,277.9654054006611,337.0368482502955,417.77881227765215,530.8402168920301
2030-04-23,210.6069049149561,279.5860306049433,337.1532428408394,417.91594895532626,532.6415310881401
2030-04-24,209.65852653788903,279.2116763978697,338.3422889875056,416.4441818985076,534.9577227028473
2030-04-25,209.12963363649015,279.4722015172972,337.8336248066763,416.7869298394687,535.3103372729506
2030-04-26,211.02652661506593,279.0686769370682,339.3064811783612,418.7546636728409,535.1112912074361
2030-04-29,211.97860273028726,279.15745173586134,340.3872876634416,418.76846412216213,533.9199598342213
2030-04-30,210.41586816688357,279.18162981154876,339.9008834030453,418.39086198301004,533.4326944776308
2030-05-01,211.0032580424404,280.0019074456678,340.57974912011076,419.25238782486525,534.6839331904474
2030-05-02,211.45031924374618,281.10562093579756,340.29948619900347,419.26690311878457,530.3467673183494
2030-05-03,211.32268461599435,280.2659099585971,339.5999880144901,421.88540529060185,532.9963148610036
2030-05-06,211.957544158517,280.40719046102566,340.24089352934493,421.10996714561736,536.0792604264216
2030-05-07,211.55441200856023,279.94398891300955,340.47989383612804,420.47135268775173,537.9717958305494
2030-05-08,211.94469376355985,280.2035411802994,340.8072099743307,420.6084370285521,535.7905185240413
2030-05-09,212.08686811392508,280.46272735302387,340.70896695179175,421.750064265927,536.110267991838
2030-05-10,211.83430910877317,280.82450393524266,342.2204784230313,420.36099122585654,534.8139093119253
2030-05-13,211.83926213854744,280.1521752257848,341.7507929721472,421.2061421201005,536.5063708583759
2030-05-14,212.2985559050108,280.0865833883792,342.79020949969765,421.8484682784707,533.6476548529529
2030-05-15,212.1530057588384,279.47668305565287,344.41721232044733,422.88760188190054,535.1639667465707
2030-05-16,212.31617430931317,280.4034484763222,344.2566654722765,423.25369388399736,532.950194185754
2030-05-17,212.29987090088554,280.21667336403704,343.64994401419,423.4744412573669,532.3385059679948
2030-05-20,212.4914742738635,281.69557453923505,344.72943381278066,422.7670485624998,532.7898122326983
2030-05-21,211.22973729262054,280.9026201493848,345.1271084828794,423.4421173368978,535.0587361191365
2030-05-22,211.23024448100375,282.50289431702504,345.7717554877952,423.1208667408525,538.1575686240922
2030-05-23,212.28860003296904,281.8349895098088,346.4467619554765,425.25709425937345,539.3809518758859
2030-05-24,211.96248562324791,282.2252822208646,346.2285785249958,425.89980279212176,541.2276796220888
2030-05-27,213.71812972057685,282.7156595039388,345.9664503025365,424.2858095077157,541.5268241661698
2030-05-28,212.8335730229676,281.5552418503323,346.2620603905773,424.3855230893698,541.784888800486
2030-05-29,213.1252390517191,281.70117811448097,345.8776219833724,423.4966495698608,541.7808492774783
2030-05-30,213.41129511012088,282.8686882435113,345.53400323441633,426.0190527553391,540.087365699032
2030-05-31,213.01257287041284,282.7091140443324,346.8554186824797,426.0452373557207,540.2034146694497
2030-06-03,213.06216954910903,283.6965106114636,347.0856412692594,426.01795402545565,540.6380975416233
2030-06-04,213.17579721349415,283.6114735335552,347.5562726130193,426.545475661197,539.4385531257515
2030-06-05,213.31305946507413,283.40454190951374,347.00910551908214,427.2003499587833,542.0974993686128
2030-06-06,212.6329267173972,283.52019993069985,347.4820679773987,428.46630190194816,545.0372088532633
2030-06-07,213.2368713322147,283.035440688843,348.9813060643087,430.92029369814327,546.2974581124855
2030-06-10,214.25121630680178,284.09112727288516,348.3306861964011,430.1559639269516,546.5182474579076
2030-06-11,213.03219414989312,284.00100048556664,349.2346083469462,429.8439656394779,547.231583621038
2030-06-12,214.10885757077546,284.92200105621623,349.6038774469409,428.93412097151594,548.6745367323939
2030-06-13,212.68697244088932,283.82536224807376,350.2535071971116,430.3215336422316,550.1148666093444
2030-06-14,213.49343013117087,283.71999379983777,349.81810983116594,429.55419719030806,551.5772206483547
2030-06-17,214.3264923559451,285.7262544706807,350.7480804061727,431.5415065994572,551.9192102533475
2030-06-18,213.60177738984524,284.97517955876367,350.5074688222752,431.0408584136995,553.7158542549308
2030-06-19,213.61965479695388,287.7913079645107,349.86170745317986,432.427665613923,551.8478714138209
2030-06-20,213.53744739668198,286.77922688989884,349.8031516698866,431.81590695801407,556.5282027015654
2030-06-21,214.78751359929427,286.23718191994027,350.45482362891835,433.63096513289105,557.0189426368601
2030-06-24,214.89878130220683,287.9443560909685,350.7642500061335,431.3135490470872,560.6390137358943
2030-06-25,213.29519111000354,287.2292153607326,350.983772609994,432.05929915754746,553.8909618341941
2030-06-26,213.71258275342873,286.64027347642525,350.6338326811966,432.259048652376,554.6890825148
2030-06-27,214.84042287576275,287.25411364027156,350.5080973731672,431.9667128190626,558.7408780458121
2030-06-28,214.69346113625767,287.0155208505122,351.1895682230199,432.08203128287465,558.2906949148502
2030-07-01,214.9854030155531,287.49343342230213,350.4243976993147,434.5687355910428,559.911437547391
2030-07-02,216.15855933948,287.61210494554916,350.9656358699608,435.44339008739087,559.4012073337099
2030-07-03,216.2161445156824,287.42009788922724,350.3328862792707,435.1919336266848,558.9465763190547
2030-07-04,217.2295295104724,286.1128972229266,351.8131358411772,435.0453812888326,560.4604761330053
2030-07-05,216.31402181835756,287.3397291605279,352.2719506159763,436.79830395751674,561.4336941557062
2030-07-08,216.8543921876339,286.64233924470454,350.7954241828987,435.0363824260175,563.6120305765039
2030-07-09,217.22852938904185,287.1784229371249,352.4979444204107,437.2110123572525,564.3214888324933
2030-07-10,217.62424811838875,287.34975656513325,351.676461006648,438.58596982972017,564.3265388630407
2030-07-11,216.10197893490036,287.9381867427809,352.3214808643254,438.6403634572145,563.0367755041597
2030-07-12,216.2009984786017,288.9448450140591,353.4434613210899,438.3881460080795,563.7294859773223
2030-07-15,217.48702695966904,288.9167305707975,354.66898877719757,439.27575184530633,564.5222140102768
2030-07-16,217.30218563909682,288.29708152376224,355.1491988946725,440.96777914798486,564.2604331641849
2030-07-17,216.7062964817151,288.4816966082701,354.9611692986779,440.1005259376442,565.3587494104028
2030-07-18,216.6269810742691,288.1182553275439,354.81254628994816,442.59406042830125,569.6929387878325
2030-07-19,218.00316040695108,287.9896896722237,355.1562073265285,441.31890971590246,573.5271314615906
2030-07-22,217.49624415822134,288.96943554596214,355.42416596712224,440.2210177124741,573.5956014757896
2030-07-23,217.48461017208345,288.73398811678976,355.50869320921663,440.90053731747247,575.202920005177
2030-07-24,215.81956240165354,287.95269407982585,357.0483927433443,440.9830094561997,577.8381223669035
2030-07-25,216.6673623083197,287.30700106851856,357.8582532797916,441.7578848375723,577.4063464084606
2030-07-26,217.79168450702093,288.231720044153,357.7529187301817,442.05178361265536,579.0840161634703
2030-07-29,215.7243667775497,287.8283469660296,357.49706275607,443.3280533475903,580.0964326405716
2030-07-30,215.07828638781717,289.2569367984931,359.04902965550366,442.47890279104666,576.4260392505712
2030-07-31,218.13142260678904,288.3420141356232,358.3025820297586,443.99866932384356,578.1490385910947
2030-08-01,217.29056054496294,289.04505337242153,359.0806425953991,444.07677309921945,581.6557020555507
2030-08-02,215.57276303903026,289.1202271818997,359.2512796847837,444.1755280526721,579.2842149255454
2030-08-05,214.980179050505,289.57376252407454,360.5808897813994,445.0054414302719,582.7491603585821
2030-08-06,214.6299148210211,289.09840839131647,361.2494678878329,445.3815694411352,581.4156723429858
2030-08-07,215.93179223616596,289.84232080457986,361.0966270488793,445.7675182125709,581.6667499465095
2030-08-08,214.94320791603784,290.585649015373,359.7087603461244,448.0513473211907,582.6684321436777
2030-08-09,214.97967123355662,290.6198548681206,361.50592625327454,446.9972043906086,589.0061325916262
2030-08-12,217.0504867770822,290.302331103483,360.3428063867318,446.42077211775876,591.1822856726263
2030-08-13,217.04201724389887,290.6270182582936,360.7374058380345,447.02619681869794,592.9108392133609
2030-08-14,216.3003564633616,290.86614544084483,362.52681854255354,447.86119142805904,589.224295017328
2030-08-15,216.14116628199235,291.90616639659453,362.2503984476179,447.70921641247367,590.8516636183953
2030-08-16,216.42099894923288,292.45381481198024,362.2297781792422,449.1326263204622,587.9810092564621
2030-08-19,215.71470807913198,291.4288573670976,361.89309757001627,446.9837935515675,585.7966289125286
2030-08-20,215.583808217794,292.169986228944,361.5430905902546,448.41220010708776,586.1063073181563
2030-08-21,215.39030997605965,292.2831112835409,361.61247447297285,447.97863282437726,590.2855391276886
2030-08-22,215.7369471428402,292.30306729089875,362.8103206079692,447.32000127547104,592.6358317207323
2030-08-23,218.55040790745824,293.0825140150888,363.28215954966515,448.10898405256376,589.9745019792846
2030-08-26,218.76339388204389,293.5429108428326,363.8527226792588,447.7326685946715,593.9264867683818
2030-08-27,219.52971052124764,294.1898726925007,363.99681605272986,449.85263331253657,596.8132941815041
2030-08-28,218.18239605498482,294.58152371368027,363.5991207834387,450.51467177144093,597.0627313306378
2030-08-29,220.5543352881535,294.8904994363589,364.8047408741736,453.7981843004112,601.1443675743819
2030-08-30,221.3218533900985,294.48597196521644,364.3358132149376,452.49052108238266,601.9948278044317
2030-09-02,219.93962816239087,294.7081042441896,364.50045201077967,452.62500818304443,602.0527591242925
2030-09-03,220.92645267348692,294.5826080695298,365.5548999812732,450.8883589258836,599.3657542257914
2030-09-04,220.97078389838933,295.17541223236464,365.74081137019016,453.2723000255143,605.6519920892432
2030-09-05,221.84126057196326,295.7502852671928,366.48006829905216,452.91584332863516,607.6203357897217
2030-09-06,220.8254644194737,296.71518784260434,366.1148377756118,453.57782177350236,607.9990316971587
2030-09-09,222.2941634383254,296.4830328332714,368.3034910555907,453.5445008856815,605.6577446415741
2030-09-10,222.25799445506047,296.3203750527016,368.39971450169924,454.57939746338104,606.0982785515773
2030-09-11,221.69962497849673,297.23980923541103,368.4506735649948,454.8917726745517,607.2015116542691
2030-09-12,220.7095424933396,296.97517991862065,369.4443759737392,455.55477727809523,606.6915592483188
2030-09-13,220.47109370530328,297.18098286524236,368.9060285727512,456.43201314430405,602.6885425029825
2030-09-16,221.04079042343105,298.2923953567535,369.20257224936665,455.3147560009871,607.3593897176082
2030-09-17,221.70899694997564,298.2409975184733,368.21682691324725,456.2812374396283,606.6778878238674
2030-09-18,222.9608976425444,298.5311973712397,369.80914919042385,457.65840197041996,603.9643223353914
2030-09-19,224.21436577581238,299.0197738077086,370.2282661860426,457.8122587282129,607.2600018773435
2030-09-20,223.44978099856408,300.04771556362766,369.8056029235578,457.34126447958045,604.6160588909169
2030-09-23,223.46978372094193,300.1980371955061,370.58686766874973,456.3840470288753,604.5973073308297
2030-09-24,222.383308756383,299.5120518066444,370.392254015136,456.7387487599266,606.4349676056407
2030-09-25,225.0097817671467,299.3530951587338,369.834775105414,457.85360999709405,607.1191755837201
2030-09-26,224.05541681577535,300.5915750676514,369.7434820746322,456.81448420521156,608.2831410505987
2030-09-27,224.75347687276542,300.0153626313877,370.07076255511697,456.9928955939835,608.3854954843553
2030-09-30,224.05922888421935,300.82010271089945,371.0053623998318,458.10607616703555,609.9145384975562
2030-10-01,224.20147964485994,300.3603651800112,371.70290797403425,458.66454107046127,613.2318639886421
2030-10-02,224.38433280302667,301.3147419765025,372.0130026929557,459.2895194229053,611.0528369859662
2030-10-03,224.46268262900702,300.7140731168629,371.66918026846406,459.1409616241657,613.7051288645579
2030-10-04,224.17885706601695,302.66229835223464,373.47523302238596,459.6158566356372,620.6458517128252
2030-10-07,224.1887623932946,303.12887204055124,371.7463629274143,459.7584134618114,620.0798182940784
2030-10-08,224.6719430663032,302.6329397186568,373.16299215364194,461.7467621540544,620.4754222542966
2030-10-09,222.944153636995,301.6609708302074,373.5995071304724,461.34119373866645,618.1855097918148
2030-10-10,224.76208147699646,301.9452854515176,374.5945252075435,462.1995028606315,616.1440247034258
2030-10-11,225.05008204707812,302.38151459655245,374.91900650367796,463.18999639859766,616.6068141400256
2030-10-14,224.9153444268311,301.22115208028686,373.46381787090957,462.5161811906085,624.33718093806
2030-10-15,223.86106769372066,303.03629157857773,375.05223623707303,463.85872559719456,619.5245391687123
2030-10-16,223.662425626918,302.957858132733,374.7826128237027,462.8880559610537,624.4677834671492
2030-10-17,224.61711889852754,302.6271678849564,374.6121131959619,462.28236667034366,620.7626528035593
2030-10-18,225.59400928814455,303.71455382931174,373.8725565820294,463.7669967171061,619.3877916965666
2030-10-21,226.1110041639429,304.0998719590282,373.12429305589615,463.6565067465811,621.9270681203325
2030-10-22,226.67954114775682,303.71309127600307,373.03437001778457,463.6255843357425,619.6494328092064
2030-10-23,226.42812584041658,303.23166132032895,374.79941817724864,462.75024290722376,621.1295729947956
2030-10-24,226.60740206320875,305.52052558419194,374.8502570374127,464.4993034652474,624.7170062842104
2030-10-25,226.84284309582318,304.48783790147337,375.42767515012645,465.80188153988513,624.3839143019641
2030-10-28,227.30468723392102,304.6606718601823,376.57829242184744,465.86978090186153,628.4007523930162
2030-10-29,227.29545393920634,304.63906306265363,377.8578201184348,466.92803416382753,629.9515039210366
2030-10-30,227.3332373641897,305.06341159671496,377.3338286969039,466.30666271302687,627.5145818718803
2030-10-31,226.83272591659565,305.54941599725794,378.32658714781405,466.8309004190835,625.4807466576444
2030-11-01,226.71198955534462,305.6742339739799,379.25708907701585,467.3202431760925,626.4064928732394
2030-11-04,228.13561893667992,305.4467675487247,378.5968387613385,467.837147839323,623.63791372731
2030-11-05,228.1116353708831,305.2920574256659,378.79971000783064,470.7822249809262,619.8765354610985
2030-11-06,229.4900456151791,305.6869603944141,378.8864716927808,471.39592161177353,624.9232239904525
2030-11-07,229.6411162299208,307.16699865757175,379.92709693769325,469.3865332645852,623.558938978695
2030-11-08,229.7739162115333,306.1365682212494,379.82023098770117,471.305763842615,630.5204087096267
2030-11-11,230.25083927662547,306.37836152342504,380.54383939927925,474.4014550675032,630.7915266058885
2030-11-12,230.070810916982,305.54865906750496,380.9359323950599,475.690350892133,627.448606706831
2030-11-13,226.7962332002123,307.89300745758806,380.62343397437337,473.2096993569277,629.4930885249227
2030-11-14,227.4125609148442,308.5555662707935,382.245345809132,475.4146177712781,631.2596731319604
2030-11-15,226.5830836193777,308.61156027551795,381.6925287622191,475.708760386497,630.7238216807889
2030-11-18,226.83931329812197,309.2365646582364,381.1877568544003,475.46175457470105,626.8604930386929
2030-11-19,226.8268684736431,309.7266300870215,381.9431263387929,475.7522061859047,632.6053106901912
2030-11-20,227.9701221936442,309.04868441980966,382.37861080377206,477.37969406773936,634.7260855813014
2030-11-21,228.63532351568733,308.4756432902376,383.1049189108951,477.18870164478426,637.7286278079845
2030-11-22,228.03828805395736,310.1807453145271,382.21485558297854,475.5681873994407,636.8406421546564
2030-11-25,228.49497624510292,310.5142778011504,383.88444146923297,476.0581642152543,643.6537770310343
2030-11-26,227.5497583839444,310.4665270646431,382.97095763092057,476.11937760904516,639.5078011567056
2030-11-27,227.5023502524195,310.8663152426785,383.93594930939486,478.05977306422443,644.5704241538436
2030-11-28,228.0111885853006,311.7369328791009,384.41875710673673,477.03638128407607,643.6393925348297
2030-11-29,228.26263062260642,311.2032822435858,385.7397921386326,477.8713215474154,640.6324241304147
2030-12-02,227.4815585990967,310.8542154111999,385.26786664505164,478.156708965342,639.2420248311039
2030-12-03,228.01586129016718,311.9099466437225,384.22031183212744,477.2714202888366,641.1371532358494
2030-12-04,228.80673859836915,313.0560494365832,385.13397008121444,478.4970922636349,641.4353380671661
2030-12-05,227.0795317769062,311.5591175311862,385.88273537771806,479.4426233416425,641.8694122075349
2030-12-06,227.61082048724333,312.1590181414224,386.5508362725307,479.449492904671,642.739180096796
2030-12-09,228.74977763109428,311.69127767992416,385.2932355613309,478.5378914064013,641.3249146351388
2030-12-10,227.7350561421347,310.91084655273636,387.6461889362147,480.41231802021684,645.0310591303353
2030-12-11,228.61890397418273,311.5022897451037,385.8903178532483,480.81250467191137,650.4595115086205
2030-12-12,226.86779313937345,311.61051679793206,387.1122907895301,479.8479158186145,647.0267838849853
2030-12-13,228.56701168372376,312.64134293729705,388.27683251054384,480.3843270817735,648.2085203810038
2030-12-16,229.05350158650913,312.9631432726774,388.7099093980467,482.51686390232226,643.2275327778048
2030-12-17,229.7174608181782,314.17132252597753,387.9236766060277,481.75471011469915,642.96009924957
2030-12-18,227.5795353989014,313.3941345359186,389.4657275872196,480.7688032168641,642.4976535623318
2030-12-19,227.7604587202648,312.75540115895933,388.721519433464,482.25489461253204,643.1737245463452
2030-12-20,227.56913320070618,312.8142593195138,389.32304342025134,482.32417671624023,648.1669729767088
2030-12-23,228.95079537047587,313.643091055048,389.26360177405184,483.4110346032785,644.4519297250868
2030-12-24,228.0923378909322,312.7123599536781,390.8714191060757,483.10732638316864,648.5536263980171
2030-12-25,228.49280039305455,312.091322752277,391.61320660123755,485.5124245709243,648.0783297433396
2030-12-26,228.91645882548653,313.3057524391181,391.3081257075737,484.05037148951374,647.2907041890871
2030-12-27,228.56796491097194,313.0340102222961,392.9585653952921,485.1436255493661,649.2171271583801
2030-12-30,226.64853482127737,313.88908028295873,391.6932200064714,486.2248114395092,650.2188295176987
2030-12-31,229.10378799820373,314.168155710737,392.2719784451691,484.3787288089244,654.1841815881216
2031-01-01,229.37707115675477,314.74419848241087,391.9442343446997,483.73826795556096,653.6849355342664
2031-01-02,227.9849584550147,314.95840496524215,392.49603539819736,487.75504290980564,656.2530954321111
2031-01-03,228.2308045828051,313.8416302251369,392.3549531482626,485.4097969769392,657.6240838948188
2031-01-06,229.0807104560519,314.743334975355,393.6986218429351,483.2399096436915,655.6331231906497
2031-01-07,229.3424280224899,314.3449004160232,394.32395310533707,484.1433357069098,655.3451132551077
2031-01-08,230.05729564947447,314.0628676194608,394.9735418694974,484.9357608077629,653.2142912515899
2031-01-09,230.63944714975852,316.08098484234716,394.55620748919307,488.7881582136373,659.4637659443375
2031-01-10,231.01843125835836,316.3203309463191,395.89183126039984,489.67382186183846,658.2607665781538
2031-01-13,230.95234937782885,315.9781123384384,395.19276547903576,489.43554007668587,664.1093628284201
2031-01-14,230.6099677855978,315.21542615035185,396.4254323615502,491.30074167998407,668.0393328953008
2031-01-15,230.64304189146623,314.9574700760291,396.12745179395216,488.6505846925521,662.6804341439929
2031-01-16,231.31002528388137,316.1100303822808,395.3881524727411,489.1484411037509,661.8156026121412
2031-01-17,231.00546980413856,317.1650241993826,394.4239557949485,490.31091790110713,664.4913775770834
2031-01-20,231.4072184009511,317.5074576108648,394.73200601414203,491.21639912737226,667.1544080454157
2031-01-21,231.91274975749155,318.1089829080575,395.50731003955127,491.7978993493896,667.5717548106026
2031-01-22,229.79164328806513,318.63622139340674,396.87388068698544,493.3004238896226,668.4037997487744
2031-01-23,229.0094338921151,317.67506125205546,397.40028737635197,493.21146113019125,663.4147921755501
2031-01-24,230.83386100215822,318.24696502535994,396.41135963452825,494.03495576480134,663.3626820287652
2031-01-27,230.9630901735395,318.37619726841825,396.3933754593687,494.9656743307802,661.5842291567104
2031-01-28,230.59360364609557,318.8858655110405,395.76766218414184,495.85532940557636,664.6706540422539
2031-01-29,231.79322174242756,319.2297852765715,397.7124944566551,494.13271259091005,663.3330805648648
2031-01-30,231.51912651218362,320.1043586861074,396.8086848470795,493.83090769750646,666.7630117633877
2031-01-31,231.76754944706104,320.7070838127651,397.73587944056817,494.50126205955587,670.9047711544486
2031-02-03,233.0635932766003,320.9176945578782,397.3019728746494,494.9730998490584,670.3325406244401
2031-02-04,232.68305187618085,320.4594379672933,397.9983428516628,495.275398452892,668.4651276296242
2031-02-05,235.25634767163794,322.47040130386506,398.61980471049753,496.04915203519863,672.723653864368
2031-02-06,234.49364241601668,320.9377255910448,398.5169655355413,496.10658624852977,669.2438453392775
2031-02-07,233.58287364467398,321.7796348966123,398.6771877961754,497.394996505894,671.9877583695913
2031-02-10,235.30905571809,321.8123463195815,400.52412423003165,496.8128867417603,671.4575740158687
2031-02-11,233.87131372219704,322.8793612949699,398.51653188623493,497.8298002928611,670.7176942986575
2031-02-12,235.5060645544215,322.7924508515382,400.3630790910304,500.1317460878963,670.4545591359878
2031-02-13,234.31630259533117,323.907667941941,399.94829841048556,501.5963836799655,667.2257928641211
2031-02-14,234.73100491583742,324.02891329513864,401.1505232763027,501.812594587077,669.5639594320672
2031-02-17,235.41900063844736,324.4143255842863,401.1178873433216,502.6681294043086,672.7306178501715
2031-02-18,235.78643765354641,324.4223402940322,400.6342336973742,503.61882670189766,669.8287275404098
2031-02-19,235.32666360824064,324.4015500697187,402.64270415989364,504.2856488866041,670.7347325302237
2031-02-20,235.4728589180443,324.1843451027407,402.81735528145146,502.5442033417511,668.5877370937632
2031-02-21,233.84462373433195,324.3496618301797,401.60272590874297,503.35205395278535,669.0785918168311
2031-02-24,233.893694754309,323.61608234135,401.20954334268623,503.12193399991565,673.4615924680929
2031-02-25,233.85850223704395,322.5853447538658,402.0046558212689,503.9984547042127,674.7707987980094
2031-02-26,234.19975282001383,324.6730844668357,400.6933136692672,501.92437565562216,675.4438027041072
2031-02-27,233.16649009206472,326.71445341211376,399.9231741150836,501.98550159846366,674.8385774271878
2031-02-28,233.88952096379379,325.6785898349172,399.894532331895,502.1210774828147,675.9285358411062
2031-03-03,233.20696154074875,324.2494901850237,400.1451229397735,501.77201391705046,678.0487233499591
2031-03-04,234.33554405861,324.2419402838359,401.3361624173298,503.23644956770977,674.7315335686413
2031-03-05,234.8021467665737,322.95933578936933,401.3228615668898,505.4056322152342,676.1395426392253
2031-03-06,235.5638409632433,324.0909415738162,401.3193402749283,506.4957383658881,676.6052034404019
2031-03-07,235.4615064333125,324.4240307869145,402.0826797190408,504.85138196781725,679.6303085673084
2031-03-10,235.02438383831506,326.07679191646884,401.7426647153951,504.9083530561886,682.9730020928577
2031-03-11,235.293643133119,326.99941784643664,404.36618391124796,504.5577408129462,678.8370988457796
2031-03-12,236.09650510489732,326.99318455311436,404.6694212283913,504.712696533424,682.1407032404647
2031-03-13,235.96384165424368,326.9301753003253,403.98106716694303,505.1929336349982,681.8516721245168
2031-03-14,235.48039172466474,326.7535854455537,405.26085459412076,509.34272525705927,684.9110970844182
2031-03-17,237.05094147338676,324.7686432021706,405.5235800214508,509.4685011824958,688.5210111550253
2031-03-18,235.60266194191658,324.378889594537,405.9185203945622,511.02320045615204,691.2072448625686
2031-03-19,235.71414995088665,325.852532230448,405.4970027132026,509.69277897420284,686.0191578697953
2031-03-20,233.91832363598235,325.7787063038893,405.90691110586823,507.9779828402619,684.5325907444409
2031-03-21,235.29992123446144,327.69094351736913,406.4425523069241,509.30868795031597,684.0734604606745
2031-03-24,235.33945932287773,327.3584225973544,406.9109511458396,511.8659977549975,684.4848816092248
2031-03-25,235.36422122370791,327.14218420256674,407.16602211960014,511.7290691891347,688.3179991024748
2031-03-26,237.3413998283403,326.4186208490958,407.58368732526367,510.59347761270385,689.1640404423914
2031-03-27,236.88302420385992,327.14381111361405,408.3926509105735,511.6601089434339,693.2311684574655
2031-03-28,235.8512938826426,328.0767823249948,407.90993577661357,511.29905095229583,691.7837095739749
