date,p5,p25,p50,p75,p95
2026-05-29,473.764,473.764,473.764,473.764,473.764
2026-06-01,465.5739357381628,470.5651640517992,474.42497472165417,478.02475314927364,484.0339981610127
2026-06-02,462.20756409594736,470.6222854686512,475.0390134647872,480.26205825429065,489.13503214619544
2026-06-03,460.22383444035546,469.6582588502913,475.5106268436117,482.44768936397975,492.77426663284785
2026-06-04,458.0360456015186,469.0086571208991,475.9129996373723,483.49615206000374,496.2211098918035
2026-06-05,455.2207433644737,467.9705943105762,476.3895875489204,485.2373264943419,498.43431485390073
2026-06-08,453.38157698110473,467.4636332762411,476.65265620603,486.3852767382262,501.0949789211511
2026-06-09,452.0672924541518,467.44419808190764,477.3068038111526,487.4756011600389,503.0527033000178
2026-06-10,451.0426539168167,466.6513844766074,477.7263409163342,488.35629097586343,506.4873000581398
2026-06-11,450.4669538632946,466.85216891474244,478.12946008735423,489.838946049797,510.0695238892811
2026-06-12,450.0571947778241,466.63428189818,478.97721463349154,490.672134972877,510.49170640785337
2026-06-15,447.8340188535719,466.52869948798383,479.38642397334985,491.44349282940993,512.7726943594944
2026-06-16,447.19676082443425,465.78361444641905,479.7976592337682,493.30981003223144,514.3273364684371
2026-06-17,447.49683806251187,466.0356889145239,481.24770615800196,494.01705241527196,516.705450577133
2026-06-18,448.4571667530607,466.1295135886423,481.82296403436794,495.62679338993024,518.4253626946203
2026-06-19,446.3817186904021,466.68119572495243,482.07226722451173,496.6875975136952,520.8825146249684
2026-06-22,445.91800246906774,466.96607032770055,483.0766049812952,497.7829163524388,522.1015793427654
2026-06-23,445.58711702776117,466.87275126226314,483.74081628804163,497.8670334341351,524.279717395759
2026-06-24,443.74557885778705,467.3590438471554,484.2150122470443,500.44564056869467,525.7687222351149
2026-06-25,443.6702368733888,467.99397987501897,484.2398330137301,501.38158183916505,526.6279862155507
2026-06-26,441.61340023399856,467.71239288477807,484.33546500639795,503.7480910282622,530.8017794874229
2026-06-29,441.26015562015886,468.25582201748006,485.0862487242506,502.7588027856525,533.2005114781452
2026-06-30,440.85102301535477,468.88155134393884,485.5599969928818,505.536568209988,534.8114439919808
2026-07-01,439.4556853164399,467.71503188842087,485.63013737534015,506.49825996572434,533.411139408871
2026-07-02,441.0191219688598,467.1762835948964,485.95938296958536,507.2715874126643,536.1588420165263
2026-07-03,439.21453021297117,466.7402505715482,487.1289068912668,507.739947297982,537.1687042008384
2026-07-06,439.0476788282233,467.4274200338886,487.4008618433255,508.67523789561585,540.2049725713069
2026-07-07,439.4467520247885,467.8240341236342,488.17688333065826,509.648683544424,542.9745457221728
2026-07-08,438.4122708098586,467.9962776203741,488.657688861094,510.7841258932072,544.3902680278086
2026-07-09,437.32918694494776,468.03407045242915,489.03641721757447,510.9669397413196,544.5307078330459
2026-07-10,438.01650776889693,469.0618507438413,489.68358036838924,512.8914306220775,545.964797610081
2026-07-13,438.0039314701827,468.5141905570055,490.52264194938687,512.8436834292798,549.163263546138
2026-07-14,436.8805812065097,468.3151571392723,490.34672397236955,513.9218148374872,548.1231474378966
2026-07-15,438.2661110102896,468.2123967271457,490.9667708666109,514.3322164680951,548.6381327538566
2026-07-16,437.9056706148546,467.7657253442704,492.2749194876086,516.0297496304702,551.6988523348411
2026-07-17,437.4361740567485,466.2512070311485,492.7711493648011,516.3650074163452,552.8256549964099
2026-07-20,435.4432023450769,466.7599504767653,494.3552483541187,516.8243254398311,553.6688259318239
2026-07-21,435.59353890916566,466.80486726012066,494.5901317351203,517.9262694331652,553.96382537526
2026-07-22,433.7815847742921,467.32006510582335,493.85473723877476,518.5036568010017,555.1070591975555
2026-07-23,435.2671345623517,467.8744720204246,494.76847548226374,519.1529563332654,555.6394085942027
2026-07-24,437.0107327364828,468.49384776853685,495.0827909637883,520.2163326868886,558.4379498617194
2026-07-27,436.33998869872426,468.8912020438102,496.055373527582,521.7947132969216,561.1936171453065
2026-07-28,437.1167281362403,469.6549739397991,497.72566132707874,522.2118224528097,563.8882320090196
2026-07-29,436.5740028059888,470.1824276484161,498.06239100496134,521.8321977283947,565.2346059775158
2026-07-30,436.34019109119436,470.98936109428763,498.1198317594522,524.6838218928742,567.0990045891119
2026-07-31,433.4297697151132,471.2771622040664,499.72265539053984,525.3916054820811,566.4237271433435
2026-08-03,433.4942654264762,470.8574963350782,501.25575175257165,526.1794998074964,566.6651183842506
2026-08-04,433.71031862852243,471.08191039858,501.2356417206962,526.8000580632049,567.9494940087884
2026-08-05,434.07153180084504,471.1931400246404,500.8579187510231,527.3014599497264,568.7714248545943
2026-08-06,433.99038893673645,471.62104231172304,500.60557975748736,528.2849680026278,573.8312115661931
2026-08-07,431.9976316873152,471.4473022484431,501.35890339553237,530.4305779777928,572.0716713971851
2026-08-10,431.5945617319186,471.5572032087231,502.07774824000353,532.2386067127555,574.5357897652715
2026-08-11,433.3734047132468,472.8166375595604,502.42704102637356,533.2007116010361,577.8172423182175
2026-08-12,432.2029325790341,473.4540139770241,502.07357729952616,534.386326232731,578.4311553837405
2026-08-13,434.8868435912983,472.7659898294734,502.90134754080646,534.5916772312272,580.9577779138484
2026-08-14,433.5507309020607,473.17272729572454,504.59997545631916,535.1037694990348,582.8844471068745
2026-08-17,435.75745174539685,473.76377801818126,504.30853644626393,536.452724557002,581.4169932561981
2026-08-18,434.2923040605789,472.35712105487266,504.27621706432575,537.3876614723085,584.3282735824122
2026-08-19,433.08134778657393,472.17996895333687,506.3081896988268,536.8423880887151,585.5975618757706
2026-08-20,432.83579939226814,472.8798607571098,506.574794198105,538.7402997944686,587.1221855140478
2026-08-21,432.9973885249837,473.5011995502841,507.58151001514943,538.6002913493753,586.8614219877159
2026-08-24,433.184085027501,475.02308727006084,508.4259095657886,540.7452235124337,589.5936833447801
2026-08-25,434.84805615026545,474.7961799160463,508.8979452437309,540.8159978833842,589.5129095932583
2026-08-26,436.2864809476715,474.60419628449944,509.88798108865876,542.4138445798474,593.2614930759269
2026-08-27,436.2514147937719,474.04883673004065,510.9916348414304,543.3819184551837,592.9867208136949
2026-08-28,435.98350863870485,473.80357363751784,512.1108892947399,544.4434140160116,595.8103050243354
2026-08-31,434.7867502658142,475.64756881307466,512.1223151135302,545.1969529723121,600.3292053761766
2026-09-01,436.7323260038966,475.6379371213566,511.5478811626828,544.2500250797891,600.3169146746518
2026-09-02,434.978085345726,476.9624953508747,511.9667538270862,545.0857948137483,602.6738491769183
2026-09-03,435.0640084672248,476.8811868752164,512.9546463205427,547.0590817719733,605.8424434714781
2026-09-04,434.39899257298833,476.16070126652914,513.021753881323,547.0267990073959,606.9632822908061
2026-09-07,434.10528685720703,477.790267238415,514.6113171683553,546.957750786497,611.133224265695
2026-09-08,434.3345823575479,476.8660512374247,514.2549419622535,547.7185527077438,609.5435239730556
2026-09-09,433.83442551213966,477.60437087799454,516.861568442907,549.59255944944,613.169239714369
2026-09-10,433.13053767695567,477.9988393965579,516.3247932785764,552.0301534328345,611.6986076811546
2026-09-11,433.2340364826741,477.1198713406729,515.6191074763336,552.7900530366217,611.8273864947492
2026-09-14,432.27441443411936,477.4660496352213,516.7001950432593,553.2389150071147,613.2068898075875
2026-09-15,430.38505569025,478.25315424231655,518.4269212141953,554.3825488202755,612.1014693037886
2026-09-16,430.5727225721161,479.04692942814984,519.3677800175858,554.3998238067629,619.0508602618173
2026-09-17,431.40028069871283,477.59777816881564,517.4912158528156,556.4035033968643,619.5066138731601
2026-09-18,432.03141382417704,478.21770109404986,518.7129499012138,556.3868332754633,620.146636032117
2026-09-21,431.23435068900676,479.6886089685596,517.8344659248786,555.1882406032372,620.9583904052167
2026-09-22,430.48068328289725,480.5778618242611,520.619073240662,557.2404853973878,622.4277846598874
2026-09-23,430.63539818390115,481.35640892289325,520.1489480196985,559.2927208112015,620.7393911187627
2026-09-24,429.4339773391751,482.0676797465452,521.6017091610697,561.1334553165626,625.0500426874727
2026-09-25,430.66177189507596,482.11067249771907,521.1896622069878,561.2971464271784,626.6221950963005
2026-09-28,430.44081216429146,481.71937833942593,522.1944470361819,563.1621977637095,627.3074459740374
2026-09-29,431.37738657486597,483.2618071320407,522.6400954913483,565.9264614127293,629.1749335529095
2026-09-30,431.35726273369994,483.6524558309664,523.2882122882021,566.6258899483279,630.1254850909497
2026-10-01,429.71386060873095,483.25149317549943,523.6576865565751,567.4919360206864,629.5427523355327
2026-10-02,430.0390832402355,484.4252479592584,522.6900374376364,569.302187192664,635.670998798538
2026-10-05,430.57486203286726,484.1495990029297,525.0091257398121,568.9540349264046,634.9563966021842
2026-10-06,430.2114276072522,484.38125607979623,525.131744740426,569.2360666945738,637.6977086139033
2026-10-07,433.1083636693681,484.4771698941494,524.9342081986908,569.6868722944046,638.3956879765273
2026-10-08,434.54825287467895,484.9112926979059,525.6210331352393,570.4964185649304,641.3830717938002
2026-10-09,431.87241732635624,486.02854932511315,526.6320895281748,569.979684627903,639.6802651197038
2026-10-12,432.30592056884154,487.24225095210465,528.3501891015933,570.6963646402822,642.7154001600736
2026-10-13,433.9454228291181,487.0851175648249,527.6738434469211,572.4087520484235,642.4691065103596
2026-10-14,433.8965417297349,486.74356472617706,527.7999109934025,572.5332722206206,643.213321413819
2026-10-15,431.64069089443825,487.86411390473967,527.896601925288,574.5995205851705,647.3776138653382
2026-10-16,434.0843411486798,487.51589377085077,526.9163912908896,575.744303659744,645.6909642538003
2026-10-19,433.0354629567783,487.4220987901806,529.176064385837,575.0712082336622,643.5997778237748
2026-10-20,434.1397540798169,488.42083762964415,529.0239119028422,577.0242417617039,646.8671122142046
2026-10-21,434.412991709671,487.7859973571032,529.8102397234668,577.4378490940644,647.3987350745474
2026-10-22,432.61366275274236,489.26945951724423,530.2117300270747,576.4770996321904,652.464790711745
2026-10-23,435.4865522404981,489.8210619013259,530.9345054321603,578.2379989640522,651.7738269275695
2026-10-26,433.6499272575549,490.4088910127988,531.3079174202994,578.2676340272014,652.9569844105835
2026-10-27,435.08860676041326,490.9812717099886,532.1142284123423,581.1674960463077,653.4951733800876
2026-10-28,435.11716775374,491.8999401261825,533.0490399128593,583.9608685626555,653.4965949138615
2026-10-29,437.25820437625634,491.5370297911585,535.1229988733496,583.738393232727,655.1682998055697
2026-10-30,436.1616073274239,490.4177526152107,535.0918554736065,584.8609922770478,653.9307590608189
2026-11-02,436.48776314972673,491.87125067784865,535.9831116083114,584.5316691477972,653.4854836222125
2026-11-03,437.7022742985401,492.6562183825182,534.504683510191,584.7681436252187,657.3294215494869
2026-11-04,436.5237169701996,493.25699675084843,537.3621460910736,586.0794171421229,658.3574805647598
2026-11-05,438.9120323023069,493.2668896038316,537.5207381195331,588.0677484622448,660.8817353965112
2026-11-06,437.73527836966224,491.27732034457915,537.76623327259,587.4544251624585,661.3394052445354
2026-11-09,440.7007036513051,491.5165440269042,538.721686996842,590.6187901009594,663.2823349063802
2026-11-10,440.4988853046169,491.6160334523717,541.149295040748,589.4410010919253,669.1570589116643
2026-11-11,442.59231113961397,492.1742586647154,541.5923500760382,591.3085436254082,670.4089892174921
2026-11-12,441.0241357536558,492.07619382136335,542.0948962917525,592.51497457611,672.9754079913088
2026-11-13,440.019280688764,493.11410992478295,542.357133481293,592.8680321366849,668.2091578611116
2026-11-16,439.73312881916155,493.5370847902723,542.7225621612911,594.1460877666557,669.1468934853419
2026-11-17,441.08363734645263,492.7030899463939,544.5568311804835,594.1040662954088,672.4075489312823
2026-11-18,437.9821444314778,492.2850863250346,543.0681895729823,594.935956969118,670.6591625883455
2026-11-19,437.715170185544,492.1096454989364,545.1534522260174,595.7879091173367,668.7648483215186
2026-11-20,438.4458250090577,491.2881301243707,545.7513912481231,597.8347627885091,670.1378930869985
2026-11-23,438.33655178302433,493.6000124403558,545.910999580755,598.8311591948484,673.5532881954255
2026-11-24,439.4156741502094,493.57153940589956,546.4550935528713,600.3610242920536,674.4766880238777
2026-11-25,438.65844595069944,492.85692759638493,547.1797953770766,599.9738428193657,678.1589792932406
2026-11-26,440.21849706680223,495.70566096009577,548.5480980790494,601.1513099994019,680.4287727140077
2026-11-27,440.2195192390845,495.9048061193947,547.7441955355589,600.9220029768863,678.5143147495137
2026-11-30,440.16289642701145,495.40862183459103,549.4439704224654,604.0030251659309,684.4826216573609
2026-12-01,442.7060593981082,495.41487265434165,548.5584532931667,603.8392219606982,683.0069511577383
2026-12-02,441.37272249137334,496.0636227750867,549.280243721591,604.6426458696028,683.2244611448706
2026-12-03,440.1288462724668,496.5749213164368,552.0878884997744,604.4247436325878,687.5613913361799
2026-12-04,436.8443527559068,495.71475461488166,551.7014031081421,605.3843922040745,688.7573548709786
2026-12-07,438.93160400458214,496.1182646743704,552.231803884596,607.2202188299224,691.6024819568471
2026-12-08,434.52903908968455,497.62968341156954,553.7263580436613,607.7447282511348,691.1690914421097
2026-12-09,437.98026411497466,500.32522260878756,555.5056259173857,608.4198563324082,696.1693335774062
2026-12-10,437.0523060101387,500.55986774176324,556.1736133955258,609.2656248678016,696.5037261753388
2026-12-11,437.56577466174315,500.7179556074474,555.8525189417085,608.970307832687,691.5351732693874
2026-12-14,438.72684464652224,500.8186958438643,556.3609950004097,608.304787174291,696.8051514613052
2026-12-15,436.9907818691229,501.89345983095313,556.9179021324164,609.7893942842779,702.4785312225591
2026-12-16,439.761528241473,502.031294973595,556.8889889689748,611.6268289033276,705.9731212094483
2026-12-17,438.39934055826984,503.25301612394907,556.7810993564267,611.8156974697081,704.6330431286955
2026-12-18,438.1976521363946,502.43830750459927,556.86512343534,613.5496133317091,705.0444316673997
2026-12-21,438.699964050982,503.48419166312095,558.4414618017229,614.0007897737029,704.6691865279165
2026-12-22,442.00906635879545,503.12617829676753,557.0750947854274,614.5566015212509,707.082662167857
2026-12-23,441.40848996508237,504.3475869718208,559.1455507261521,615.6419493610565,709.5106493996681
2026-12-24,442.02536078377454,506.3505361280518,560.3263659180827,616.7623867211231,708.5144674659174
2026-12-25,441.4131668056686,504.7378628360662,560.8205407920734,616.3578050685078,715.3912735605073
2026-12-28,441.5046721228366,503.93899609878537,562.0234027105257,618.1776171501637,717.8444169131488
2026-12-29,442.9831746297816,507.0801820649809,561.9391525413378,619.2910979123534,716.7795277736783
2026-12-30,441.0526786938902,506.34265203582316,561.458986086509,619.2458838823626,718.4843437313655
2026-12-31,441.7794681485947,504.59027106474423,563.1334152454222,619.7224015779311,719.8513911202518
2027-01-01,443.3201807482097,506.3325631657942,563.3033297633415,621.8090413777946,716.5293278734713
2027-01-04,441.8961769020222,507.74636242598217,564.3404757570252,624.8584684368453,719.7707483510055
2027-01-05,441.2201567078707,507.72964550415156,564.6076463943687,627.7030592094809,718.7265085805145
2027-01-06,441.0900416710619,508.4760518746026,564.2895190061347,625.6809185659818,722.339718672566
2027-01-07,441.4458773747252,508.7400747470093,566.0851607383004,626.8109480176665,721.1947696382877
2027-01-08,442.74146941163235,509.06517767719487,565.8766827930763,627.2787602396895,722.7381940465501
2027-01-11,438.49709383908174,508.7752273757625,567.1945488281261,628.4590319300204,728.7542889069695
2027-01-12,440.4060486329904,506.9813294196896,567.7611839918441,628.7863615188207,727.0679630662703
2027-01-13,442.786453485309,509.4178579281818,567.9357179638488,630.458654241643,732.6734472911128
2027-01-14,440.42795101355597,507.7220445892177,568.8050425461879,631.7912091130459,736.0547185909614
2027-01-15,441.1587861270586,506.62686874160477,568.3216603131928,633.4823056731473,733.2726662419904
2027-01-18,441.534908677163,508.0174826208002,569.6042338762575,633.6289983397636,736.4052487293741
2027-01-19,440.0909189603143,508.801147358074,571.1575962007448,633.6578447643009,739.5440601711945
2027-01-20,441.3842971630995,509.70312291889985,570.7009766041856,635.1621977860532,740.1084616127147
2027-01-21,441.925273433168,509.1349777886776,570.9076632323502,637.544214670427,742.1039730711102
2027-01-22,441.4333131563462,510.2258839346779,573.7743375127527,635.3401582851823,744.9069355286586
2027-01-25,444.25743997920245,508.81317079662404,573.4550238853639,636.9551841466925,746.7327583747284
2027-01-26,443.84729435399004,510.96707893707384,572.0236131445536,640.5236855635226,748.1666045651253
2027-01-27,442.4311922027742,512.0504615394951,574.2956823701966,640.4478064299342,751.1656844154741
2027-01-28,441.58611358427015,510.83173058254596,572.9695980297001,642.4934386173469,751.28935895239
2027-01-29,444.4515459713811,512.4342529572297,573.2881856098802,640.7280649617018,754.6826690381096
2027-02-01,442.9346995564867,511.68452484246524,573.5651438895009,642.4431885476134,757.3066918100396
2027-02-02,446.6721326808563,512.9985877561351,575.1338770640587,642.3953017630963,752.5480860887419
2027-02-03,443.8989720937022,512.6264849490891,577.2244125272493,643.0489089181763,757.2614565875162
2027-02-04,443.4338784607458,513.410559011178,577.3733562029745,644.4202057950786,763.2491852659532
2027-02-05,444.9982285822071,513.9451287567988,577.9430661348159,644.1267624752646,762.1819490919263
2027-02-08,444.7548159626091,514.3188208975596,580.0665925419923,643.7750840705888,763.069351233232
2027-02-09,448.27065923319947,514.6407721394705,579.3639416819096,645.223268926076,762.771070136537
2027-02-10,446.13402412843186,515.945772704817,580.6202323696994,647.0808654360891,769.6633072069645
2027-02-11,445.422087913788,515.1013245116867,581.0489430914686,647.1270922170071,769.0378040025844
2027-02-12,444.3340148320252,517.6279576082759,581.0149602327429,648.5219103731223,771.3220383384033
2027-02-15,444.0491658347682,519.422114008458,581.0696982496463,650.1672012015329,769.1071015047562
2027-02-16,443.97690269941756,518.3283121070076,581.6709502804429,651.1226183608776,768.4783680895678
2027-02-17,446.30195833913035,517.8844139064955,581.9775281243606,652.509080573797,774.5238409002798
2027-02-18,445.0437408690139,517.96843313912,582.120037789681,653.7214832000125,773.0719841699587
2027-02-19,446.61551625032985,519.4410510616478,583.5798602933701,656.6556572032885,773.5296351126565
2027-02-22,446.6654142993009,518.1115582793735,585.6853682938654,656.9731172408556,769.6527841233735
2027-02-23,444.98623313922764,517.7583524222516,586.9456643028759,653.3994332534289,772.5328332761165
2027-02-24,444.662388632756,520.8932986821287,585.459281019319,657.3816975323651,770.8019192573151
2027-02-25,445.91922329903826,521.130541587108,587.4533291077369,660.0069709923321,773.2749286625866
2027-02-26,448.5013453125541,519.9288730894625,587.7637256203227,660.3498740027004,778.9218111930492
2027-03-01,447.2755553551056,522.3720893068698,589.6056442956683,661.7470892283923,780.3371356601143
2027-03-02,446.67236872949604,521.4527714622624,590.8560273718383,664.1911398966772,780.1664120458405
2027-03-03,446.90282153052823,521.1773382661385,589.5468446287296,665.5994812956534,780.7505669681268
2027-03-04,451.3202922391256,521.6278888896653,591.0034907239977,665.0456207481024,781.1803813308046
2027-03-05,449.71834077985153,521.3925728427262,590.4825193954797,668.0911406621432,778.6571945186936
2027-03-08,451.560676647706,523.01744219901,590.0167479227455,670.2034886368026,782.9124125400705
2027-03-09,450.4148417728173,524.4593654761381,592.6718705655526,669.2262009796424,783.0704873669034
2027-03-10,449.1003896038093,523.3494327122314,593.888499179981,668.483197934153,786.3992346844524
2027-03-11,450.2289266143308,524.8997844086075,595.2211808292749,666.5510810239056,786.3392361316062
2027-03-12,447.00873083053193,525.6072424183,594.6774340672857,668.4699386510787,789.4840040413948
2027-03-15,448.2656161691184,523.9345672584973,595.2397513185865,669.6796675247242,782.0543497249421
2027-03-16,450.8326978809449,524.2997282304115,595.9571666337506,671.3072911145528,785.3195113733425
2027-03-17,451.007820074809,527.1075547507251,597.2737873028119,672.1098346820991,788.2979738545537
2027-03-18,451.5883800901051,528.2085083674758,598.5377778033878,672.9190016537673,790.9086145573912
2027-03-19,452.98606015318023,527.7911500788302,598.0590312759028,673.1817625756373,794.6137353789529
2027-03-22,452.6262222198925,527.8515502583485,601.020684016723,674.6192162325733,793.6269854816843
2027-03-23,454.8089468014023,526.924190682223,602.1991611656338,673.8809519844979,800.5156652159723
2027-03-24,455.1300107835829,530.8462844012085,601.6987877240779,675.033776848373,795.6783425699775
2027-03-25,453.33481406035196,530.3385414146621,601.9240568786774,675.3314225894272,798.197046622614
2027-03-26,453.2916615743337,528.8538109419569,601.316009542842,675.8598572485114,804.7093048776401
2027-03-29,453.4297921294321,529.0490292113806,600.2624808177216,676.7540296465386,803.7846481840114
2027-03-30,455.60544039289704,529.9089425793969,600.5119590974289,678.9109367141746,804.9714431410185
2027-03-31,454.20521607220263,528.5480108441851,601.037519921835,678.8476237253323,806.4322842293019
2027-04-01,453.7323706574017,529.2116856167739,602.7164402213311,682.0917882661071,810.4268603707574
2027-04-02,451.343907121018,529.5248640869644,603.4334521514988,680.8565124907354,811.7181790878493
2027-04-05,451.9800595363607,530.855278666111,605.1904418226586,681.9930491878811,812.2504349015177
2027-04-06,451.145862285172,532.5847105477973,604.5724490817771,682.7506223995886,817.9445420136665
2027-04-07,452.4153831740553,533.2201691654892,604.2367791216061,684.312854753131,818.6732048354213
2027-04-08,450.67570641224523,532.4302134939832,606.6776465715266,683.67568747555,818.2471814345242
2027-04-09,450.8800808286628,533.8605338368731,607.705805315517,683.9378828799726,822.6234227560417
2027-04-12,454.92877339911655,534.4567998668849,608.2068330178777,685.3630419718921,824.6257406297074
2027-04-13,454.42762303827703,534.4610328756388,610.8039346964587,684.9797571561014,827.7586703788145
2027-04-14,454.6168093099348,535.2588514538929,612.3316020324933,684.935468214117,827.9492051886746
2027-04-15,450.7954163033068,533.9151341997937,612.4703796525221,689.1214585205851,825.0126212523644
2027-04-16,451.51117959364586,534.7414231137664,612.679975348737,690.7202963203749,824.4729026684267
2027-04-19,452.38065011671034,536.2609163504444,614.0695808452278,692.856781116845,829.0088273346076
2027-04-20,451.812410464681,537.7051827404011,616.7177998936237,695.3522462188873,825.8169434165271
2027-04-21,449.35167241685116,536.4099237916201,616.8228160170898,695.3835860496837,829.7419634200846
2027-04-22,450.3620396780381,536.3043247346845,617.1190679032924,692.9703855611102,833.742107504156
2027-04-23,451.982457795097,538.6107403984369,615.2220941851938,696.647771524802,836.9748034424863
2027-04-26,453.43928195837117,538.2486894288593,616.6566054476507,699.0838759700678,837.5773859225557
2027-04-27,453.7418848548525,537.5893633108185,617.4025856388097,700.3903147405415,838.8519569179734
2027-04-28,451.4085535098979,539.0918250223307,619.0524769728531,699.8140907791903,836.4445225561146
2027-04-29,455.12895667056733,541.1403824356262,617.8447996286066,700.0978234677003,842.7154516578179
2027-04-30,452.92622524329823,539.3716713189378,617.7151726246551,701.1714033497224,838.8499678487574
2027-05-03,451.6836071054067,538.88584268832,618.1981324033959,702.817267196669,840.7073436483302
2027-05-04,450.84216163587905,537.9357482298273,619.1618002821596,704.1720361781322,839.208772935418
2027-05-05,453.27742863951437,538.8703306657278,618.5557757557779,707.2240267030817,845.9217899716763
2027-05-06,451.695378472802,539.8806651957918,620.4955039694786,706.5380919030493,848.524871868874
2027-05-07,455.46644583837644,539.9404003131735,620.9826305340587,710.3204548106218,845.7809021839251
2027-05-10,452.1999407427871,540.6675685169001,621.3993482579708,708.1539432794782,845.5984828400153
2027-05-11,454.86994430910494,542.1596997180966,622.9699489999628,711.8354920906822,846.7966966182216
2027-05-12,453.1935192133888,543.8559677790627,622.6846358421423,711.8948136993783,851.3458724652811
2027-05-13,455.1003670753334,543.1579590389621,622.1101757142535,712.1291185540346,856.705696468835
2027-05-14,454.795907998167,543.237561649669,623.0064782645736,712.1855228894401,855.296936552335
2027-05-17,456.2092428849793,544.8401861982263,624.6359436032814,712.7960499323823,861.3938084897775
2027-05-18,454.37898979024925,546.1689923496981,625.309334388867,711.122788667221,859.5845566826833
2027-05-19,454.76793398680496,543.069694615828,626.0938603314764,712.5864447266174,859.0015136541233
2027-05-20,455.7240852624712,545.7032705179681,626.3989499781928,713.3896846502823,861.807896074005
2027-05-21,454.96757465193474,546.3209211614046,626.7709193352675,714.2143473749511,862.3374597647316
2027-05-24,453.68309100892634,544.4955684607692,626.4936384056266,714.076235537242,869.0809452959572
2027-05-25,454.9040600315864,545.1327048444889,626.2994485630259,715.719474329552,866.9705886923905
2027-05-26,452.3903084842793,544.9233866236807,630.1239107425521,717.1647805562518,867.487749667035
2027-05-27,454.1705317849718,546.5396583565985,631.4339023416618,717.518571840655,869.9828333374514
2027-05-28,456.56862250775293,545.3938845898928,630.6486252073055,719.7626954663515,872.7178701257704
2027-05-31,457.5580886013882,547.7685688463293,631.8598663098741,720.943884522539,874.1923402935896
2027-06-01,457.5119091871376,547.5367456163103,634.6653355197581,720.962370027905,873.2225314744245
2027-06-02,456.8764373975044,549.9246279349425,635.8662525656648,722.6161469999271,871.9784003897362
2027-06-03,457.39401707486,549.7422198761456,635.4866329173221,718.949905243901,878.76976259523
2027-06-04,457.97608140786014,549.7458069396339,634.9992023593476,723.4679119578789,879.749398305589
2027-06-07,458.74968047200804,550.4646843553206,637.9243776123474,722.6144269507956,878.9670874985511
2027-06-08,458.0050154345572,550.6274022472616,639.8145124153784,722.0941382273329,872.7766994930979
2027-06-09,459.454189653555,552.3204332673179,640.0133080689207,725.8516702523416,879.2923647629967
2027-06-10,458.3012040168039,551.6536496690278,639.6711029569335,727.3098353497552,882.1362417904594
2027-06-11,456.7242811036669,551.7280899077531,642.6358803373531,728.4087476096819,879.7708966004316
2027-06-14,459.0459006151621,551.8498186783306,642.822620240612,728.6081378188292,879.9099867640297
2027-06-15,460.2218957121596,552.0452339132798,643.0909443937167,731.226366671289,878.0443587257365
2027-06-16,459.9109230254038,552.6976640939777,641.7399794031974,733.344480604793,881.5961508183519
2027-06-17,458.7196669876034,551.6003669482129,643.56980486173,733.9703408082021,881.0439810226935
2027-06-18,456.9981189980384,551.7711547360592,645.7628567642771,735.7675748318628,882.9216576167818
2027-06-21,460.5516557167335,552.9816735471015,648.3505875050473,736.4166588457143,886.535622399898
2027-06-22,460.7813624348627,553.2644641624711,647.1856682636728,738.5346904716357,890.3366483273197
2027-06-23,462.46288798810957,553.7275900137606,646.3767162693048,737.3028880283198,889.0058518594275
2027-06-24,462.7908455550741,553.5220650021247,648.8741789010362,740.5484443359254,898.4894865175876
2027-06-25,465.53871744479596,554.6535758047046,647.1571384343171,742.4436486030309,904.5055495270151
2027-06-28,464.2178105676193,555.9075179681715,650.3359868251883,743.1663612068519,902.2381885839691
2027-06-29,466.04318398938966,555.9023526182006,650.1543607247561,745.957683275529,901.5201698046959
2027-06-30,461.7233380579241,554.7771565685132,650.6122562834737,745.7370461767307,906.0334329261863
2027-07-01,460.38836770694746,555.173252732733,651.0064374455399,745.8042032642028,901.2610257429578
2027-07-02,464.7192699752743,554.9892852284422,652.5310677646883,748.017902516578,902.9591856893111
2027-07-05,464.83222328831283,556.8068590757445,654.3162467786732,750.6406349504955,904.9534404989779
2027-07-06,466.58884454302614,556.6428961126868,652.5817867344244,752.313531269572,906.8725705275677
2027-07-07,468.4491064067908,559.9504303334068,656.061777796428,751.4586641586665,906.1703370432444
2027-07-08,469.3548658618772,561.2375452354918,656.645733762328,751.9038969327877,908.1197729248969
2027-07-09,466.9792997540992,560.4673345472024,656.8744267258261,752.211326175701,911.4208544295137
2027-07-12,467.4250337142948,560.4463627283944,659.8044759410589,752.02285143688,917.0129206833444
2027-07-13,468.1744192360438,562.9669055931926,658.89949079511,752.8144111134262,913.6037407905034
2027-07-14,470.85585495086497,563.0192220161437,659.5637212833457,752.8824865901265,913.1045536395819
2027-07-15,464.81009825106435,563.227440454265,661.1289161900322,754.8957936957997,916.4604047495733
2027-07-16,466.2629030122912,565.7014508248675,661.2016557344821,754.9622254059469,919.2822701067105
2027-07-19,466.19722515706275,564.7846727192536,660.908624488643,755.4961527304258,918.1964998371892
2027-07-20,469.2957625132295,565.8667098423618,661.431592410106,756.6196298555168,921.7059644938075
2027-07-21,467.83072620277983,565.8936035091677,660.8414394479371,757.9717711029766,913.9777710490058
2027-07-22,469.0262851934421,565.4774174890938,661.2715605165604,755.1476484214446,924.6325302880708
2027-07-23,468.0764479602527,567.2120175846908,661.3505545317694,756.9015851688247,930.709174819276
2027-07-26,465.08873451236957,567.6855446748948,660.6921516991893,757.2450226798542,934.0639775096175
2027-07-27,467.2042461898131,567.8387293856963,661.8533452186036,760.3331714700754,933.8890855658746
2027-07-28,467.14340530965023,568.8517524411562,661.1580759003306,761.0584502371589,932.3945704351878
2027-07-29,469.3519353055707,569.92545850206,663.2133483312606,763.8572196990115,934.6824447964611
2027-07-30,467.51094977245646,571.9367182699317,661.1250832011734,762.1688458706088,934.0772887245444
2027-08-02,468.65778505390944,573.1795408360153,661.5982904956719,762.0136394175345,935.1148824640374
2027-08-03,469.14210106626507,573.1306286712103,663.5030791175125,764.1940218434686,933.61507260389
2027-08-04,467.0451957829941,573.2968332176492,663.4765743744972,764.2325465633637,935.8269368652436
2027-08-05,469.17531386144674,574.781861240278,663.9818144216772,762.9845019087643,930.9639079216278
2027-08-06,469.5215104693065,574.7777976040147,663.7431803678903,766.1230741231168,930.5652447945142
2027-08-09,468.3992580670048,578.6209909012704,663.6251518834426,769.255680916267,933.5145856845438
2027-08-10,467.870606652337,578.651351267652,665.8579082261134,766.4628120685057,941.1863028402073
2027-08-11,470.87816496375063,576.7899712895835,666.2245193317335,769.126847857304,937.6474658780128
2027-08-12,469.60210593904424,576.3347159869166,667.3488888216327,772.173605934791,936.77759360432
2027-08-13,472.1680009999744,576.1360779276501,666.2625159542115,773.9893400360918,936.9353024037911
2027-08-16,475.69652492445977,576.3969615583237,666.8884147260028,774.9169412697449,940.5779621499036
2027-08-17,474.1871021707039,576.0075497457123,668.1098624780307,777.4943712871501,940.2742281385615
2027-08-18,475.269274303551,575.4494213414498,668.7442948739794,777.7066695124694,940.6875226555138
2027-08-19,473.63027332570954,575.0434676805104,668.8256286595835,780.1692196233507,945.3363693092787
2027-08-20,469.462334383301,576.1594696779978,665.696215495682,781.5509744236911,946.5668190557712
2027-08-23,472.76237898981594,578.195985603279,668.5058097598494,780.8713278829664,943.3940593430148
2027-08-24,472.38680313327995,577.0436714837559,669.2736603662152,780.0292594101039,951.5450260758189
2027-08-25,472.64999510763806,579.6158969167682,671.0390881901142,781.3246127557845,951.5780157003604
2027-08-26,474.12416673604866,579.2828870365724,673.3377212029329,782.8715412627962,957.3857683341453
2027-08-27,476.8405191632334,581.0850384006405,673.7409916608384,783.1847678481406,954.555899495577
2027-08-30,477.65895578173615,580.9519047324006,675.1671633045784,782.8194035106098,951.1709207803116
2027-08-31,476.2521937657588,581.9502847837914,671.2774304734539,785.1714924397971,955.5807456053943
2027-09-01,478.0979084599758,581.6275974868945,673.8969945641165,783.7901106861252,958.2830411739536
2027-09-02,476.55286173387594,581.2846079166698,674.0088224827327,787.440195560571,958.9269676705886
2027-09-03,477.2927954796268,581.1344037402037,676.8337168789835,787.0697261347401,959.2789769958989
2027-09-06,472.8745868601716,582.4356986048189,675.8493811564858,789.120149746687,967.2930781599731
2027-09-07,474.253993025432,582.6433593313003,676.4965287018613,791.1673064331806,966.237699995322
2027-09-08,470.95839804268144,582.5350996907416,679.1370080790853,793.1099033425736,974.2215323369676
2027-09-09,471.15467919331275,581.9875047017927,679.5457411285478,792.6364344474042,974.5425992031378
2027-09-10,470.98000901614483,584.182940633568,681.0375888231899,792.3224548946969,976.4698825355936
2027-09-13,472.3756894375586,583.7565569279567,681.436208022204,794.5391062659235,972.7696012031925
2027-09-14,472.7767409043587,584.6946300076621,680.7975776695821,793.3838244005639,973.2628518333898
2027-09-15,474.99637746539116,587.7351889829727,684.2498748171171,795.9472186223039,976.5821959219558
2027-09-16,474.7232850719998,585.7409474549204,684.2885927889531,791.4606997984404,977.0591710626886
2027-09-17,472.7565709279374,588.1633785360652,685.7882799076376,794.6882859548482,975.7495421521137
2027-09-20,471.1067551899249,586.4486471982864,686.2696166414817,797.3170235927066,981.7294123340849
2027-09-21,473.3485689830138,588.1083533335525,686.3860472955789,796.1369129397337,985.1596384822981
2027-09-22,471.4129845670145,589.9020458087657,683.6868168905919,798.8297652912502,989.7983857696056
2027-09-23,471.60773808235865,588.2726415208955,685.3823459224336,800.5970099874678,987.7762743252814
2027-09-24,469.7296732834165,583.9813170538296,686.5851708350745,803.1575725817966,989.8027171155309
2027-09-27,472.91610263003696,586.1871991325017,687.6432981369381,803.6334644961565,990.3087752437231
2027-09-28,471.6168933261948,583.6000415381523,690.103767427976,803.1243289759595,997.0288930611965
2027-09-29,468.34525513725157,587.1054044282283,690.0633583497904,802.1200947009019,994.9485835666343
2027-09-30,469.9530624490154,586.2036543353468,691.1684856203685,804.3630643140474,1002.3050132608514
2027-10-01,471.47536344218327,585.8480694527472,691.7783893042629,805.6268416934238,1009.1196518974966
2027-10-04,474.21391969126705,587.4111918760827,692.8036043681848,807.2986029669788,1011.923994622366
2027-10-05,475.2590237925631,589.1402896891389,694.4133807145172,807.1765952807461,1004.3035342076424
2027-10-06,471.3103641962569,590.4288752797825,695.3485777166086,810.8889032416721,1007.0012281171928
2027-10-07,474.7418750992331,590.8238947137176,695.449905078859,813.5118492908496,1005.1060296917966
2027-10-08,477.2971714185965,589.8351296934582,696.2548342769312,813.4894922581086,1013.9444382945836
2027-10-11,478.36101581582943,590.7783732394594,694.074581408129,813.3611340613016,1010.3238705676373
2027-10-12,477.4373560639559,589.9628600466926,696.6197196422422,816.669447832963,1008.434123295411
2027-10-13,478.63587831039825,591.3154749632844,694.7420575894005,818.5607830737013,1010.9616945940554
2027-10-14,479.1247287603106,591.61547458509,696.0030471913049,816.8525949134771,1018.3085281382241
2027-10-15,481.5654121349041,595.5710796665969,697.7682940642175,818.817095362028,1022.5178639711283
2027-10-18,480.86365004396987,595.3419280745217,700.8047593890517,820.26063768256,1017.8484466035629
2027-10-19,480.63237092557046,600.162468212838,700.7329019137171,821.2857190151047,1020.2873406428728
2027-10-20,478.32338509153607,598.5766260815382,702.0510315926662,823.3288572386288,1026.7341063452325
2027-10-21,476.5720079098492,599.2779644812606,705.31871224774,827.5311469721903,1027.6671988882476
2027-10-22,477.8203949048575,598.5840100464422,703.5864491383168,828.3005101628585,1026.0257585700813
2027-10-25,480.38469031125766,600.5447741693033,702.3508584930764,832.0298595005124,1027.6722217767604
2027-10-26,480.68503490453094,600.5889014793167,705.4919617208784,834.4102630019504,1031.5029885999843
2027-10-27,483.12765646809584,602.7760614299515,704.6126275429663,832.9193547429015,1022.0482516191958
2027-10-28,481.95689984387406,600.8000855583809,707.2747260709639,837.4920734193158,1026.205408371843
2027-10-29,482.74182414438087,601.2270690109353,708.151177014848,838.6554883588535,1020.7744623275752
2027-11-01,483.0832840215619,600.3217001211004,708.1947960739205,842.8609981633642,1037.0097314034094
2027-11-02,482.43919660639926,600.6275932801715,710.1669989313045,842.5457584175804,1028.7868135373608
2027-11-03,480.66819883477115,603.5169675553881,713.960966440853,840.726531648701,1034.5952122581446
2027-11-04,481.7881383152371,603.5784271339996,712.5587773116602,841.8976169061468,1037.9346201877681
2027-11-05,482.69841024894197,604.1340164629905,712.6119022743092,841.3885185578696,1043.3035111347335
2027-11-08,482.0428063637318,603.1224033509387,711.275518572452,844.390697995939,1044.0394920840217
2027-11-09,481.88996211593565,602.802736357935,712.6561117145625,845.3267228770596,1050.5985301306296
2027-11-10,481.169807682087,607.8049320200537,711.7904418466458,845.3087075244885,1048.126431493533
2027-11-11,481.42266392855436,608.4461605966127,714.6927682966821,850.8298690151221,1045.7861185430181
2027-11-12,482.8917580723341,609.499211870703,719.13383375322,851.1078182065694,1051.40885613396
2027-11-15,486.9944452579763,607.182926094964,716.7246337342924,853.6516782444883,1054.9401094462175
2027-11-16,484.79042967423794,605.8285898287475,717.8407374652543,853.270770269427,1052.512486180667
2027-11-17,483.38469293515726,612.1834695816183,720.0441952181358,856.3479220044883,1050.4916656763057
2027-11-18,481.6344893831496,610.5948118368345,724.7604493259436,855.1479423260582,1054.0127623293358
2027-11-19,483.388258438951,614.2705543975525,722.6379786001514,857.4332661033397,1052.8035831052005
2027-11-22,484.02063948990485,614.8731945545208,724.2174514674487,859.6653485820841,1052.957082275147
2027-11-23,485.6682314814945,616.7127246690407,725.5057381730278,860.7463180154118,1058.5509512701055
2027-11-24,481.47820787803056,615.192793023225,727.1988039567883,857.6476383948286,1055.4212442178637
2027-11-25,483.5199455755358,615.1058049403264,728.219249083772,860.6636939665041,1060.4177877179502
2027-11-26,482.8738342584237,615.2056188899253,727.0704310738681,856.7529186112979,1061.8121309052797
2027-11-29,482.3283993302268,615.9229741738702,728.7164752195615,859.0378426081155,1054.862688886143
2027-11-30,482.1818569907657,615.4924772588951,730.4647097446293,856.353089827318,1051.2381864441859
2027-12-01,484.1325814223481,616.541305399096,732.5891299364386,859.9752899412827,1056.6579904067148
2027-12-02,488.1017084579947,615.5840618972637,733.3853990217123,859.731464837573,1054.5629033657622
2027-12-03,488.7745172636399,620.7713743264867,732.8047119760636,860.6264450922873,1056.7213341523466
2027-12-06,484.7127767045558,619.8286200682085,733.1334058049615,859.7040665959508,1063.6324256069015
2027-12-07,482.4230255533872,620.2346982024071,733.607899826651,860.4743328648917,1068.037213013537
2027-12-08,486.66038681057586,619.9848665624127,733.7131831781021,859.8825404534501,1078.367744403169
2027-12-09,488.62577399773414,619.6502830623454,734.6100007384828,859.1322233018931,1074.2165374817382
2027-12-10,485.93654258561355,619.8016483665355,732.9976865451949,862.9006931127522,1074.0834389034733
2027-12-13,487.6664106743626,619.2005793296441,734.5279259470974,865.2609634205818,1071.377325186413
2027-12-14,486.15420049256494,621.3315352905227,733.4588957377342,869.5095370068254,1079.4795319049733
2027-12-15,486.058061043617,621.8276390326464,732.4068373777759,871.2862061051309,1078.5802604230123
2027-12-16,487.45272596982977,623.9960630353567,733.998031144801,871.4012174795005,1081.2821733265355
2027-12-17,489.47467284198103,627.7300362672121,738.1637103006393,874.1388946128889,1079.3475873193947
2027-12-20,487.60415500218744,625.3173315751424,735.3716001370844,872.02010303646,1080.9319516730957
2027-12-21,488.4435898665629,627.2188710383001,737.1668672989028,875.8493215428484,1083.3145369974168
2027-12-22,484.89933423841325,625.0817498078081,736.2446774359737,879.0242783557088,1091.8609219502848
2027-12-23,488.10732777090027,624.6145047465059,738.3687184560267,878.9320343853598,1099.4759209891304
2027-12-24,488.54531818018785,629.2453953465015,739.909973523419,879.6533837532463,1094.7261945391044
2027-12-27,490.410986629393,629.3167117649207,741.5231691557269,885.3738597746832,1093.040371445567
2027-12-28,487.21915058150626,628.9450299408425,744.2319733695442,884.0518014258905,1105.4568289955196
2027-12-29,492.0708987083053,630.5981372420574,745.6516460344399,883.5917724712373,1105.5950091721086
2027-12-30,490.5541469057199,629.6120411150547,747.7929882339175,886.2366962731387,1102.6359131309514
2027-12-31,490.4346202849168,629.7425488127178,748.2226515929137,884.2408215257351,1103.9595844852818
2028-01-03,494.33835702394646,628.4233103460932,747.586353126582,886.013718530289,1104.9486826751986
2028-01-04,495.5069850009965,629.2959338533262,749.4725638055861,886.376687827368,1101.9581181565513
2028-01-05,493.992330783898,629.3448908100362,748.5654913126091,890.9753208119914,1104.1823943058619
2028-01-06,495.8202138848126,629.1373559930926,748.8561018643852,893.1723853759258,1105.9784228805659
2028-01-07,491.2756267536296,631.0701039751057,747.0273286956254,892.1512475317902,1114.1918231012269
2028-01-10,489.9990059743576,629.4433004350612,746.024404359149,889.9431738500699,1122.627115391533
2028-01-11,489.75305330459065,632.2087943250792,751.8140736556445,894.2239903685054,1122.6218214366895
2028-01-12,489.1028135441822,633.2889274218373,752.8827085559344,894.9314773347085,1119.5990327731017
2028-01-13,494.11592803643737,631.2255063846933,754.7094338992327,892.5615561085457,1122.7441630868157
2028-01-14,492.01751813016995,631.7961704443255,754.5537414101052,897.2889804793338,1122.7840614054928
2028-01-17,493.9101594526372,634.6551112047625,757.3156966853189,898.0160566756499,1128.1967164128928
2028-01-18,496.42368645291907,634.6274322396243,754.9725338506131,901.0130785752831,1130.9429753004792
2028-01-19,499.23718857209946,632.8236667298618,756.1071572670485,903.8920904393092,1130.2541487019741
2028-01-20,497.4248760186451,634.5434723655374,757.0406020018692,902.0502932922968,1128.3091169177085
2028-01-21,500.3437977972181,634.5020169716306,758.3142666197789,908.3944696870541,1133.4612770237222
2028-01-24,493.7069831051126,634.5457222814609,758.0703092805909,908.1435746549496,1135.2121490329498
2028-01-25,497.4245088673215,635.5168916975465,760.1792182718632,908.374959892285,1135.0701165490325
2028-01-26,495.925924904003,637.0372494782661,763.9850792422699,909.762203248904,1136.960146956659
2028-01-27,497.0880983515418,636.9731136823935,765.8303026913854,908.5360056286777,1140.161335285314
2028-01-28,495.5545425950925,637.5269852857319,767.7721490471819,905.2967406726725,1138.8931154877548
2028-01-31,493.4848969152403,638.7336921944303,765.0989171097191,907.0951086241429,1138.2967397659947
2028-02-01,488.4915179981284,639.4125157999199,765.6166472228014,906.7465293187872,1142.8916697377008
2028-02-02,495.49689272787236,637.9931201435957,766.2954544773932,912.0953443131425,1146.4274774074518
2028-02-03,497.29061829098714,641.5066927711042,765.8339685764596,908.4600032441734,1156.7289877789005
2028-02-04,494.2334156008715,640.3910824525999,768.4406924871226,906.750898885939,1148.040310028571
2028-02-07,494.81400785443316,642.2004943561309,770.1651350621614,908.3838238539429,1154.6877391101887
2028-02-08,497.64283789723703,642.4583285463186,768.6278810270246,910.9079756247019,1156.6872829045183
2028-02-09,497.57886157596323,645.0600936108812,768.3476709611948,920.0132863875076,1163.1563037747705
2028-02-10,500.7341421144139,645.2314225733248,768.0930274940795,917.736792728562,1157.801135992296
2028-02-11,496.3995359604086,644.3570040134356,772.0166954091721,921.672255963151,1161.7443018684066
2028-02-14,499.03371032134515,642.9422765477657,774.7304744166884,920.680650167863,1161.139698582632
2028-02-15,498.695339844439,644.5857300869807,773.0792951748042,920.1817203612699,1170.5818806609223
2028-02-16,498.43030989470054,643.2693751504559,773.1998738292802,921.8068955831869,1176.4086779751658
2028-02-17,500.20490959388655,643.0373796836666,772.6152235703753,921.5840779452417,1164.6942099141172
2028-02-18,500.99337434090046,644.719360308887,775.4528794914543,921.8401391245856,1163.9190821976304
2028-02-21,498.7991628472706,646.4204471567771,773.5446398955219,918.7304521466106,1178.7471697211076
2028-02-22,501.49720617709227,645.6462118590593,775.4191263340779,917.8914974414558,1173.454860451107
2028-02-23,499.4948705465439,647.0488207699398,775.8779597162129,918.7685681500152,1173.4294709281646
2028-02-24,506.6025217591947,645.2971518350133,775.9805867775444,923.5769305284468,1173.5270176912113
2028-02-25,503.1666327542085,647.3521105042379,779.7278619923329,922.6901289288892,1176.0206774669246
2028-02-28,503.6396082805779,649.1856989771809,779.6334404393389,926.887186204095,1175.6058493253524
2028-02-29,500.5604062762237,649.8037275325355,780.6281769053018,925.2143361197577,1174.645380800362
2028-03-01,497.796833865248,649.8020904327518,778.7248588166782,930.3501650788422,1177.577316554715
2028-03-02,498.4830508573997,650.3108271090645,782.0850382241975,931.093602528724,1176.8768186672203
2028-03-03,502.10982475352273,648.9662864413817,782.6833488710714,936.5044271332594,1182.0123257922414
2028-03-06,504.5647801450677,647.968330283345,782.4650194593785,935.7721919501183,1184.2729606279622
2028-03-07,503.9399930019091,649.2412636025256,780.9178740837583,933.0826024955477,1189.925161574032
2028-03-08,500.4967755479411,651.0165240269259,784.0591093572699,936.6077301277198,1186.2395522029392
2028-03-09,503.66162280834624,650.8807641441056,783.5303874431548,934.0345980647023,1187.67206882126
2028-03-10,504.68440196557333,651.7269463012373,786.3741854165664,940.3521157484197,1179.2257729615483
2028-03-13,507.4088268085208,653.4022144840849,786.083763407232,939.5283917928502,1190.3908143026006
2028-03-14,505.65817792057845,653.6871369850885,788.0594057738081,940.2219387228099,1198.135777208764
2028-03-15,502.6377067670728,655.4268529169924,789.6804098777195,947.6823143476261,1195.5190659024306
2028-03-16,504.4784940120999,655.400023078035,793.3890096486266,943.6268331662556,1198.0603853381056
2028-03-17,500.99167052597926,654.3778494929309,790.9933922561617,941.8106204086837,1198.0232475086873
2028-03-20,506.8798904198171,654.6727425822094,792.5276048489668,945.1553707178739,1206.006620735641
2028-03-21,506.33788431933624,654.1188986864453,792.7218445713484,947.9362260770083,1207.531731363243
2028-03-22,503.7225568984731,657.4830167668115,792.0139784993429,947.5176876103694,1203.7727877861587
2028-03-23,504.86782932018315,659.0407270722957,790.0457006372515,950.7424716467252,1209.2812440213763
2028-03-24,504.8404696524002,659.268545791773,790.8153824005831,945.5038062221088,1201.046230872393
2028-03-27,501.6898182813907,659.9648442801165,791.1078463844888,949.5521657544964,1211.5502105548321
2028-03-28,505.06977596332166,659.6284412958289,791.1788836988363,951.5595085429967,1205.0975745660348
2028-03-29,510.1353381275803,656.1512366860427,791.2262842420455,951.4088621198098,1208.4926408801855
2028-03-30,511.1570667993432,659.0476933762941,791.9182208658895,952.5190362816895,1208.830628345287
2028-03-31,510.44427399615097,661.6790974003202,798.2703058737035,954.77924377088,1219.7092205634917
2028-04-03,509.71960283404565,661.5252175574334,798.6178451652868,956.9184582423525,1209.2150560741268
2028-04-04,509.97125526510797,662.9554490163804,798.6505443124684,958.4742154825415,1225.0798348742746
2028-04-05,511.19142860832136,664.2639033319128,800.9750465276228,960.861175362128,1223.7122126826728
2028-04-06,511.71443348048626,663.689679381257,799.2627073760925,955.6491314037726,1224.0098952108224
2028-04-07,512.2403085401378,667.2929406528425,798.8730034570212,957.0422107740375,1220.3462140552801
2028-04-10,513.9461862895774,669.0823470955293,801.5577709717181,956.0147429469114,1221.0040111645749
2028-04-11,514.7618038870811,668.187156767344,798.6038081525919,960.8963206177837,1221.843601197238
2028-04-12,516.7002197252591,666.1886284790944,800.3132717043395,961.9656654021032,1228.872068186382
2028-04-13,512.8104078218877,668.2936518753771,800.7863337060103,964.2309307126545,1227.1304319504409
2028-04-14,515.454122271907,668.7034370614326,804.9977312511186,963.3321771009953,1228.979818519317
2028-04-17,517.4978781405154,670.4924587397691,805.0461818448712,967.1933671721761,1230.1245955085851
2028-04-18,518.8628495019667,671.0108253929673,805.5091179178635,969.4465837155208,1234.3255924996986
2028-04-19,518.1548751478382,666.6536294636619,804.2475709662649,970.5612238425246,1234.4563064569202
2028-04-20,519.5293093315717,671.8599439005179,805.559659766597,970.792134995016,1230.3158245814595
2028-04-21,518.1300080147494,674.1961653588753,806.6985170080866,972.776243228085,1239.7447143041954
2028-04-24,521.8839814711636,672.7481735305068,809.3394443289478,974.1286457087388,1242.6562171279315
2028-04-25,524.2514587995787,672.9947281739336,811.3323624532461,972.0050280760249,1248.309190251712
2028-04-26,522.2669316039596,672.0509974353399,814.0481373972573,974.3414639462839,1239.867878967785
2028-04-27,520.8261857842355,672.0028971305803,814.3663732031324,978.845302860745,1253.140165480502
2028-04-28,520.1622307790481,672.3667892033598,814.6642634889927,979.7902979109888,1251.50053698252
2028-05-01,521.2665343289951,676.0271576318202,815.8964156717456,981.4490976893865,1254.2557080179922
2028-05-02,522.4303889227015,672.7889681624704,814.2286332509353,982.4410923146531,1258.8260636946466
2028-05-03,523.8847607401842,674.3703315890409,815.8448817416183,984.342549301267,1253.4448097524187
2028-05-04,519.8118807638671,677.9389814471967,813.5834291371084,987.8025716950533,1255.1654581775892
2028-05-05,523.3005827846058,679.4536169798102,814.9545018663166,979.2940263743442,1261.8460741970903
2028-05-08,525.5827196652212,678.5371524815504,817.9087284770892,986.1405387934593,1258.781872574763
2028-05-09,522.0812374997993,679.8856853567586,819.9642389140695,984.2697115750711,1261.2581639565901
2028-05-10,524.0121775617139,680.3641311748408,823.1656306201409,984.4990386782434,1266.3594460348095
2028-05-11,522.6898373213894,676.9736079588317,823.4754264628142,984.9398487022642,1263.0840161682238
2028-05-12,522.1968608617374,676.2925610467686,825.8582419801864,985.485551202967,1272.520491581442
2028-05-15,526.1326674722544,678.5463906146606,826.7910712349881,984.5186442992851,1273.2174964931664
2028-05-16,527.1953859465683,678.8142608422023,825.5053438086613,989.9592864184901,1276.7125086119052
2028-05-17,522.1240468841576,678.1152695776539,830.6288829481964,989.8506159651636,1283.0700986906966
2028-05-18,525.344076220591,678.3087951901582,829.6544588571251,992.0260518337741,1286.7837130968355
2028-05-19,525.9274814347752,677.626953185996,824.834761954723,993.1299022873146,1280.7762395343145
2028-05-22,527.3431616460554,680.7427412803821,826.9568176415647,993.6467969890139,1277.0834372468505
2028-05-23,527.3573575284681,680.532420574023,828.5685419482874,995.7109710366833,1282.9155210980584
2028-05-24,527.3904894643393,679.8405164978636,829.9750764827811,1002.2665632853373,1277.5652780810838
2028-05-25,526.7653415121096,681.5014432084254,826.2923862300865,1002.0571192937686,1272.7947287787417
2028-05-26,527.1538246623048,682.1874842911022,829.5687610525185,999.6792723424076,1274.1186311147371
2028-05-29,524.3683410289324,684.1706530654452,828.8685054053856,1004.3901772941821,1286.1724919519108
2028-05-30,522.8517117686548,687.0192996718772,828.5266226104861,1000.445522336251,1291.5624186201617
2028-05-31,525.17608720046,684.8606767770111,828.9914151030785,1007.4579994425014,1298.0193648581903
2028-06-01,520.6587418495619,683.7020243709163,829.9128856016016,1008.2820647532378,1304.52689942867
2028-06-02,518.8408101094087,683.5232956728639,830.8581328559435,1011.9007286417095,1307.446682321358
2028-06-05,521.5140442579449,685.3279811387365,833.166023257876,1009.7716545240703,1311.4722025439935
2028-06-06,522.7945622613801,688.5545353656339,831.1535195796923,1012.4283276534361,1314.0131303838414
2028-06-07,521.8683483447894,686.89344735352,835.8893070708991,1021.4361604393489,1311.563325243077
2028-06-08,527.092097652443,682.162843651146,835.6619826767987,1016.9188499407269,1313.4559547628862
2028-06-09,523.5212068930208,686.6734452067524,839.0291054138282,1023.5260313652716,1314.6624326078831
2028-06-12,516.9230632538644,686.4035241983162,836.6061544768017,1024.2375869512089,1313.3637473596707
2028-06-13,521.860919364028,687.1703402414092,839.3946934842019,1022.733476322693,1328.3608008854578
2028-06-14,521.1158750610717,693.4128894769748,839.9216544255376,1016.7628019378308,1321.038476420228
2028-06-15,525.2854400480578,691.3640714037774,840.5059179183174,1019.2435762601867,1321.1701680107803
2028-06-16,526.765233786615,690.6357712779643,840.0692900609597,1020.9353374727195,1323.0570198120279
2028-06-19,524.3309784314795,692.6529473327544,844.3518627230593,1020.7422571959498,1325.6227409144847
2028-06-20,525.181481012515,691.159523533451,843.5277809776455,1020.211199423993,1320.758088449168
2028-06-21,531.1349646836386,688.5229998619461,845.4187283442059,1025.490952023456,1323.719430399752
2028-06-22,528.3047506862903,691.8566564318237,846.2405025661831,1025.5652448661872,1330.918317857546
2028-06-23,524.7525205024202,694.531867422747,847.7686739177386,1025.8480657483992,1326.6226367975198
2028-06-26,521.7937727374666,695.2655517859745,847.6467486936219,1027.9110438551938,1334.5810477011084
2028-06-27,522.4102606764483,695.8175103121742,848.2489685756145,1031.0523862234027,1341.7804602272968
2028-06-28,524.6158112824775,695.7947834244075,850.5676296254688,1033.2503674543782,1339.4017472805863
2028-06-29,526.4210483266004,694.945134634385,850.44667678797,1037.7927447672084,1345.9504241069278
2028-06-30,526.0440820577818,696.2199253302836,852.0112401123237,1039.0224685571916,1346.7534391368247
2028-07-03,530.4178076007736,696.9509237165461,853.5975726941112,1040.0615970744004,1357.3219243690667
2028-07-04,531.0560241344227,696.7482376730011,852.1290427346814,1038.9835542005844,1354.0668023349895
2028-07-05,531.3437914603757,695.0772017481704,851.8570857479567,1036.407096569689,1358.2588692237814
2028-07-06,530.8261619118923,696.2260007261593,855.6174670404891,1037.9399339941301,1360.0452364155271
2028-07-07,529.7351278063574,697.7721877912837,853.657671862245,1043.4505386391959,1364.0815014162445
2028-07-10,527.5877151174219,699.272993346111,853.7576768959034,1041.4399110651918,1360.665969879447
2028-07-11,527.7984311151725,697.5813983942846,856.1684364071498,1043.2860861584209,1374.5214807589482
2028-07-12,525.7274096782182,699.8315525268489,860.1160818393898,1048.4387548140862,1377.1553873287514
2028-07-13,525.5195832911473,700.1221976370534,857.3221860339304,1051.7385247771458,1390.2379294996872
2028-07-14,529.3725830005284,698.9231020771258,860.0582178602622,1055.0058192290176,1380.8615649108042
2028-07-17,526.1650699912431,704.2926293101602,858.6236401112656,1052.744202218552,1381.8450336887024
2028-07-18,527.9135287066066,704.6495693524214,858.112596991695,1050.1586410837176,1374.4537448330848
2028-07-19,529.2807100619747,702.9952319429475,858.6757442126848,1056.394115711498,1380.5044335690175
2028-07-20,533.9756249786795,703.7317720172557,863.6943723255018,1057.0205149876774,1377.1058352593566
2028-07-21,539.525618243234,703.6492993960953,860.6588529073288,1060.091079904684,1372.497022363586
2028-07-24,534.1471017982166,706.1698127156862,864.6287046043954,1062.7995528360516,1381.6614933798417
2028-07-25,532.8924474997973,706.2183677252174,860.6008406827143,1061.1670656346278,1386.2545883916227
2028-07-26,534.1421638180992,704.8289033833362,862.6073335684513,1058.0337553056454,1386.2887394879283
2028-07-27,538.771860570437,705.7327794315217,865.1292576531876,1056.8265309379854,1394.3683903075143
2028-07-28,536.7146279353062,706.7605893141865,867.4287918551906,1059.6112532129227,1389.0821183582914
2028-07-31,539.6253431005559,709.0326894565521,869.1280562304961,1062.1853918092238,1392.6855258156884
2028-08-01,540.7912457881256,708.2085627392422,874.1906770598118,1063.2831230762754,1397.586041500782
2028-08-02,541.1525342509209,709.2164671696497,874.9333847091498,1063.7171037742582,1393.7150202995097
2028-08-03,543.8422807228804,710.8752869422749,874.8111468417133,1067.9041640679984,1407.4198350999573
2028-08-04,543.8697877072963,711.2135022863151,878.9442916628757,1068.3225023396105,1405.8653830701774
2028-08-07,545.3732458708917,713.4963241615525,877.5149373292031,1067.3475092543224,1411.9589265968723
2028-08-08,545.029924079407,714.8251364219302,878.8761828710171,1069.8829524380706,1418.612941320946
2028-08-09,542.0270597310487,716.3973261420131,876.5908631111431,1069.6035395745057,1416.044111160911
2028-08-10,541.9020153333687,714.8599070872594,878.2530732179201,1070.6589050115838,1415.7376054182457
2028-08-11,542.1635628209082,716.1140778603486,881.8800810126805,1075.4109357231735,1420.5731314569016
2028-08-14,543.4241193854672,716.2939459087513,879.2657039836513,1076.9817536289079,1418.6458908353604
2028-08-15,542.5110153060531,717.4761813797433,878.6669643985579,1078.1372952146603,1414.9710580523151
2028-08-16,545.7693738668028,722.5194972403318,885.6127807187338,1079.5444923827904,1414.1755589532484
2028-08-17,546.2798299833685,724.248675511888,885.6146283492822,1079.5887908167206,1430.8005281635794
2028-08-18,546.4991252497566,720.4362966464547,885.6846143481264,1076.097792653458,1414.1580045204537
2028-08-21,545.7692148826139,718.4614537698824,885.2073783863614,1075.9007958984846,1429.326277266206
2028-08-22,551.1194869885828,715.8756647741629,887.5572719586037,1081.6783862610596,1437.1486916403262
2028-08-23,545.9707251022077,718.7329739163116,886.2101068876527,1080.2095007311605,1437.982991039157
2028-08-24,546.1953593328258,720.1773470822034,890.3730705213111,1079.011707249325,1449.9939156638272
2028-08-25,545.4520133471431,720.0974326750079,890.693802256467,1080.6403268273261,1447.5546203630952
2028-08-28,547.9106308656487,724.2831340430974,889.7260676039164,1084.1007682837196,1446.9334018907236
2028-08-29,547.1664918050406,727.5856619527913,886.3146878364678,1079.7719692389169,1446.6520588985682
2028-08-30,548.8321903836977,726.1884780131422,888.5867072475578,1081.6643426204337,1447.1022447303576
2028-08-31,546.2195454479617,726.6123642000663,890.5381815740392,1080.2793417276835,1454.8259484336045
2028-09-01,553.3496373967124,728.5043695836152,892.2143509418327,1080.033993268751,1450.2260657946204
2028-09-04,551.0903856955647,728.990047834065,891.4603721392617,1086.8397466846582,1455.5885885340629
2028-09-05,551.9786456441534,727.4846558040012,892.5637489293642,1081.7961760069447,1447.4115645458542
2028-09-06,558.8645950090523,731.8033557241955,892.8566025650834,1086.0480392248833,1449.8403878838324
2028-09-07,555.2863780851638,728.94189755191,895.9320684406546,1088.001713678581,1462.2564644318854
2028-09-08,557.6554328547616,734.1865410404318,893.3019152976999,1092.9257414038916,1457.8816096965554
2028-09-11,556.2788529333377,734.8951215043911,894.8237833500093,1095.4471536541269,1463.439297950569
2028-09-12,559.8427016125236,732.7549040148172,895.251581661825,1096.65294064805,1455.451363334435
2028-09-13,565.125003742006,736.0360393103844,895.93950995918,1101.7391714438222,1472.1127763123611
2028-09-14,563.1500634568256,732.7863973587017,896.1630398492023,1099.5134395051648,1465.0114008774842
2028-09-15,562.439674735828,733.3797499471774,896.1000767429211,1098.4929291182316,1482.2307171810592
2028-09-18,560.6302784857979,732.9823611718189,902.8508059113531,1108.0610990918383,1470.0515776694451
2028-09-19,560.1818179544783,732.4286665954334,903.7639523636146,1106.0031351511443,1471.6965428227038
2028-09-20,556.891631341312,735.8796345945885,906.3475927861261,1107.0400289333786,1474.7746854281359
2028-09-21,558.9856828614425,734.5074719938702,908.4361261586951,1108.8212396677354,1478.4631695371938
2028-09-22,561.2392258588062,737.1203700555711,905.5973404192473,1110.2347705502957,1476.6823100545305
2028-09-25,561.6766684865514,739.3614750355795,906.8702446279945,1112.5257942527348,1486.3714152457003
2028-09-26,561.5011412201708,739.4339940301679,907.3941430468903,1114.7539913487876,1486.605089467078
2028-09-27,566.3012249707025,738.1808529869454,909.4012881756305,1116.2923173125562,1487.2676930052332
2028-09-28,563.9615197179812,738.3619930234166,907.7933962160278,1116.117491227074,1488.525487301036
2028-09-29,567.3214883520468,739.5485692352836,908.4262958696147,1118.5298247906603,1499.0299571393814
2028-10-02,562.1676907394288,740.4522036489341,908.875248793139,1122.3865381960763,1490.976912744598
2028-10-03,564.9524291267385,742.0082714102061,915.9109983138576,1114.6773234133257,1504.2898006406717
2028-10-04,562.5471587358745,745.8503818588177,918.2843721306955,1119.731991960929,1499.619579355744
2028-10-05,563.3388736649624,746.4780062216149,921.7874133701737,1120.27053519841,1506.476198818381
2028-10-06,562.7571017652748,745.388284491983,918.3937877871083,1121.1227924841837,1503.76254111162
2028-10-09,563.4813183159682,748.385740483513,918.945360718724,1123.8830999907714,1503.400283664826
2028-10-10,566.0312358427963,746.6203242990249,922.337673944814,1126.5103972883896,1498.2483239921266
2028-10-11,564.9724627178839,743.9377141174828,922.5318003839828,1128.0550937105475,1499.0644564700726
2028-10-12,565.7071597879809,744.1281476859901,923.9220190560429,1127.867850442736,1502.7440646870407
2028-10-13,568.0750169692712,743.797895096953,923.3208609863137,1127.6941935254417,1502.5759758298389
2028-10-16,566.0526540897762,746.8141340975553,922.7792110010002,1128.5643566605454,1520.2263270362114
2028-10-17,568.8533769959646,748.386603640989,926.053168675666,1127.1005866962219,1512.9981386589825
2028-10-18,567.3331443381513,749.4092079532046,925.935140965132,1130.1636754331757,1526.292413565899
2028-10-19,564.2694530974815,749.9201377379152,926.7669269213677,1139.047496907424,1521.587688492575
2028-10-20,563.8290224485132,755.4149914622878,927.9791149265399,1138.3176450211408,1518.9886864809243
2028-10-23,563.2630569698929,753.8781389137343,925.5353835509433,1139.5032718250168,1509.4547989759822
2028-10-24,564.7848276739369,751.9792098811471,923.9477335544859,1135.7570942354391,1515.7005220369094
2028-10-25,568.1555145236817,752.8509650204339,926.6562598012636,1141.6804498346542,1517.0613485678168
2028-10-26,567.0998768781121,753.8581232898056,926.0708960390623,1141.8279259093683,1518.9389863526276
2028-10-27,566.6957503720289,757.0881990532685,924.341056881444,1147.3812349500763,1522.1126911654333
2028-10-30,573.7766279039772,758.8675963202662,926.0819414897819,1146.7247268368683,1523.9202474976626
2028-10-31,570.4974369973804,760.2708987659403,931.2325579699834,1150.4192878805209,1533.4647039832294
2028-11-01,568.0868245884996,762.043123999289,932.419243600573,1148.7895727380374,1531.633010864765
2028-11-02,570.1609224473245,760.8831584628224,935.0116194412392,1150.88571192899,1535.394150540082
2028-11-03,574.8654437605732,762.1951772631038,938.8243275752142,1152.464988774696,1535.8774754166445
2028-11-06,576.4454767287936,763.2884002313076,943.0612284454636,1153.3697260341455,1543.2690950069302
2028-11-07,572.9882397430601,760.6641389072441,941.6676289815841,1157.381719521388,1545.8666826969525
2028-11-08,567.083900289461,756.7973732398843,944.704849658673,1155.7304383267888,1540.3416584598701
2028-11-09,567.1731843562569,759.4522505694165,946.1489892427262,1157.7177928828887,1539.8784943711967
2028-11-10,570.5640885561118,762.1563494935685,945.3576431400165,1159.1930206495301,1548.495104389487
2028-11-13,575.2832410824985,764.7417199730112,944.386470235188,1157.2490218128655,1564.0766440386703
2028-11-14,573.9905714253385,765.4129070720006,950.1985367288223,1160.5271057513494,1564.1088527619709
2028-11-15,570.8586310920603,768.7561160070197,950.5233608696514,1162.9774924268916,1560.1645364524463
2028-11-16,575.5096079550956,767.6531049325254,954.4179091208885,1166.0007433410635,1555.0641141184299
2028-11-17,569.9155609465769,768.4562426987903,955.6201397997872,1159.2546134507504,1557.954658484563
2028-11-20,575.0446416972668,770.4262255670611,955.3566679040639,1163.3560275124069,1554.0437415219785
2028-11-21,573.5155716670548,769.6682989875196,955.8300481018832,1163.784519708269,1552.8460418848147
2028-11-22,572.3045564300984,772.898140477774,957.1284304882367,1169.4042697300388,1551.6372853869009
2028-11-23,574.1805263631023,769.250839451907,957.1207011462241,1171.634418751211,1548.2597100351527
2028-11-24,572.7705914402967,773.4949507764956,960.137375160444,1178.3068174690795,1551.7356814791442
2028-11-27,576.7348790732996,770.1235662314125,959.4248768094585,1174.6251464897364,1565.963762297796
2028-11-28,576.949210336673,773.0722752711466,957.2597500632082,1173.1949619713023,1560.3911582337842
2028-11-29,572.9455081511707,772.8582920534659,963.8295073327472,1177.3027542548537,1571.6658368308433
2028-11-30,572.4163619415318,773.1263951216408,962.3354314460591,1177.790123017748,1581.2355054670138
2028-12-01,577.5543708149931,773.9114317878381,962.7207406034038,1180.8347386458647,1592.0424801869838
2028-12-04,577.2832904144504,777.5296596116546,960.9411449188707,1176.5537171145638,1590.377107564609
2028-12-05,578.79597264441,781.5434447614791,959.2380999747609,1180.1232692936048,1581.734376524119
2028-12-06,577.0135687957093,777.4831658830072,965.076440678168,1180.1385927134993,1586.4602772496999
2028-12-07,576.0511344912854,780.7771223012074,960.2987996469101,1184.601432184234,1593.5516734567723
2028-12-08,580.2762002605342,781.3966494806263,964.2545771099785,1187.561733910737,1596.2910238080465
2028-12-11,583.2461223945418,780.8699662302645,963.8113753707547,1188.3993137887753,1596.1927812686745
2028-12-12,588.5989771997369,784.7710283455726,966.6438706450496,1191.6935637422666,1593.7708752293233
2028-12-13,582.4244679140447,786.0029459118116,968.3096285196688,1193.4568833162493,1588.057342842856
2028-12-14,578.4952230930268,785.9501822370165,968.8069531844118,1197.5387431256777,1597.0643126922826
2028-12-15,575.9252918259702,784.2751943845775,970.1200267605271,1193.425870952027,1586.7834274847526
2028-12-18,575.3391146563478,780.8472688935763,972.4085202588353,1196.0835077950157,1589.0924179105737
2028-12-19,578.0629038372967,780.8475823707504,973.0088218930352,1193.546089978738,1588.0624369302122
2028-12-20,579.1238048744472,782.9012006021393,974.6620100991146,1198.4288096110117,1599.0969088079657
2028-12-21,582.0215305968892,784.8480687674264,979.2704145653865,1200.6233944260734,1608.1999008205553
2028-12-22,582.7923756347163,782.4249214047902,979.3857455515713,1206.2597501828473,1611.7021378635109
2028-12-25,583.4950213650578,782.3367350080237,977.2864347742805,1202.4341221169466,1608.073954888764
2028-12-26,586.533393663586,782.0870848401353,976.7419931257809,1208.1222349958166,1618.7701796629913
2028-12-27,580.3463123079683,787.8612213349443,980.2772049695527,1207.3732956971523,1614.7204822023125
2028-12-28,584.5215661277715,791.5581669537677,978.7905594598411,1209.8090623933415,1609.2247999529063
2028-12-29,583.9452265594074,792.9632163353269,981.1488081805282,1210.0194927001166,1610.9356026616138
2029-01-01,584.7892266028048,793.0769882231737,979.2682004170663,1213.7568262056966,1595.3051561260722
2029-01-02,587.1488771831922,794.4869833266225,984.5002778438006,1214.6586964190178,1593.948969370068
2029-01-03,585.809113221721,796.8460501305544,989.948869544556,1217.342131482607,1604.4645439487329
2029-01-04,587.1188960290182,794.5032725203711,989.6937642943897,1223.9098024069158,1616.1669272502288
2029-01-05,585.4969418055108,791.400171463868,988.3741861993992,1224.3806135724485,1606.6422124428996
2029-01-08,591.9041905280773,794.4883787983351,989.5183284216821,1221.1544884388813,1615.0446750447618
2029-01-09,592.8784758877623,797.6351914599329,992.8770148931276,1223.7308192974774,1621.4163670890953
2029-01-10,592.3570382476713,797.9173600846607,993.3675336533962,1222.2065575373222,1624.7162379106544
2029-01-11,590.853527387604,797.5838138022589,997.4616151923774,1224.4636685182002,1619.2807438070965
2029-01-12,591.8463215840891,801.5333058660846,998.7577380224052,1225.933182894663,1632.2066611000478
2029-01-15,587.0856371885505,800.080800205664,998.2695968936468,1227.5588055423964,1632.9143259647408
2029-01-16,591.142705038863,801.0065863497473,1001.0307564135842,1234.4382441558394,1635.9297143218687
2029-01-17,591.3396048785066,804.5456831995787,1000.0207049941398,1229.5821003956773,1623.919437678321
2029-01-18,593.4810045326707,804.3168966112765,1001.1560219611317,1236.4042670283409,1625.3009111526233
2029-01-19,594.0918281906334,805.5101335227688,1001.111020110413,1241.9658310448829,1633.2544696284056
2029-01-22,593.6180992298671,805.7881615860083,1002.8178323042982,1240.648157648106,1642.1245539650618
2029-01-23,594.689384447092,807.3957424251619,1001.5367260926698,1244.508344649532,1643.239123627342
2029-01-24,593.5286122722886,807.5436279116411,1006.5982482398525,1245.6120113025604,1647.8983078300917
2029-01-25,598.3721593744331,809.1995326389047,1009.9343413771494,1249.3608181087773,1649.5133071542668
2029-01-26,598.8898252066462,806.6553757682909,1013.2050964083058,1245.3798080852573,1645.7340508766767
2029-01-29,601.7456949540111,810.6278276227611,1010.6597216214684,1249.8860812283194,1651.779413858669
2029-01-30,603.7546452079848,811.8490506406612,1014.4360345836587,1248.9947082170986,1657.9064518133316
2029-01-31,605.0401668187064,810.8815784515815,1011.1188565682928,1251.7058354179853,1677.640324143503
2029-02-01,607.6976790192972,815.270322186741,1012.941556251815,1250.0557477683585,1665.3729668748833
2029-02-02,603.5447018383373,814.6315043532674,1009.9050887893595,1248.7361153285876,1672.450892218933
2029-02-05,602.9548283410666,819.9638359739282,1013.0355028552101,1252.4536992467104,1665.9423207276654
2029-02-06,606.6872786968979,817.5385087636105,1011.805048509374,1248.6342518098982,1683.6942482285062
2029-02-07,607.5694222484999,819.7074546032977,1017.1134192153268,1253.3323929674025,1678.47710467299
2029-02-08,603.7405134647244,820.7702969307954,1014.5368782431401,1255.6757874644738,1671.9183621638492
2029-02-09,605.8330917633593,819.6400495830271,1025.3724328552275,1257.5284091153242,1676.2811390289442
2029-02-12,608.32211092235,822.2899443970873,1023.8493038908557,1256.7957968752712,1681.1360671073792
2029-02-13,604.8352075180121,820.8713632939167,1028.453019391773,1257.3839124874794,1682.7887975636884
2029-02-14,603.2663883592023,822.4227130554868,1028.4886333778632,1261.080400608876,1688.4614151929081
2029-02-15,605.0536525191771,822.6957797453834,1032.8732554904516,1265.96798379119,1686.4882699683465
2029-02-16,602.2317984565447,822.8575106918047,1035.3880340317987,1265.5121716623273,1696.599533105717
2029-02-19,604.2188354503106,823.0745884957183,1033.9801312956909,1267.2750054050985,1693.8903413508344
2029-02-20,605.6769699670061,822.0002167229931,1035.5337889325313,1267.409596398316,1712.2152234897474
2029-02-21,607.1511966176647,824.890653518316,1035.944028851915,1264.6845845534672,1703.6912161571522
2029-02-22,605.327579483872,824.3429586580652,1035.5154715492426,1267.566615750009,1714.840152892635
2029-02-23,607.229864157895,831.0924627073927,1034.559817351148,1271.4374283915122,1716.5140238013485
2029-02-26,609.5451314351709,826.6517186729989,1034.143208770934,1270.4293867388192,1711.3821740648632
2029-02-27,609.5459046468832,827.3063800295652,1038.154976898506,1270.865017771701,1732.4139684835848
2029-02-28,608.8125078907908,829.9260862418607,1040.9830262018186,1274.6093514242768,1726.4520329073384
2029-03-01,605.3913784363733,830.2813213873803,1042.0579260833204,1279.695142293746,1738.31462994225
2029-03-02,607.0510057327876,828.8476276131137,1041.6905956990138,1280.646401927851,1732.9801331556725
2029-03-05,606.0496192334863,829.7968567204505,1045.0647990347136,1279.0980203199574,1742.218557253008
2029-03-06,611.350061829466,829.5921900789808,1044.018279968397,1282.7832341183507,1745.50395816916
2029-03-07,605.7051205354296,827.9845403198348,1044.0459203645273,1288.103194859642,1732.9799397472145
2029-03-08,605.8775149777863,830.2369326839494,1045.1531211511601,1286.9704242686375,1745.79424168969
2029-03-09,605.8134814461262,830.986717468576,1041.4385447864775,1285.0336831327409,1752.253719636139
2029-03-12,607.5976411889307,832.9017655252142,1042.467101629028,1290.2028018237913,1754.02953917302
2029-03-13,607.8205323807148,837.0865212589374,1043.3204416554115,1285.7118480738059,1755.0063013208394
2029-03-14,610.3283794960162,837.1227736411349,1045.9612981303935,1287.0127850354745,1758.13218276399
2029-03-15,615.5320952582806,837.9821912076457,1043.7946893108037,1294.5763387019224,1760.067528864856
2029-03-16,607.7196665784729,835.306014276252,1046.3813964367732,1297.2237023177154,1766.7515003380977
2029-03-19,608.1461785574511,835.8302214093167,1043.1448450112264,1300.176061734434,1751.809245331133
2029-03-20,610.2972955573706,840.7540223203841,1041.8334580509652,1301.8809287202148,1773.0587953552488
2029-03-21,611.2908584008372,844.2757172142218,1042.46000194602,1308.2124150255713,1768.6129545572007
2029-03-22,610.7846510915952,845.1416943987765,1038.8098831206073,1310.45832688584,1781.395071909209
2029-03-23,607.9928132457047,843.5560023050938,1037.2885722959863,1313.1411531899053,1781.0731190400593
2029-03-26,611.1422550191223,841.6228355220071,1036.0341156041773,1304.2051342752827,1788.0636457790436
2029-03-27,614.9683288212666,841.9702844823671,1043.351930627134,1307.1855593647256,1795.5205324647682
2029-03-28,608.8145008542764,843.6444380034285,1044.5996359349676,1311.3919550746832,1784.5925925557751
2029-03-29,608.5272268028191,844.3003249735477,1043.214803158889,1316.6052336943492,1788.5614059779145
2029-03-30,609.436117226393,842.1887948115977,1046.1386936563563,1316.5652125696781,1795.197435752797
2029-04-02,613.7155589624037,845.4282262212101,1048.3825352623405,1321.771455471081,1798.03959555629
2029-04-03,611.9007173231876,846.3637005702208,1053.007252821929,1319.6047747636667,1798.0746484817369
2029-04-04,612.2293240449816,843.0780010311379,1056.8918258515455,1322.1271254330522,1788.9751855593247
2029-04-05,611.2487481366314,846.2948696171054,1057.9120356196433,1326.904685394546,1793.3287383644529
2029-04-06,610.1762877339393,849.4908516031431,1060.9177635494027,1326.3231328000456,1803.1016699760894
2029-04-09,608.6956068093601,848.7761565534101,1067.07901997401,1327.502842824506,1804.241186432456
2029-04-10,610.5651821695981,847.5713602753679,1064.7897458069028,1325.3769692280362,1801.8486360488916
2029-04-11,610.9185152800458,841.8163661231906,1069.7892143081156,1326.5107914328778,1793.7993137366866
2029-04-12,612.6952163043696,845.6785246281895,1067.5654635597707,1329.8288169331038,1804.921316538139
2029-04-13,615.9009694662996,846.1475250224753,1076.7486476956246,1332.0137730365554,1795.8071174190084
2029-04-16,612.7561204243899,847.1154534276172,1073.8078959106247,1330.7195166417794,1805.9979060845644
2029-04-17,615.7608259617635,844.6548734532495,1072.3389358270779,1330.769473934386,1814.239786259473
2029-04-18,618.5215610683763,846.9411882159015,1077.3128266967437,1335.355958241195,1828.6481782941842
2029-04-19,620.3547152750764,849.6008592405349,1081.2214880065899,1333.8615825401098,1823.1627067595887
2029-04-20,621.1716773526739,848.6221820841806,1081.408885022724,1333.5595236395143,1824.3560449895247
2029-04-23,620.0327766303944,850.2187597922643,1081.5001204303608,1343.6925607378944,1833.1039251390293
2029-04-24,620.9874007381594,849.9483361715819,1081.131998813968,1347.0597792978826,1831.5686131556072
2029-04-25,621.3247677975467,850.2839436596105,1080.900800703937,1345.0489520002232,1836.6289654943441
2029-04-26,624.1177356640957,852.6119459536842,1079.2253928632376,1346.973855704565,1842.204474180282
2029-04-27,624.4996088943684,850.8852836569986,1081.8509573540684,1340.9266215753726,1842.9906755433099
2029-04-30,624.430304250858,853.342006037614,1080.9662764328027,1347.0357074213975,1840.7795222429634
2029-05-01,625.9171920521346,854.8856243584081,1083.7368560828759,1354.365449017101,1846.2151304816962
2029-05-02,626.2599521904301,855.9987875569459,1078.314742791512,1351.4719472927504,1848.5881808878564
2029-05-03,623.0805326150828,857.5799403976721,1079.5945274373764,1351.731297243544,1876.4662744777804
2029-05-04,626.5589988556039,852.902919182513,1085.5274311526805,1357.106150401281,1866.3644319724972
2029-05-07,625.4586700697171,854.7135274217959,1084.6367591421786,1361.6799395362252,1852.5763344492088
2029-05-08,622.3608599893157,857.8864514235053,1085.2009878942163,1358.4766170071682,1871.0067315825465
2029-05-09,626.7105584978453,860.1635366502333,1087.4127758292593,1357.939795707128,1877.0851103887892
2029-05-10,628.1591451800596,859.7870405181418,1088.858789720458,1360.7066851114241,1863.3729666963006
2029-05-11,635.7316163213226,859.7000074392578,1092.3593290873048,1362.864620578971,1890.0121909428992
2029-05-14,629.6848940750208,860.0655019164595,1089.65401094225,1367.1267230673043,1883.804316426342
2029-05-15,640.0749495960049,860.2910205323249,1087.4204965312779,1375.3527176477278,1884.4436069347946
2029-05-16,633.4690823374797,864.1480913630853,1088.9695034261774,1377.829115790159,1903.0012017003255
2029-05-17,632.822899950182,861.5493840851633,1092.32595719459,1373.651278737394,1904.5568711898404
2029-05-18,633.2568872113887,861.7866043579144,1092.3731195894497,1384.0534677849505,1890.472052875376
2029-05-21,635.4415458299401,861.0373784717349,1089.8627678755734,1383.6766045473842,1894.0364955728735
2029-05-22,633.4862125212297,865.3597037678603,1091.8241413092042,1386.4658840469483,1911.3567452487266
2029-05-23,635.292197230195,866.5901921470117,1094.2380043762032,1387.8555742658884,1915.1487031156155
2029-05-24,635.3072543314687,866.0813177966767,1093.1691461318799,1391.4106828589577,1903.2884703275658
2029-05-25,630.625533806697,861.7648708875288,1094.0709751841262,1391.1153206174502,1930.7359832616246
2029-05-28,631.6677025731614,865.4639719568632,1094.380023643639,1396.492025032861,1918.0942963452276
2029-05-29,634.7666847929073,866.775347777218,1098.406372369111,1402.5766359970823,1916.9105755719795
2029-05-30,634.8733173745136,866.4203733758766,1097.8774902146893,1393.3534529145209,1914.8337814212616
2029-05-31,636.2448765585249,867.5365088055447,1101.6926074978524,1401.1579059937883,1913.2568517475854
2029-06-01,638.0628329974204,875.218281818027,1103.8253370820316,1406.398874659691,1936.7472623440801
2029-06-04,638.1348975347626,873.0776813996135,1104.172925864998,1405.8296723398619,1940.0848551400225
2029-06-05,638.320815488764,877.0183837360221,1106.4651904522602,1406.3726660785044,1940.416502953108
2029-06-06,635.3423647251174,882.2312379428846,1110.149692077025,1405.0180111612967,1949.639160268056
2029-06-07,639.0154813351492,879.9930596945114,1114.316030743808,1405.7969705009223,1951.3455434507023
2029-06-08,637.0243101456786,880.8267170159404,1121.1688561044903,1401.994528849656,1950.2952549554132
2029-06-11,638.1244942030687,880.4691050545982,1117.309287577837,1412.9148930973415,1957.7870610785403
2029-06-12,641.1359907786782,879.8080113779273,1121.3249643147833,1410.6848237776674,1966.9286076490257
2029-06-13,638.4810177113947,880.0876240966102,1119.871674191321,1409.0341225624315,1982.0912384275819
2029-06-14,639.2127535518355,883.9997678435998,1116.880181346227,1406.3757240223138,1974.9956376682778
2029-06-15,636.5016607580615,884.8025394915662,1121.6591928940136,1414.2644061533088,1975.726901759413
2029-06-18,640.4980986384949,886.3599347223778,1126.7277994385054,1414.657659323413,1976.728574666213
2029-06-19,640.5770971978344,887.2786569578701,1124.2169054021026,1410.51160994974,1976.5410553355914
2029-06-20,637.2352128477929,889.3888706958139,1124.004153518189,1410.300901668065,1977.1061483989315
2029-06-21,641.431961054275,890.6622233667115,1123.5728474053403,1417.6571170566835,1985.0767898650618
2029-06-22,638.609613881786,893.967206536261,1122.0060395177472,1413.3396744036,1994.9507856833075
2029-06-25,645.6809820557241,890.6502773491975,1130.5039250611503,1413.4680491446147,2001.3606700773912
2029-06-26,644.6430950148625,891.4594220506365,1128.6457646263812,1414.5053565189064,2000.2120138294545
2029-06-27,645.3617514387232,889.1198629246543,1127.7414794127171,1422.6451060653926,2007.8086383680889
2029-06-28,641.2099409922203,891.5312525124332,1127.542976724495,1420.479068353554,1993.7995242278155
2029-06-29,646.7494286996509,895.1796722031136,1126.948798486688,1423.3854239917694,1994.9821389355657
2029-07-02,637.4678337261682,896.9368199370344,1129.935582102672,1430.9412324054206,1998.1704590915804
2029-07-03,642.7508902980007,894.9787683046796,1135.4842331165364,1432.5383462573116,2001.1505014621916
2029-07-04,636.1608703415596,898.081489769259,1136.47556730996,1431.8194435079254,2012.2190148953457
2029-07-05,645.2639372674452,898.218422095428,1131.4204107988858,1440.9905022545831,1997.587148925447
2029-07-06,645.3255989555255,897.3904528451311,1137.7727889185337,1442.113788341611,2001.934576583946
2029-07-09,645.8671654549582,902.4984771412603,1138.5742910791091,1438.8827192340877,2008.5884637741171
2029-07-10,643.7520941836141,897.4598950375142,1133.0714741923782,1442.5525497558256,2004.992322241108
2029-07-11,642.2324855983395,897.9595157404523,1133.8402702684577,1442.6155586853629,2005.1218565683073
2029-07-12,641.6509880914647,897.3862117396525,1136.4411543447118,1445.6487048293604,2013.2879474099714
2029-07-13,642.6095579036,902.9821049173242,1134.7217352893294,1444.6545153057637,2037.4464300268764
2029-07-16,646.4871335109666,903.9648692498786,1137.488485852749,1445.318674496166,2022.228855176398
2029-07-17,649.5453143029747,903.901380612413,1136.9349447741388,1441.0262356298053,2027.5539914440153
2029-07-18,648.7839685442594,906.5821227981565,1142.6649560524538,1442.462500478673,2019.5938891751177
2029-07-19,648.4745671498638,903.3680314415897,1141.7870386198106,1451.1290648918944,2016.0067022475032
2029-07-20,650.9117527605468,905.1748002609745,1144.179147054994,1452.0043976645616,2013.1929727832728
2029-07-23,653.6413576273446,904.0080238637063,1150.8172340451356,1455.9756533592342,2016.129796235739
2029-07-24,655.0423630626617,907.7041451262363,1145.497519664456,1454.8371577840692,2014.273220981218
2029-07-25,649.4124283612941,913.5499705946413,1145.5950281742796,1458.6167064168612,2028.6745154035652
2029-07-26,652.5316274318571,914.7148521626832,1148.500638481,1463.683891681257,2037.518520809922
2029-07-27,654.6338200682737,915.7379129849652,1154.84773453742,1469.6164560324721,2050.037635737871
2029-07-30,651.7078969849009,912.5943453024554,1152.4633798314576,1472.9660141775312,2035.396069828895
2029-07-31,656.3530044096901,916.3092638266166,1155.7559728169106,1478.1521506889258,2043.429414743043
2029-08-01,660.8513885911752,913.6975753961395,1161.0897462781459,1480.1239621414245,2052.227471534065
2029-08-02,664.9870689650861,915.4692984825638,1166.953232289832,1487.739894583695,2050.3449299447207
2029-08-03,657.6090626260288,918.1821219853504,1161.9444099905163,1486.4776597974542,2066.2646129225136
2029-08-06,659.4473730001775,914.8938385623837,1162.7415499577296,1485.072716964911,2067.801127698625
2029-08-07,661.5992208760666,919.5307051143858,1167.0850451920057,1485.5833055228416,2058.0215829680155
2029-08-08,662.6522623432385,921.5798971029852,1164.050215788647,1485.4022542263908,2068.3717708356503
2029-08-09,658.7551085827413,920.9257336628565,1166.1680613516164,1488.239474104892,2066.664565946924
2029-08-10,662.7534700670878,921.2389218714915,1165.0607934262657,1488.9978165576758,2066.0187671813705
2029-08-13,660.4397392425233,920.8152436663887,1169.1189077344588,1492.477401200201,2075.6619712471397
2029-08-14,655.9864797172147,927.6321060845592,1167.1674849889614,1498.3138466574592,2079.5002598223823
2029-08-15,651.1118832748851,922.478623510979,1167.0077798848884,1502.936389321488,2088.885955146198
2029-08-16,653.3388227525662,923.6099249922747,1166.3262868566903,1501.016493616481,2083.2685780141196
2029-08-17,649.9681967621381,925.8161586566142,1179.100185835547,1500.8364662971492,2081.931349658994
2029-08-20,651.2937202564327,923.7039405721631,1183.9413900346099,1507.6163925465175,2094.4426608829353
2029-08-21,656.945646242186,926.2854984701902,1184.3169496113674,1504.6367822429331,2078.130616878365
2029-08-22,650.9048782888154,927.6702851473647,1180.450862373476,1496.9686272083677,2093.0511551614927
2029-08-23,657.4484373880803,934.2042940026753,1181.6504044332742,1503.344283970418,2092.3314524152256
2029-08-24,655.8170380263772,935.4733475507101,1183.664366219146,1506.3941039532463,2102.3352637288967
2029-08-27,645.3770125658529,936.9885993854446,1181.9809515480024,1505.6523363930714,2104.0483138182813
2029-08-28,651.6818185474208,938.254336727815,1183.5224431597767,1505.1753707168248,2100.5788949739467
2029-08-29,645.9974678808032,937.5266057955316,1183.6178566922501,1511.3905223652484,2101.8415492418144
2029-08-30,646.2240243966477,935.5034636819655,1179.171214288368,1508.8579486700548,2100.8657732415368
2029-08-31,651.7003059916466,936.9375878099382,1184.9752785988176,1510.1483643411557,2100.7484355783454
2029-09-03,648.1819551046949,936.4036098336778,1185.2347736323682,1513.396984167059,2095.131637884368
2029-09-04,654.0825364593697,941.109196229128,1192.139338112542,1513.9686448424386,2113.594747505199
2029-09-05,656.8203358742321,935.9542164067217,1198.9406901876087,1512.5252770902248,2103.112678156735
2029-09-06,657.0473169300847,933.9046273854727,1190.0079337029958,1517.5413901553723,2122.908954891366
2029-09-07,661.1921857055811,939.7138750266857,1192.4097203306253,1520.5045284659354,2114.8026928333697
2029-09-10,661.830628303792,940.355099654038,1189.714789801992,1521.3785063619919,2121.255343489973
2029-09-11,664.7167165387127,939.1992884176168,1193.860784145232,1525.0511179202047,2121.9876596169374
2029-09-12,661.3321244717854,936.6705168108333,1190.671220435589,1518.8406208260433,2122.9851143755236
2029-09-13,663.1328346316933,938.8649889098805,1192.3570883744258,1519.9022559286607,2115.4829709648893
2029-09-14,666.4585871361155,945.353650188107,1193.1178141414302,1523.3131553897103,2128.9152080867575
2029-09-17,660.1054682399838,944.9367926414352,1193.4966781848389,1523.7596126169844,2127.4814307987517
2029-09-18,661.1176305024708,946.5716216241452,1191.019226990843,1524.6097615086476,2135.524411058417
2029-09-19,668.7788638538698,945.6177198283219,1194.8494721447928,1526.9297766409986,2148.160171652507
2029-09-20,668.9559287713024,946.9397953390351,1195.471188890609,1528.3960948243725,2151.9167862258064
2029-09-21,663.4258435992571,947.6492102824951,1198.4209153459403,1531.2356489240044,2155.8846452374814
2029-09-24,665.1172647400995,948.7644412804295,1204.0305019523364,1541.0330232687706,2162.0075571824755
2029-09-25,665.3394581062229,951.0607472994394,1204.741196182623,1536.3633798320075,2171.7585012203376
2029-09-26,665.266020286546,955.334115286985,1204.8841213997202,1536.1882009625756,2164.5161617165
2029-09-27,665.48453402268,950.8783949251828,1200.8471151520002,1537.271155850003,2159.047001896665
2029-09-28,666.2639896960185,963.4404059342306,1205.8165020492083,1536.9376458784254,2168.0751671509756
2029-10-01,664.9850032869813,961.8167927330369,1209.956369242234,1541.9076444142775,2175.9905966914093
2029-10-02,667.6054030345274,966.8492428455069,1215.583364670702,1543.51346841546,2176.009729191095
2029-10-03,669.4801371210539,960.5036635278032,1213.9510280487661,1542.6977458150532,2193.4815793113144
2029-10-04,671.2308163655455,965.0481060275981,1219.8594397679194,1556.670938512806,2203.1661323301914
2029-10-05,668.8870719582078,960.4780840627725,1217.7768612662449,1548.1052502851778,2203.9980548127382
2029-10-08,674.3488420841289,965.7366846333375,1224.0653943965085,1558.6224517446813,2235.772258360773
2029-10-09,678.4956306390023,966.6604265102085,1227.154694124614,1562.002065006274,2207.4110151236678
2029-10-10,677.683999860849,965.3992054815513,1223.1551466813958,1561.449760463647,2188.6843426876053
2029-10-11,683.8956094194899,966.289464665171,1230.7419690312204,1564.644400000562,2197.8959584299732
2029-10-12,683.9560184216547,964.9555917542737,1232.6006517836272,1564.9068320938813,2193.9441962722076
2029-10-15,683.733699070543,967.78057568773,1229.7746014162253,1573.5676742101332,2178.1347063042535
2029-10-16,685.5032756630193,964.1928380590437,1236.1545632435073,1565.2842828828047,2173.6802171067366
2029-10-17,686.5639265241288,969.7080590835808,1233.8417331212147,1564.4382595119728,2173.544943772557
2029-10-18,682.5008424337547,965.1982585047529,1242.4190210009147,1573.4164395362993,2189.039720262291
2029-10-19,687.112264441596,971.1676657787692,1243.0485178863614,1575.8638085058424,2194.7627480271
2029-10-22,691.0499875334572,969.8085558754917,1236.3786354006997,1576.1469024920284,2194.567702696143
2029-10-23,689.8845669273418,965.2796175504022,1236.1507611883392,1576.9356275273317,2197.9675263716567
2029-10-24,684.9090510601372,965.1238546033985,1240.4646914230657,1580.2197280552386,2199.5104020257663
2029-10-25,686.5960529882283,970.137366766143,1243.9338622694904,1582.90269428879,2187.3389349733934
2029-10-26,685.5024169335977,970.4989771255164,1248.0418534075134,1581.6560302946855,2191.8153927295552
2029-10-29,682.6737910918038,966.9514215041416,1251.957600731465,1576.334919588698,2196.1126802547974
2029-10-30,679.8496201432672,970.667715669083,1245.6379961382195,1584.4795546608977,2214.0528363664134
2029-10-31,686.0432789800551,973.9348117727599,1253.2621759865974,1580.1885700082403,2222.121667073698
2029-11-01,681.5115295380539,972.8034537148292,1258.6513922354088,1584.5274944871742,2239.15811887798
2029-11-02,685.2777636036918,977.2740743626155,1267.165124002785,1588.5134713059988,2238.411465522577
2029-11-05,685.268459523624,978.9035193307202,1260.7785710249013,1593.0791529685112,2253.7904978678826
2029-11-06,686.1725634036526,978.9365341858266,1262.5314205032023,1595.6124067616797,2247.5306482909114
2029-11-07,684.7580301082579,974.041894124034,1266.6972308337422,1598.193458719983,2243.2268427319445
2029-11-08,686.9579722167944,978.9296728069068,1267.8692275053468,1601.2556961633386,2268.9879456275985
2029-11-09,680.6081633869841,979.1517943684773,1266.4152180010233,1602.599615495392,2249.5052548533345
2029-11-12,680.0458923651073,986.0327092385081,1271.068612643059,1608.66704020397,2239.27789768236
2029-11-13,684.5708887064861,984.7352287896404,1271.6707506203259,1613.6108672438745,2238.5831130474735
2029-11-14,682.6137827391507,988.0962281269656,1277.1701807976324,1616.5359208229584,2236.891310689518
2029-11-15,682.6166970247381,986.08808732256,1276.241612189589,1613.7138567460445,2239.611295895562
2029-11-16,683.5965020373518,988.5482038952678,1275.2038136523756,1613.9348559541077,2234.8829347447268
2029-11-19,680.1110304740122,991.2797347991888,1277.924090325283,1610.4914337363964,2240.0775074678527
2029-11-20,688.4834889419684,993.3414796146859,1274.8092614795041,1606.585428138444,2227.8386117070563
2029-11-21,685.7207311394403,997.0730871840719,1276.6868955443604,1608.9913314309997,2241.0878747048696
2029-11-22,687.6955315652679,997.9560218234321,1278.2455194428835,1625.8652474008427,2225.138019884756
2029-11-23,687.1913181985964,995.4915904787919,1277.4232495055128,1623.9784842051338,2223.1371708152615
2029-11-26,689.6796390326731,992.1368652869622,1279.7236517264864,1617.9056782617217,2226.7014042919423
2029-11-27,689.9886413425905,996.6268550533698,1278.8036506621238,1617.8288135619728,2241.334011462242
2029-11-28,697.2996170123706,994.4102902177009,1281.64113801758,1620.598433312186,2239.7092354224533
2029-11-29,693.8092121712378,997.6167007405038,1290.5888851894042,1610.2970610584543,2253.1550606492306
2029-11-30,698.049903094658,996.394237683859,1293.3285577828028,1614.2720196666626,2230.293157948697
2029-12-03,702.1086380400371,996.5959130053822,1289.8113348359407,1609.1064530162007,2259.093329473075
2029-12-04,701.293203954495,993.6204690408176,1288.3131607816815,1613.6052737934015,2258.106520357652
2029-12-05,697.5098264199921,999.0185346390655,1297.9974472796948,1621.4929236566447,2262.5849937063067
2029-12-06,700.870547760321,1001.610850107002,1291.907827823965,1617.9721885486342,2230.0692698630683
2029-12-07,700.897395115846,1006.8453446871366,1285.163511586425,1623.6079857777474,2254.0496339477436
2029-12-10,696.2978725135849,1004.198991176325,1291.8192951861301,1630.7600854137654,2244.787624522273
2029-12-11,695.6536001231901,1005.1073247986697,1292.413520603272,1627.0047603351345,2231.608225324233
2029-12-12,688.7330392185852,1006.1977665793197,1292.5354862988322,1631.150567831432,2250.8981924645877
2029-12-13,695.1541961270314,1004.9605395605171,1290.6448001586891,1632.036661065726,2245.2915526499705
2029-12-14,695.0361610590587,1009.424877638642,1302.234681400801,1630.9698763160245,2257.2019429767647
2029-12-17,701.5952703599514,1005.1980864911606,1312.6225586381283,1636.0457558101682,2257.097553480259
2029-12-18,696.4718815828741,1006.7783459468294,1308.0553249389186,1637.8424039342485,2259.635674920124
2029-12-19,699.7382901055945,1004.3066048615245,1305.9653175080903,1637.5715764083916,2254.412792768323
2029-12-20,699.0415665471658,1001.9040135487204,1315.2734165013387,1649.006275206259,2252.5710355068336
2029-12-21,701.2473004040572,1003.0401576128236,1313.7463969620273,1652.1722906718485,2241.7862821446765
2029-12-24,708.7221170250277,1005.7357059557793,1312.2363788330786,1659.6416255685288,2254.7160385004845
2029-12-25,707.5935488562333,1005.4322770962766,1312.5049488350178,1661.8457467231315,2262.6648987355625
2029-12-26,709.5134339464707,1005.7017951458805,1317.1833231552355,1670.9392311549386,2273.875824663082
2029-12-27,705.6629542977464,1006.2283328953756,1311.5794653522112,1676.843440920027,2267.4000279161796
2029-12-28,700.6227103964023,1004.612938077124,1317.8432456259602,1682.5279104665512,2279.1839979015767
2029-12-31,703.9118417274742,1010.4851718641066,1323.1087404590473,1676.5678360073466,2293.3604555212924
2030-01-01,701.045773341697,1007.6515955699161,1324.0887059238844,1680.9540142318524,2288.269524993826
2030-01-02,700.0780508912246,1009.3294799615098,1325.476174205607,1674.6242935511566,2290.938424770228
2030-01-03,700.5245018086515,1008.7560348809585,1326.2107865157818,1671.3395968942402,2295.2562138645794
2030-01-04,705.2245618680197,1011.9458495843234,1324.907965671805,1677.0141776230712,2295.8126546836556
2030-01-07,703.6808329212047,1010.0886665169915,1332.5542308089075,1686.1202365345544,2322.2368305835516
2030-01-08,703.0175326586043,1014.2825437327167,1334.0167278058861,1675.8088665329428,2326.033138005426
2030-01-09,705.277943314836,1011.2547039370527,1336.3278999904833,1692.8456840027993,2317.995072113555
2030-01-10,703.1082584742056,1011.8445401048698,1337.8863738666255,1690.8367856473883,2320.455603636725
2030-01-11,704.9440401622064,1011.0123578678686,1336.536776473603,1681.8156372988738,2320.4486511575483
2030-01-14,702.6951747940379,1018.3181301763389,1340.8101149057911,1688.330234740556,2314.1685314662
2030-01-15,699.2288308509127,1014.1987653443575,1336.3600949964102,1689.1357781265897,2342.206713841627
2030-01-16,704.8698665930431,1017.2447464095515,1339.419486671161,1691.5254413324515,2339.920497095173
2030-01-17,700.3351470777317,1016.7833307780512,1337.2575733291565,1699.6261056259493,2332.7928508388513
2030-01-18,699.2610580173755,1019.9186441122795,1335.9043487741772,1703.3821230669873,2333.7900006466475
2030-01-21,697.8201676919833,1020.4850183530112,1335.491713333196,1688.843558217708,2358.0914134042164
2030-01-22,705.5114161781519,1022.4741760821271,1336.896919875399,1694.526241386375,2350.058629391575
2030-01-23,706.6779754885687,1022.3897759421117,1338.136788884351,1700.4933078331546,2338.2378552378927
2030-01-24,705.5339191535602,1024.8577446264594,1342.9784657155365,1703.9615898468762,2353.5169119114867
2030-01-25,706.7990239023402,1026.5347077321096,1346.7498483483748,1701.8528597448542,2349.3008087607113
2030-01-28,708.9351376483941,1023.3795766618555,1350.6065184200902,1696.2020907252079,2335.8339727426323
2030-01-29,709.8488186102579,1028.5397136002584,1348.7711176356643,1699.6179559063783,2357.574461199541
2030-01-30,709.9222068011481,1036.0956677776808,1347.9535599232586,1702.708479631893,2375.1654794384544
2030-01-31,708.5477618480637,1037.3097732252077,1342.7213216711243,1711.1006230097862,2391.6636163693747
2030-02-01,710.204095066993,1039.7905348776665,1342.4576722136958,1712.9007420122975,2385.806192201107
2030-02-04,705.8578724283645,1036.7926491036928,1343.7727184198043,1722.5106249639734,2403.758884078728
2030-02-05,712.0288601002651,1041.6956105900679,1346.179498545235,1727.8083701698379,2423.389996333485
2030-02-06,706.2922096539054,1042.2233292296357,1347.2030271097328,1723.772527943633,2396.1510742643195
2030-02-07,708.7154961055511,1041.5197790227835,1345.7974805563754,1721.5874787546327,2395.560493944655
2030-02-08,706.7647387237763,1042.459955062748,1347.2375664146002,1725.0758348033469,2432.532995784973
2030-02-11,703.4095522377908,1043.5263269077088,1350.4128458044947,1724.1449592384852,2433.535158900913
2030-02-12,698.7534006332118,1044.403307337488,1349.5048484934084,1728.8932778335177,2432.3949679373004
2030-02-13,696.7192691950296,1037.526490857921,1346.8820830245272,1733.5164244570244,2433.672834619236
2030-02-14,697.3221158266866,1044.241820939772,1349.7922978069128,1738.7749868643486,2448.8386638527995
2030-02-15,705.0722931679006,1042.9780683664644,1351.3504897597475,1739.8881469812793,2449.1513556804885
2030-02-18,706.3095089039588,1046.0558364768474,1352.1506387922504,1746.106720428053,2454.082589008535
2030-02-19,710.5946778065613,1049.2303553275688,1356.1579029009326,1750.864074892294,2494.5655343554918
2030-02-20,705.93422803104,1046.199159619231,1350.5523203515272,1765.1872694777371,2490.9250938762475
2030-02-21,713.0010619849347,1049.0563773000047,1348.5117305012095,1760.6445968114176,2494.735959553338
2030-02-22,710.537282866257,1049.8078483319298,1351.7438547597221,1768.045922675508,2491.417658830068
2030-02-25,712.1346651535142,1044.659612939802,1351.1997431757754,1757.0382357920155,2494.9307428228176
2030-02-26,709.5424592391315,1043.7281447182927,1355.6268077392415,1766.54064287381,2503.2829304781494
2030-02-27,710.4407846128088,1048.2593450244105,1358.1368329856875,1765.1339226958466,2485.7260058436773
2030-02-28,713.450608625466,1049.0362339958906,1353.0205412323553,1766.7942214229997,2493.4978997522735
2030-03-01,718.2145892852151,1047.915079843467,1367.2355445649025,1766.6631880617372,2509.352945678354
2030-03-04,721.3951215974122,1052.7306431178006,1365.8398251569395,1761.56705542168,2497.8508510814813
2030-03-05,722.2310543829856,1055.3150646904462,1370.1460388220519,1769.325888623981,2479.5626536224454
2030-03-06,720.7416289288769,1061.234764246827,1369.3128851241088,1772.8737552290722,2501.715585943314
2030-03-07,726.0580251669742,1065.4199040688472,1370.7392750478698,1775.361040740885,2508.057481470957
2030-03-08,729.9146090426885,1061.765150577838,1373.381965408252,1767.2196578404,2481.6216626702926
2030-03-11,726.8069940492552,1059.356302264225,1377.5699692176026,1779.6023310593914,2485.7165032040843
2030-03-12,730.6129510079711,1058.9626079199493,1377.8522447587493,1767.1540417560645,2503.055818807598
2030-03-13,732.342093019158,1063.7887439489336,1379.6991292962366,1767.4601298877571,2498.598314320231
2030-03-14,731.7298636685949,1061.9466700875391,1390.0212053991627,1773.8380488556243,2494.025953373133
2030-03-15,731.6623322777364,1062.9869783028203,1378.7598074903972,1777.540087648939,2507.5507401845784
2030-03-18,735.3370789089664,1065.9429179865472,1382.4883639393142,1780.0244062597542,2511.0426600629116
2030-03-19,728.3348521251912,1065.190940254857,1382.3469592571228,1780.8569053105434,2508.970161360371
2030-03-20,731.5096765658103,1067.4773202146143,1390.025663707053,1779.2883198006634,2520.634924275496
2030-03-21,727.9717528078907,1070.5612298623416,1384.407882301848,1779.6658652410094,2513.964759734083
2030-03-22,728.8782929468139,1075.8044064231867,1385.014179513736,1780.6218152360143,2519.219454488156
2030-03-25,729.2691540700807,1070.2801735484968,1386.8896696796564,1783.7161289854957,2524.035837327761
2030-03-26,724.2478089848379,1069.4700214111513,1381.3694970073286,1791.5246652784645,2520.835433728075
2030-03-27,731.6173230192126,1070.9146160291466,1385.0031192236142,1802.585900882495,2528.3893044941738
2030-03-28,727.5265070413511,1070.4941233615323,1383.5945071913197,1801.1408215844144,2540.6136721842745
2030-03-29,728.5072857740602,1073.7931733175992,1384.927249297014,1798.0040749695938,2552.805557270061
2030-04-01,730.3918306317288,1073.9098605375425,1389.453746760615,1795.1255538041576,2537.008468144284
2030-04-02,728.3029075870027,1076.3515852860735,1385.3083943552008,1804.781501050339,2550.3820877043836
2030-04-03,733.3619953391369,1074.335128437289,1385.2289072861524,1810.88439223455,2549.4681606971703
2030-04-04,735.2917163596694,1072.5901448111772,1393.6773156322174,1812.9642230343245,2550.0406558321724
2030-04-05,736.2700511599053,1071.8977878177784,1390.3082532112958,1823.2197957900153,2548.1941742733675
2030-04-08,742.2969139727112,1077.3090739237202,1398.852139320203,1828.7560456891633,2562.440145119981
2030-04-09,735.0777264281426,1076.491907794837,1401.9403491611693,1831.843925884272,2551.2469555104076
2030-04-10,737.6002284164128,1079.0067538080373,1401.2338047962771,1840.459009017929,2557.799909359815
2030-04-11,735.9667947553464,1080.9944071390332,1402.908118181535,1840.2339034859233,2558.5610342833306
2030-04-12,733.8575779646479,1078.4968890459888,1402.9154709980767,1842.2857120212545,2560.2211794668983
2030-04-15,739.3298709009887,1078.980149021957,1400.9712440716212,1843.7824964202803,2572.723099108825
2030-04-16,744.9072075980629,1080.1957058191292,1403.248884667664,1849.808779188792,2575.805719622993
2030-04-17,747.0278237046903,1086.0343043738203,1408.1296483369624,1874.644541698087,2578.1244178009415
2030-04-18,746.340970553767,1086.4123759028066,1405.3269596427408,1872.81579136294,2581.5449731568906
2030-04-19,751.0791175436108,1082.7628613083257,1401.5536194166023,1871.731788671436,2588.521666549346
2030-04-22,743.3631612763364,1084.9865051099755,1405.4772490155542,1875.397807395685,2587.0163095859125
2030-04-23,747.4134071396393,1093.5021620092116,1406.143746416462,1876.2434475534435,2598.839470725614
2030-04-24,742.9039468718302,1091.5470586563329,1412.8223816747682,1867.3930124455965,2614.055450253822
2030-04-25,740.3953382835068,1092.9261823285758,1409.9841408254215,1869.4776395251886,2616.396185163252
2030-04-26,749.4367409367044,1090.8181750439105,1418.2609723706914,1881.3591743680959,2615.1158854537
2030-04-29,753.9890442729356,1091.2953290278153,1424.3461733175818,1881.4613337206033,2607.326969234508
2030-04-30,746.5403679644149,1091.4331203374736,1421.6281383910186,1879.2019680252552,2604.156196829735
2030-05-01,749.3483349705297,1095.753323265322,1425.4563597621884,1884.4205165631522,2612.389853036688
2030-05-02,751.4890343163116,1101.569476058727,1423.8956218196258,1884.5271488396045,2583.9948909564696
2030-05-03,750.8873911961881,1097.1631846926748,1419.9799668944408,1900.370726596862,2601.3735652295254
2030-05-06,753.9263124157869,1097.9171694937938,1423.5949102092559,1895.6994166115512,2621.629251927293
2030-05-07,752.0089356711636,1095.4928886363682,1424.9537612151717,1891.8582298292058,2634.0940190763426
2030-05-08,753.8800301000409,1096.868405183299,1426.8068393403971,1892.7062365676084,2619.7858184579486
2030-05-09,754.5675230446132,1098.2422743108516,1426.2687450354947,1899.6278202425958,2621.9127865723835
2030-05-10,753.36784108241,1100.1571420089806,1434.7883178134666,1891.248311604173,2613.426381755032
2030-05-13,753.3993452437159,1096.63128547113,1432.15843464858,1896.3761052180212,2624.5667152866595
2030-05-14,755.6013876406432,1096.2974371999085,1438.0259307430933,1900.2804276263942,2605.827627776138
2030-05-15,754.9132806209452,1093.1033699083678,1447.2150458430542,1906.5890901975906,2615.8029818868795
2030-05-16,755.7007774231272,1097.9856215505813,1446.3235738961562,1908.825400072657,2601.306278544889
2030-05-17,755.6304068502716,1097.0144766275657,1442.9158112144796,1910.1818487357511,2597.3251854971772
2030-05-20,756.5550046810639,1104.8088033137255,1449.0210034705706,1905.916726484131,2600.3070409559123
2030-05-21,750.5342174878298,1100.644799462222,1451.2812682818258,1910.0245548060539,2615.2173536705504
2030-05-22,750.5441602812559,1109.0862317822475,1454.9377612227822,1908.097869063711,2635.60677602917
2030-05-23,755.606912922357,1105.5765920965737,1458.7684470206289,1921.0666626777377,2643.683435445302
2030-05-24,754.0558306709457,1107.6445439694944,1457.5492871957495,1924.9866002694275,2655.8750880666366
2030-05-27,762.4640743532401,1110.2412858795556,1456.0822741621773,1915.2143279825448,2657.872922043236
2030-05-28,758.2361015804205,1104.136058234956,1457.767907517838,1915.8381645187071,2659.6011768335784
2030-05-29,759.6396446668405,1104.9158406152003,1455.6092563477291,1910.4725842248727,2659.6007258532254
2030-05-30,761.0170054834693,1111.0821191322384,1453.6817657231811,1925.7878972404835,2648.4677497064267
2030-05-31,759.1156228768654,1110.2512459763057,1461.168118628581,1925.9661423480402,2649.2595970285897
2030-06-03,759.3606078805366,1115.4736632511995,1462.4854325585115,1925.8198398607035,2652.1488147275554
2030-06-04,759.9121946543142,1115.035860071557,1465.1645135628173,1929.043285436685,2644.278547143393
2030-06-05,760.5776454909935,1113.9544857827564,1462.081612958134,1933.041142196951,2661.8225421708985
2030-06-06,757.3294086984324,1114.57665583183,1464.7735404812909,1940.7583338074555,2681.254740281316
2030-06-07,760.2275066181899,1112.0286142532764,1473.282856282175,1955.7215523680552,2689.6113946615483
2030-06-10,765.0963173706463,1117.614229204446,1469.609655867841,1951.0834384699424,2691.1008297293847
2030-06-11,759.2628490871937,1117.1492411118625,1474.7487825176968,1949.2024974462568,2695.844630657654
2030-06-12,764.4295821565679,1122.0290560463056,1476.860724259903,1943.6825930432674,2705.4272350719434
2030-06-13,757.6260730369174,1116.2437998598948,1480.5601936415,1952.1510990198876,2714.994782769682
2030-06-14,761.4944810311091,1115.69845372561,1478.1036290029106,1947.4971334843592,2724.7214111247963
2030-06-17,765.4957026702248,1126.3191484169097,1483.398596425731,1959.6272101111515,2727.0170110526856
2030-06-18,762.0288918221505,1122.3553959497415,1482.0469012647197,1956.5939670426983,2738.9722342235355
2030-06-19,762.1222662031504,1137.2886711180206,1478.395639699404,1965.0731915248668,2726.5964893997657
2030-06-20,761.7359415189187,1131.9313803206587,1478.0780989147756,1961.3598853908868,2757.7282084574945
2030-06-21,767.7391792271396,1129.0700791816976,1481.7924960332036,1972.4604532734497,2761.022872251491
2030-06-24,768.2813186563515,1138.1351658367582,1483.564894190373,1958.3352778202116,2785.177726009714
2030-06-25,760.5983935339486,1134.3524987373085,1484.8269753937777,1962.9039472460456,2740.273407981335
2030-06-26,762.6057648279666,1131.2401860858033,1482.8538290013419,1964.142601571175,2745.606799215993
2030-06-27,768.023993019463,1134.5065289555273,1482.1545657078645,1962.3784044017414,2772.6095118275953
2030-06-28,767.3259257408309,1133.2524212849514,1486.0411783650793,1963.1017859985711,2769.6314554569344
2030-07-01,768.7353524957964,1135.7989822325242,1481.7089388451357,1978.3109049003237,2780.463712905413
2030-07-02,774.3826089575647,1136.4401072533706,1484.7984389575993,1983.6806507096385,2777.0890715684063
2030-07-03,774.667497035931,1135.4326382912,1481.21899735526,1982.162080389865,2774.085925929843
2030-07-04,779.5571675884596,1128.513609855662,1489.6458915759854,1981.2854365451512,2784.210238141607
2030-07-05,775.1542036703474,1135.0291128410993,1492.2707677782828,1992.0350322241711,2790.7334671880603
2030-07-08,777.7637605019537,1131.3420121812771,1483.890940356295,1981.2701707441536,2805.3146540578673
2030-07-09,779.5744493520382,1134.1960723826678,1493.5866722044718,1994.6034083274542,2810.0864845207398
2030-07-10,781.4901847233647,1135.1164030971222,1488.929065884347,2003.053024572328,2810.1482485674765
2030-07-11,774.1647460903598,1138.251120060755,1492.6124364760553,2003.4066950614704,2801.55360487022
2030-07-12,774.6489949811474,1143.6106528665948,1499.01508766339,2001.8803965459813,2806.212130403962
2030-07-15,780.8519418461432,1143.4726785952005,1506.0153618009044,2007.3457260410569,2811.5417132870816
2030-07-16,779.9686261143803,1140.1911808577681,1508.7699286018244,2017.757649077077,2809.8193453802583
2030-07-17,777.1050269491194,1141.18338626056,1507.7127752434549,2012.4497459394138,2817.1978174711285
2030-07-18,776.730844933126,1139.2642658313107,1506.879729314445,2027.79924820947,2846.269499182558
2030-07-19,783.3732866446217,1138.5929471279667,1508.8553226310578,2019.9767262684225,2872.05658905969
2030-07-22,780.9356442221515,1143.8099660368653,1510.3996034745637,2013.2504156966686,2872.546147955698
2030-07-23,780.8873506494077,1142.569905564613,1510.8972326967166,2017.4461255802912,2883.3920639923554
2030-07-24,772.8760174092666,1138.430889166134,1519.7078628884042,2017.972812338173,2901.176361688597
2030-07-25,776.9643052382104,1135.0148613219565,1524.354896922935,2022.7569687906102,2898.294194483312
2030-07-26,782.392454527775,1139.9360578602152,1523.7673591044068,2024.585292429864,2909.6400410239444
2030-07-29,772.441649917956,1137.804831546584,1522.3190951375543,2032.4599949091116,2916.503015125964
2030-07-30,769.3436031978166,1145.4076474875087,1531.217171689278,2027.2534202838567,2891.7755210724117
2030-07-31,784.0556798967136,1140.5557758786424,1526.9585998544735,2036.631358106611,2903.4188612311927
2030-08-01,780.0065460281834,1144.3039267236059,1531.4292814853143,2037.1330688583307,2927.125058417707
2030-08-02,771.7435531412032,1144.7150879752191,1532.4219439017468,2037.7618711560024,2911.1366802438656
2030-08-05,768.903319986735,1147.1391286768012,1540.05979735249,2042.8977665553925,2934.577975868296
2030-08-06,767.228789292432,1144.6220389117684,1543.912356171667,2045.237735941114,2925.591626879061
2030-08-07,773.493708184241,1148.59126339212,1543.0499449642782,2047.63904204938,2927.3173645808747
2030-08-08,768.748723279399,1152.5608998885182,1535.1052616882516,2061.7622973149582,2934.120420622666
2030-08-09,768.9316035548798,1152.754814513336,1545.4304711633222,2055.2705225650207,2977.093422067706
2030-08-12,778.9039231334901,1151.0750115058145,1538.7712917206673,2051.7324079490472,2991.905950602602
2030-08-13,778.8711045316703,1152.8159967433483,1541.0504643723327,2055.4908475940965,3003.691494795072
2030-08-14,775.3061487999955,1154.101697176878,1551.341735781521,2060.6698547553433,2978.664780000498
2030-08-15,774.5478567505862,1159.6592287799576,1549.7694206193166,2059.7518342812305,2989.7493722454305
2030-08-16,775.9025692824491,1162.5944659719573,1549.6658613079007,2068.572438597222,2970.2853955943738
2030-08-19,772.51135924327,1157.1367431301705,1547.74711586398,2055.313004605945,2955.5040161675424
2030-08-20,771.8895673098585,1161.1022641788197,1545.752624623797,2064.158642493384,2957.632651700236
2030-08-21,770.9671904005738,1161.7175848248569,1546.166648187675,2061.499705110264,2986.0226891133875
2030-08-22,772.641508737743,1161.83574721134,1553.0655446270603,2057.4500681997724,3002.0313259586155
2030-08-23,786.2142800582782,1166.0104188995774,1555.7938926394186,2062.34630095572,2983.971823696573
2030-08-26,787.2500214999475,1168.482909423686,1559.092229631832,2060.041077869811,3010.8762223834538
2030-08-27,790.9641241330561,1171.9548870607662,1559.9372158298243,2073.173474054196,3030.578567625861
2030-08-28,784.458875015216,1174.0626534378162,1557.6641657341333,2077.2929216442226,3032.3101282926777
2030-08-29,795.9424236084176,1175.7289780183557,1564.620990751946,2097.6740129799405,3060.2152709179722
2030-08-30,799.6728895162478,1173.5747543360887,1561.935893185195,2089.580390941792,3066.0621193482934
2030-09-02,792.9801516757292,1174.7756774417649,1562.8996125465123,2090.4364507536543,3066.489510867749
2030-09-03,797.7706647791293,1174.1155922573123,1568.9908283017223,2079.690958999202,3048.1528261256403
2030-09-04,797.9936080442235,1177.302123081831,1570.0783903679326,2094.49392152568,3091.1986998894063
2030-09-05,802.2265474346364,1180.3945615705159,1574.3580268139817,2092.3028124501175,3104.7309004628655
2030-09-06,797.3048718525303,1185.5815613147365,1572.2668516946405,2096.4322175568036,3107.361313862895
2030-09-09,804.4433430937781,1184.3477438787786,1584.9197932075217,2096.246495389337,3091.3342348224196
2030-09-10,804.2762158846461,1183.4869706174643,1585.491689482169,2102.694346080144,3094.3828867850107
2030-09-11,801.5708817693197,1188.4336327304065,1585.802173727339,2104.656349427788,3101.981378972181
2030-09-12,796.7746561309962,1187.0246693648767,1591.5651103483842,2108.79865034387,3098.5171080057576
2030-09-13,795.6266895964079,1188.1415664131307,1588.4669956597813,2114.2756617642967,3071.1195198780356
2030-09-16,798.3972005072261,1194.1254747724508,1590.1980490227188,2107.348714335461,3103.157754558311
2030-09-17,801.6486269852367,1193.8610954368378,1584.5141753942569,2113.3800474134905,3098.5207403211994
2030-09-18,807.7426937297021,1195.4339076007623,1593.7435799334635,2121.9729850748026,3079.944961308768
2030-09-19,813.8557828502979,1198.074015993665,1596.1824590381802,2122.9524695328982,3102.569101960605
2030-09-20,810.1381820681295,1203.6210850564419,1593.7516287156125,2120.0408324716573,3084.4729835076832
2030-09-23,810.2439391535479,1204.4431297461108,1598.2914430223345,2114.1045512208875,3084.3731833374504
2030-09-24,804.9653747562373,1200.7600332446802,1597.1802007102526,2116.332971118545,3097.002231110186
2030-09-25,817.7683581492106,1199.9162585335512,1593.9683579865748,2123.2953194829456,3101.7273180061866
2030-09-26,813.1213570304903,1206.6006483326219,1593.4559048146543,2116.8467103494518,3109.7480747006052
2030-09-27,816.5340522992241,1203.5071573836856,1595.3666353762778,2117.9785140583767,3110.4840292344456
2030-09-30,813.1564733196569,1207.8570728410266,1600.796369567412,2124.931912421304,3121.0196725532987
2030-10-01,813.8578994094298,1205.390649531902,1604.8565171098076,2128.433220564367,3143.869997446597
2030-10-02,814.7577456925335,1210.5496343284894,1606.6707829565803,2132.3508344512875,3128.9080600469833
2030-10-03,815.1480178685846,1207.3216749400337,1604.6931280394633,2131.4458989432287,3147.192235556352
2030-10-04,813.7720995129735,1217.8510902273674,1615.1908127994225,2134.428874581078,3195.12296198614
2030-10-07,813.8286051530522,1220.3854826284085,1605.1726524033413,2135.33964072151,3191.2410983869554
2030-10-08,816.1938783120754,1217.7169834318856,1613.4097753879705,2147.773538788871,3194.0078997564697
2030-10-09,807.7824177795096,1212.4791192385185,1615.9613538417175,2145.261741599466,3178.219287143827
2030-10-10,816.6497416660764,1214.0265634360985,1621.7607378515345,2150.6456167251313,3164.1608711144045
2030-10-11,818.0635973418044,1216.3953837153638,1623.6641784838316,2156.8596532386787,3167.3856701151526
2030-10-14,817.4140594134791,1210.141870255191,1615.2217469176892,2152.668252860668,3220.8655210456845
2030-10-15,812.2801599325611,1219.9583656250172,1624.4716904261672,2161.086403655605,3187.5994401427115
2030-10-16,811.3204666167809,1219.546748863575,1622.9196713566362,2155.036512993891,3221.834911680673
2030-10-17,815.9832612026352,1217.7711847906137,1621.94460953709,2151.27142842138,3196.2192155103417
2030-10-18,820.7614587594089,1223.6640043927393,1617.6614513046766,2160.577505154585,3186.746297164713
2030-10-21,823.2971373988654,1225.7618695433675,1613.3308145091287,2159.907845283103,3204.338185074766
2030-10-22,826.0871777913449,1223.6806572061448,1612.8248667851663,2159.736055963719,3188.6184357491825
2030-10-23,824.8648395625723,1221.0887507844764,1623.098858469165,2154.2827861089972,3198.8851267118544
2030-10-24,825.7504206816852,1233.4961999522768,1623.4108575320618,2165.2478311517298,3223.7562337126546
2030-10-25,826.9114411467065,1227.9119564351392,1626.7867832880293,2173.42890034244,3221.480124171408
2030-10-28,829.1818078399206,1228.8606219243588,1633.503127296969,2173.876123454602,3249.378799267035
2030-10-29,829.1445694902154,1228.7558237954127,1640.978530205588,2180.532937249861,3260.18605119301
2030-10-30,829.3383236415685,1231.0675488403822,1637.9394073343278,2176.6584793583725,3243.291784989541
2030-10-31,826.8948278166341,1233.7147729805795,1643.7463230906487,2179.9675538606202,3229.2127228258173
2030-11-01,826.3121397454936,1234.404184968582,1649.1951890103442,2183.0590667237766,3235.6669723154696
2030-11-04,833.2971740929501,1233.182899815582,1645.3566008600565,2186.3251769292765,3216.505317773597
2030-11-05,833.1877571452469,1232.356419038033,1646.5575583282707,2204.852058480042,3190.5170731140965
2030-11-06,839.9652546358636,1234.5103006508964,1647.0806038204983,2208.735437505533,3225.477788555103
2030-11-07,840.7168779805596,1242.5572826257287,1653.1758756691702,2196.1213699527602,3216.055074677754
2030-11-08,841.3778672165444,1236.9744898754716,1652.5678493168843,2208.212487839869,3264.4030410821806
2030-11-11,843.7327352866793,1238.2992541579458,1656.8144295254842,2227.7374930373253,3266.3215167549606
2030-11-12,842.8552962208472,1233.809731042772,1659.1242831306824,2235.8927542873275,3243.1260309170057
2030-11-13,826.790854091299,1246.5534181090186,1657.3131833653924,2220.2689412961445,3257.359558614456
2030-11-14,829.8183698235324,1250.1702812401202,1666.8223318525766,2234.1969951335955,3269.676968033832
2030-11-15,825.7642002884105,1250.4873908131028,1663.6028539968345,2236.07621266963,3265.9835786157087
2030-11-18,827.0269384779884,1253.9025754919694,1660.6642696657332,2234.5395353756558,3239.1836327720607
2030-11-19,826.9740307874848,1256.5850628698752,1665.1027733805213,2236.395394335523,3279.139617142223
2030-11-20,832.5855720700445,1252.9046395643736,1667.6695126939198,2246.7001159686156,3293.9477750728274
2030-11-21,835.8591225329734,1249.7979975214794,1671.9420941162884,2245.514617688307,3314.925186326647
2030-11-22,832.9366235942991,1259.0978497180001,1666.744163269925,2235.300965664219,3308.7599265094245
2030-11-25,835.1861105785537,1260.9294429132954,1676.5468783363542,2238.4183787580805,3356.4233215653994
2030-11-26,830.557438989824,1260.6814870783096,1671.2072339868428,2238.8263128389844,3327.4518616104747
2030-11-27,830.3338031078217,1262.8750521358465,1676.8823372075954,2251.112095863869,3362.912355294271
2030-11-28,832.8370305946585,1267.6404246767693,1679.7321314447163,2244.664764330196,3356.4276090293024
2030-11-29,834.0791745537501,1264.7393282455687,1687.5063223003895,2249.9655880538894,3335.4140270057896
2030-12-02,830.2564768490064,1262.8470012774494,1684.7509816921572,2251.7944417969047,3325.7278018694146
2030-12-03,832.8851341319803,1268.6235275371691,1678.61805845549,2246.2179331704565,3339.010988904759
2030-12-04,836.7757784316981,1274.9017796963262,1683.9988037257526,2253.991554075246,3341.129714788885
2030-12-05,828.3112649950074,1266.7328383008942,1688.4144342389468,2259.998289397598,3344.200552674761
2030-12-06,830.9242204179923,1270.0225738034815,1692.3585170395793,2260.0646554806312,3350.3226122318906
2030-12-09,836.5211942370289,1267.480012862321,1684.986085961384,2254.318139421024,3340.458285140675
2030-12-10,831.5494538945973,1263.2322522213137,1698.8366962301466,2266.207919272947,3366.444681111794
2030-12-11,835.896379472794,1266.4736257736545,1688.5265359162233,2268.7665331067737,3404.58573165213
2030-12-12,827.3158209083043,1267.0770955269386,1695.729554745231,2262.678533413422,3380.5105733047617
2030-12-13,835.6572701543431,1272.7227531499486,1702.60086738899,2266.0987861567473,3388.8392659992355
2030-12-16,838.0555579528034,1274.4959386668277,1705.1690749434883,2279.643159409355,3353.9433610682704
2030-12-17,841.328306831434,1281.1208176079706,1700.5555805691647,2274.83109394359,3352.104043017956
2030-12-18,830.8368261917428,1276.878850452888,1709.6580278157653,2268.603376029937,3348.899921569019
2030-12-19,831.7327204989576,1273.3976309009097,1705.288834265497,2278.0496008776163,3353.66761906554
2030-12-20,830.8025056319577,1273.732234120281,1708.8511369524035,2278.5120296221558,3388.7169138829086
2030-12-23,837.5931946052721,1278.2800165815609,1708.5180007044687,2285.4335668336644,3362.6894737803127
2030-12-24,833.3857587482481,1273.2006485170186,1718.0199057328164,2283.528278416133,3391.5005608375127
2030-12-25,835.3600581108922,1269.8183423948317,1722.417972148411,2298.833083256672,3388.1964434096612
2030-12-26,837.4494087106867,1276.4720916527008,1720.632988884418,2289.563519964558,3382.701895731748
2030-12-27,835.7457650215748,1274.998225687811,1730.404543804702,2296.534532691463,3396.263473327143
2030-12-30,826.3414205869198,1279.6908160995704,1722.9433269959545,2303.43392955641,3403.338042337936
2030-12-31,838.3951071810235,1281.2320470675247,1726.3796795586072,2291.718452502623,3431.277445975357
2031-01-01,839.7471550073292,1284.4011174738866,1724.4612010437088,2287.673351963588,3427.795259931264
2031-01-02,832.9173271754105,1285.5883001656425,1727.7388794296448,2313.2453315070043,3445.9295378381908
2031-01-03,834.1322698611222,1279.4823550011783,1726.9221614877456,2298.3419273533063,3455.6364901085894
2031-01-06,838.3153885136245,1284.4351379246732,1734.8874565391613,2284.5776291907728,3441.626882192157
2031-01-07,839.6105003580392,1282.2646613924558,1738.6069149967448,2290.3377769780373,3439.6311647860866
2031-01-08,843.136373577632,1280.7324762688806,1742.4722701149701,2295.3989896890967,3424.653925430178
2031-01-09,846.0111662915001,1291.8110196546213,1740.017370076594,2319.946619369717,3468.766417666994
2031-01-10,847.8875256019828,1293.1379865777278,1747.9509169506593,2325.615922887638,3460.3043572221754
2031-01-13,847.5699693169327,1291.2727883953019,1743.823851803209,2324.1195729393103,3501.695296465847
2031-01-14,845.8912741321193,1287.1007937216239,1751.1507779989483,2336.046539074826,3529.5906876660015
2031-01-15,846.0625970837012,1285.6992026294058,1749.400673467594,2319.1610909974397,3491.6496838192206
2031-01-16,849.3592333449205,1292.0352951453224,1745.0344878535675,2322.3585161485616,3485.566823637785
2031-01-17,847.8661555908621,1297.8432128484167,1739.3387950710069,2329.7979250855124,3504.5416171026086
2031-01-20,849.8558268242915,1299.7385957723268,1741.1810585838168,2335.601706800167,3523.4546611090623
2031-01-21,852.3587632154723,1303.0599585740306,1745.7935192640662,2339.339641990915,3526.44969661924
2031-01-22,841.9127847845924,1305.9746444655088,1753.9175538122363,2348.9675631501004,3532.3898362655045
2031-01-23,838.0744150262121,1300.699361630699,1757.0605933396882,2348.421874134513,3497.0582847504465
2031-01-24,847.0629268213851,1303.858414067308,1751.208146245575,2353.713393855968,3496.7243027460477
2031-01-27,847.707867299401,1304.5826755379794,1751.1187665410548,2359.6945458779596,3484.1740357234207
2031-01-28,845.8954359163865,1307.401539416095,1747.4250853977705,2365.4175530572784,3506.0584832497407
2031-01-29,851.8198249130369,1309.308839370355,1758.9852748084363,2354.4105646375206,3496.6203074610016
2031-01-30,850.4756435680197,1314.1421245245751,1753.6361585272907,2352.502328570399,3520.961497236417
2031-01-31,851.7103175644714,1317.4797525582842,1759.1595364440159,2356.816100116409,3550.4029435766984
2031-02-03,858.1220018455809,1318.6551075289558,1756.6002623468,2359.8605140519703,3546.371873856989
2031-02-04,856.2490460561297,1316.1399081641366,1760.7545343746326,2361.8202402157885,3533.1445181941604
2031-02-05,869.0002475349244,1327.2579555291125,1764.4656069560892,2366.8014804289346,3563.443743601086
2031-02-06,865.2280684673049,1318.8053771814646,1763.8719361407266,2367.1933520000616,3538.7445131941736
2031-02-07,860.7251937095535,1323.467635065269,1764.8421405809745,2375.477340101338,3558.2806855506565
2031-02-10,869.287886441718,1323.6613499239631,1775.84979566855,2371.7683472183035,3554.546227311836
2031-02-11,862.1704067963329,1329.5726320560825,1763.9228581933558,2378.314512113371,3549.3222518621938
2031-02-12,870.2830068746788,1329.1052735991543,1774.9267849710238,2393.1208284749773,3547.488098769979
2031-02-13,864.3916940292776,1335.289972179348,1772.4748708097686,2402.5623016264576,3524.5974805170636
2031-02-14,866.4557692631561,1335.9745510368625,1779.652429073818,2403.977435839208,3541.231197948836
2031-02-17,869.8771721578008,1338.1227734687034,1779.475817140317,2409.5079190701554,3563.779518668515
2031-02-18,871.7099109543348,1338.1804940446998,1776.6124927939084,2415.6549632894994,3543.18329504377
2031-02-19,869.4363538507072,1338.080594228434,1788.603132215533,2419.975940074739,3549.657108480947
2031-02-20,870.1705882868337,1336.8890913431735,1789.663131761546,2408.78269858116,3534.4409210724857
2031-02-21,862.1075484655278,1337.8181699350941,1782.4368350677755,2414.009200263529,3537.9619474088036
2031-02-24,862.3590575009911,1333.7692610974746,1780.1112875310066,2412.5511544973997,3569.161047034961
2031-02-25,862.193464373347,1328.0800098925788,1784.8690107981442,2418.2221643694456,3578.519217872606
2031-02-26,863.8923814635286,1339.6505812405035,1777.0714171851832,2404.8897547638257,3583.348973411621
2031-02-27,858.7857108283093,1350.9892901088865,1772.503212853724,2405.3072611631296,3579.0734115248697
2031-02-28,862.3730005590971,1345.2530410079705,1772.350585764872,2406.203985602568,3586.8753352735225
2031-03-03,859.0031730288505,1337.3446140061214,1773.860364043613,2403.981716204322,3602.0309759869697
2031-03-04,864.5998392866973,1337.3153589771464,1780.9731162443964,2413.433946256041,3578.419991694415
2031-03-05,866.921577124325,1330.228558382764,1780.9119260012967,2427.4409526039894,3588.4873474111873
2031-03-06,870.7096003959745,1336.5058288167995,1780.9086030991054,2434.5002995997334,3591.8431084412223
2031-03-07,870.2103238992295,1338.3644489157718,1785.4777002156293,2423.915418716233,3613.4649710011404
2031-03-10,868.0499179796575,1347.543531781955,1783.4679573683484,2424.3066922520284,3637.391751107147
2031-03-11,869.3946109986223,1352.6806425780828,1799.1461371820378,2422.070483847841,3607.8769546675744
2031-03-12,873.3900924823015,1352.6602413577198,1800.976799155941,2423.0935422623024,3631.5141974113917
2031-03-13,872.7398075939323,1352.3230923129238,1796.8812134690393,2426.2151666637483,3629.4845738943923
2031-03-14,870.3477291935912,1351.3558693211808,1804.5489228284196,2453.0447474528964,3651.4085677740104
2031-03-17,878.1619099797125,1340.3550495814338,1806.1384936029021,2453.883099800766,3677.3169973118174
2031-03-18,870.972271740955,1338.20835616807,1808.5196337758102,2463.970482691203,3696.636335507073
2031-03-19,871.5346157923208,1346.3936221946014,1806.0167066019653,2455.383242111626,3659.4551876262935
2031-03-20,862.63683472555,1345.9974280820327,1808.4865813927236,2444.3215994424413,3648.844988184748
2031-03-21,869.495591437951,1356.6330158008009,1811.7105858164923,2452.9481747071272,3645.5983950966724
2031-03-24,869.7008269015557,1354.7980218782695,1814.533824032925,2469.529080237403,3648.5801617749325
2031-03-25,869.8325328858275,1353.6104674076023,1816.0796873354725,2468.6666287765256,3676.0842683541637
2031-03-26,879.6710862045865,1349.6037205800606,1818.6004441411715,2461.336263314025,3682.189212382691
2031-03-27,877.3972089780015,1353.6459326489012,1823.4683462986063,2468.2693533532156,3711.44225402443
2031-03-28,872.2773836777675,1358.8470941472624,1820.592407898241,2465.9558454068824,3701.0750647296277
